国連による世界地理区分,国・地域名,国内の大まかな地域,言語の日本語名,文字体系,特徴となる文字形,冠詞・前置詞等／短い看板語,見分け方・混同注意,公的地位・看板での扱い,地域の解説,地図番号,地図帳ページ,地域ID,言語ID,経度,緯度,範囲の性質,統計ID,参照資料ID,地域・制度の出典URL,文字の出典URL,大文字形（機械的な対応・例外は解説）
北ヨーロッパ,イギリス,全域（基本の表示）,英語,Latin,th sh wh,the / of / road,基本26字だけでは他のラテン文字言語と区別しにくい。英語の案内は各国にある。,全国の事実上の共通語・主要公共表示,英語は全国の事実上の共通語。英国全体を対象とする単一の法定公用語指定とは区別。,1,3,gbr-base,en,-1.90973,54.31035,国・地域の外形,,UK,https://www.gov.uk/government/publications/toponymic-guidelines/toponymic-guidelines-for-map-and-other-editors-united-kingdom-of-great-britain-and-northern-ireland--2,https://raw.githubusercontent.com/unicode-org/cldr/fc1fd058cc6f50544a450a3b15a4bba0e0c1e653/common/main/en.xml,TH SH WH
北ヨーロッパ,アイルランド,全域（基本の表示）,英語,Latin,th sh wh,the / of / road,基本26字だけでは他のラテン文字言語と区別しにくい。英語の案内は各国にある。,全国の公用語・主要公共表示,アイルランド語が第一公用語、英語が第二公用語。道路標識では全国的に両語を確認できる。,2,3,irl-base,en,-7.95881,53.41608,国・地域の外形,,IRISH-SIGN,https://www.tii.ie/media/3pumnn4c/tii-scheme-3-english.pdf,https://raw.githubusercontent.com/unicode-org/cldr/fc1fd058cc6f50544a450a3b15a4bba0e0c1e653/common/main/en.xml,TH SH WH
北ヨーロッパ,アイルランド,全域（基本の表示）,アイルランド語,Latin,á é í ó ú,an / na / agus,母音の右上がりのアクセント。スコットランド・ゲール語のà・èと比較。,全国の公用語・主要公共表示,アイルランド語が第一公用語、英語が第二公用語。道路標識では全国的に両語を確認できる。,2,3,irl-base,ga,-7.95881,53.41608,国・地域の外形,,IRISH-SIGN,https://www.tii.ie/media/3pumnn4c/tii-scheme-3-english.pdf,https://raw.githubusercontent.com/unicode-org/cldr/fc1fd058cc6f50544a450a3b15a4bba0e0c1e653/common/main/ga.xml,Á É Í Ó Ú
北ヨーロッパ,マン島,全域（基本の表示）,英語,Latin,th sh wh,the / of / road,基本26字だけでは他のラテン文字言語と区別しにくい。英語の案内は各国にある。,全国の公用語・主要公共表示,英語にマン島語の地名・公共表示を併記する例。,3,3,imn-base,en,-4.50777,54.24934,国・地域の外形,,MANX,https://www.douglas.gov.im/~documents/democratic-services/council-meetings-agendas-minutes/public-agenda-13-12-23/?layout=file,https://raw.githubusercontent.com/unicode-org/cldr/fc1fd058cc6f50544a450a3b15a4bba0e0c1e653/common/main/en.xml,TH SH WH
北ヨーロッパ,マン島,全域（基本の表示）,マン島語,Latin,çh yn oo,yn / ny / as,çhとynが補助になる。通常の英語標識も多い。,地域言語の地名・公共表示,英語にマン島語の地名・公共表示を併記する例。,3,3,imn-base,gv,-4.50777,54.24934,国・地域の外形,,MANX,https://www.douglas.gov.im/~documents/democratic-services/council-meetings-agendas-minutes/public-agenda-13-12-23/?layout=file,https://raw.githubusercontent.com/unicode-org/cldr/fc1fd058cc6f50544a450a3b15a4bba0e0c1e653/common/main/gv.xml,ÇH YN OO
北ヨーロッパ,イギリス,南西部（ウェールズ）,ウェールズ語,Latin,ŵ ŷ ll dd ff,y / yr / a,ll・dd・ffとw/yの多い地名が手掛かり。wだけでは判定しない。,ウェールズの公用語・英語との併記,英語との併記。ウェールズの行政区をまとめた範囲。,4,4,gbr-wales,cy,-3.61421,52.37299,行政区を使った位置の概略,welsh-all; welsh-gwynedd; welsh-anglesey; welsh-ceredigion,UK; WELSH,https://www.gov.uk/government/publications/toponymic-guidelines/toponymic-guidelines-for-map-and-other-editors-united-kingdom-of-great-britain-and-northern-ireland--2; https://www.welshlanguagecommissioner.wales/policy-and-research/the-position-of-the-welsh-language/2021-census,https://raw.githubusercontent.com/unicode-org/cldr/fc1fd058cc6f50544a450a3b15a4bba0e0c1e653/common/main/cy.xml,Ŵ Ŷ LL DD FF
北ヨーロッパ,イギリス,北西部・北西沖の島々,スコットランド・ゲール語,Latin,à è ì ò ù,an / na / agus,母音の左上がりのアクセント。アイルランド語と文字列を共有する。,スコットランドの公用語・一部道路等に併記,ゲール語併記の幹線・自治体表示。東・南側の一部幹線にも続く。,5,4,gbr-gaelic,gd,-4.65553,56.98772,行政区を使った位置の概略,gaelic-islands,UK; GAELIC-SIGN; GAELIC-STAT,https://www.gov.uk/government/publications/toponymic-guidelines/toponymic-guidelines-for-map-and-other-editors-united-kingdom-of-great-britain-and-northern-ireland--2; https://www.transport.gov.scot/media/48722/guidance-on-the-use-of-bilingual-gaelic-english-traffic-signs-in-scotland.pdf; https://www.gov.scot/publications/national-islands-plan-2/pages/10/,https://raw.githubusercontent.com/unicode-org/cldr/fc1fd058cc6f50544a450a3b15a4bba0e0c1e653/common/main/gd.xml,À È Ì Ò Ù
北ヨーロッパ,イギリス,北部（スコットランド）,スコッツ語,Latin,ae aa oo,aye / o / brae,英語に近い綴り。英語と同じ看板も多く、文字だけでは断定できない。,地域の公用語／地名・文化表示,2025年法による公的地位。英語と同形の地名が多く、道路の主表示を一律にスコッツ語とはしない。,6,4,gbr-scots,sco,-3.87779,56.66822,国の外形で切り取った概略範囲,,UK,https://www.gov.uk/government/publications/toponymic-guidelines/toponymic-guidelines-for-map-and-other-editors-united-kingdom-of-great-britain-and-northern-ireland--2,https://www.omniglot.com/writing/scots.htm,AE AA OO
北ヨーロッパ,イギリス,南西端（コーンウォール）,コーンウォール語,Latin,yw dh ow,an / ha / Kernow,固有の追加文字より、Kernow・Kernow a'gas dynnerghなどを補助にする。,地域言語の地名・公共表示,新しい街路名板などに併記。幹線道路がすべて併記とは限らない。,7,4,gbr-cornwall,kw,-4.63361,50.44592,行政区を使った位置の概略,,CORNISH; UK,https://www.cornwall.gov.uk/planning-and-building-control/property-and-street-naming-and-numbering/street-nameplates/; https://www.gov.uk/government/publications/toponymic-guidelines/toponymic-guidelines-for-map-and-other-editors-united-kingdom-of-great-britain-and-northern-ireland--2,https://raw.githubusercontent.com/unicode-org/cldr/fc1fd058cc6f50544a450a3b15a4bba0e0c1e653/common/main/kw.xml,YW DH OW
北ヨーロッパ,イギリス,西の島の北東部（北アイルランド）,アイルランド語,Latin,á é í ó ú,an / na / agus,母音の右上がりのアクセント。スコットランド・ゲール語のà・èと比較。,地域言語の地名・公共表示,自治体・街路によってアイルランド語を併記。地域全域の一様な表示ではない。,8,4,gbr-northern-ireland,ga,-6.89678,54.64846,国の外形で切り取った概略範囲,,UK; CHARTER,https://www.gov.uk/government/publications/toponymic-guidelines/toponymic-guidelines-for-map-and-other-editors-united-kingdom-of-great-britain-and-northern-ireland--2; https://rm.coe.int/november-2022-revised-table-languages-covered-english-/1680a8fef4,https://raw.githubusercontent.com/unicode-org/cldr/fc1fd058cc6f50544a450a3b15a4bba0e0c1e653/common/main/ga.xml,Á É Í Ó Ú
北ヨーロッパ,アイルランド,西岸・北西岸（ゴールウェイなど）,アイルランド語,Latin,á é í ó ú,an / na / agus,母音の右上がりのアクセント。スコットランド・ゲール語のà・èと比較。,公用語が目立つ地区の位置,ゲールタハトはこの中の飛び地状の地区。県全域が言語地域という意味ではない。,9,4,irl-gaeltacht,ga,-9.14197,53.65516,行政区を使った位置の概略,,GAELTACHT; IRISH-SIGN,https://www.gov.ie/en/department-of-rural-and-community-development-and-the-gaeltacht/policies/an-ghaeltacht/; https://www.tii.ie/media/3pumnn4c/tii-scheme-3-english.pdf,https://raw.githubusercontent.com/unicode-org/cldr/fc1fd058cc6f50544a450a3b15a4bba0e0c1e653/common/main/ga.xml,Á É Í Ó Ú
北ヨーロッパ,ジャージー,全域（基本の表示）,英語,Latin,th sh wh,the / of / road,基本26字だけでは他のラテン文字言語と区別しにくい。英語の案内は各国にある。,全国の公用語・主要公共表示,英語の案内と、フランス語・ジャージー語由来の地名。すべての標識が3言語ではない。,10,5,jey-base,en,-2.126,49.22387,国・地域の外形,,JERSEY,https://sthelier.je/wp-content/uploads/sites/14/2023/02/120220-A-Agenda-Minutes.pdf,https://raw.githubusercontent.com/unicode-org/cldr/fc1fd058cc6f50544a450a3b15a4bba0e0c1e653/common/main/en.xml,TH SH WH
北ヨーロッパ,ジャージー,全域（基本の表示）,フランス語,Latin,ç œ é è ê,le / la / de / rue,çは他言語にもある。rue・du・desと合わせる。,歴史的地名・街路名,英語の案内と、フランス語・ジャージー語由来の地名。すべての標識が3言語ではない。,10,5,jey-base,fr,-2.126,49.22387,国・地域の外形,,JERSEY,https://sthelier.je/wp-content/uploads/sites/14/2023/02/120220-A-Agenda-Minutes.pdf,https://raw.githubusercontent.com/unicode-org/cldr/fc1fd058cc6f50544a450a3b15a4bba0e0c1e653/common/main/fr.xml,Ç Œ É È Ê
北ヨーロッパ,ジャージー,全域（基本の表示）,ジャージー語（ジェリエー）,Latin,ê î û ç,la / l' / rue,フランス語と似たノルマン語の島嶼方言。道路名と英語の併用が補助。,地域言語の街路名・公共表示,英語の案内と、フランス語・ジャージー語由来の地名。すべての標識が3言語ではない。,10,5,jey-base,nrf_JE,-2.126,49.22387,国・地域の外形,,JERSEY,https://sthelier.je/wp-content/uploads/sites/14/2023/02/120220-A-Agenda-Minutes.pdf,https://www.omniglot.com/writing/jerriais.htm,Ê Î Û Ç
北ヨーロッパ,ガーンジー,全域（基本の表示）,英語,Latin,th sh wh,the / of / road,基本26字だけでは他のラテン文字言語と区別しにくい。英語の案内は各国にある。,全国の公用語・主要公共表示,主表示は英語。フランス語・ガーンジー語の歴史的地名が残る。,11,5,ggy-base,en,-2.54455,49.48518,国・地域の外形,,GUERNSEY,https://www.visitguernsey.com/articles/2020/which-languages-are-spoken-in-guernsey,https://raw.githubusercontent.com/unicode-org/cldr/fc1fd058cc6f50544a450a3b15a4bba0e0c1e653/common/main/en.xml,TH SH WH
北ヨーロッパ,ガーンジー,全域（基本の表示）,フランス語,Latin,ç œ é è ê,le / la / de / rue,çは他言語にもある。rue・du・desと合わせる。,歴史的地名・街路名,主表示は英語。フランス語・ガーンジー語の歴史的地名が残る。,11,5,ggy-base,fr,-2.54455,49.48518,国・地域の外形,,GUERNSEY,https://www.visitguernsey.com/articles/2020/which-languages-are-spoken-in-guernsey,https://raw.githubusercontent.com/unicode-org/cldr/fc1fd058cc6f50544a450a3b15a4bba0e0c1e653/common/main/fr.xml,Ç Œ É È Ê
北ヨーロッパ,ガーンジー,全域（基本の表示）,ガーンジー語（ガーンジア）,Latin,â ê î ô û,la / lé,ノルマン語の島嶼方言。地名はフランス語に似ており字形単独で島を分けない。,地域言語の地名・文化表示,主表示は英語。フランス語・ガーンジー語の歴史的地名が残る。,11,5,ggy-base,nrf_GG,-2.54455,49.48518,国・地域の外形,,GUERNSEY,https://www.visitguernsey.com/articles/2020/which-languages-are-spoken-in-guernsey,https://www.omniglot.com/writing/guernesiais.htm,Â Ê Î Ô Û
北ヨーロッパ,アイスランド,全域（基本の表示）,アイスランド語,Latin,þ ð æ ö,og / á / í,þとðの組合せが強い手掛かり。þの大文字はÞ。,全国の公用語・主要公共表示,観光地の英語訳・ラテン文字への転写は他国でも現れる。固有の文字と短い語を組み合わせる。,12,6,isl-base,is,-18.46095,64.96471,国・地域の外形,,CLDR-T,https://www.unicode.org/cldr/charts/48/supplemental/territory_language_information.html,https://raw.githubusercontent.com/unicode-org/cldr/fc1fd058cc6f50544a450a3b15a4bba0e0c1e653/common/main/is.xml,Þ Ð Æ Ö
北ヨーロッパ,フェロー諸島,全域（基本の表示）,フェロー語,Latin,ð ø æ,og / í / á,ðとøの併存。アイスランド語は通常øを使わず、デンマーク語はðを使わない。,全国の公用語・主要公共表示,日常の主表示はフェロー語。デンマーク語はデンマーク管轄機関などで使用。,13,6,fro-base,fo,-7.22696,62.09716,国・地域の外形,,FAROE,https://vs.cdn.fo/media/1861/national-handbook-online-version.pdf,https://raw.githubusercontent.com/unicode-org/cldr/fc1fd058cc6f50544a450a3b15a4bba0e0c1e653/common/main/fo.xml,Ð Ø Æ
北ヨーロッパ,フェロー諸島,全域（基本の表示）,デンマーク語,Latin,æ ø å,og / af / vej,文字はノルウェー語とほぼ共通。vejなどを補助にする。,デンマーク管轄機関などの行政用語,日常の主表示はフェロー語。デンマーク語はデンマーク管轄機関などで使用。,13,6,fro-base,da,-7.22696,62.09716,国・地域の外形,,FAROE,https://vs.cdn.fo/media/1861/national-handbook-online-version.pdf,https://raw.githubusercontent.com/unicode-org/cldr/fc1fd058cc6f50544a450a3b15a4bba0e0c1e653/common/main/da.xml,Æ Ø Å
北ヨーロッパ,スヴァールバル諸島・ヤンマイエン島,全域（基本の表示）,ノルウェー語（ブークモール）,Latin,æ ø å,og / av / vei,デンマーク語と同じ追加3字。vei/vegの揺れだけで国を決めない。,全国の公用語・主要公共表示,観光地の英語訳・ラテン文字への転写は他国でも現れる。固有の文字と短い語を組み合わせる。,14,6,sjm-base,nb,22.68487,79.85796,国・地域の外形,,NOR,https://unstats.un.org/unsd/ungegn/sessions/4th_session_2025/documents/GEGN.2_2025_12_CRP12_item7d.pdf,https://raw.githubusercontent.com/unicode-org/cldr/fc1fd058cc6f50544a450a3b15a4bba0e0c1e653/common/main/no.xml,Æ Ø Å
北ヨーロッパ,スヴァールバル諸島・ヤンマイエン島,西側の鉱山集落（バレンツブルクなど）,ロシア語,Cyrillic,ы э ё ъ,и / в / улица,ы・эはベラルーシ語やロシア内の諸語も共有。ёの点が省かれる例もある。,鉱山集落・施設の地域表示,ノルウェー主権下でもロシア語の集落がある。ピラミデンなどの歴史的表示も候補。島全体の公用語ではない。,15,6,sjm-russian,ru,14.23,78.06,代表地点。周辺全体を意味しない,,SVALBARD,https://en.visitsvalbard.com/dbimgs/THEHISTORYOFSVALBARD.pdf,https://raw.githubusercontent.com/unicode-org/cldr/fc1fd058cc6f50544a450a3b15a4bba0e0c1e653/common/main/ru.xml,Ы Э Ё Ъ
北ヨーロッパ,デンマーク,全域（基本の表示）,デンマーク語,Latin,æ ø å,og / af / vej,文字はノルウェー語とほぼ共通。vejなどを補助にする。,全国の公用語・主要公共表示,観光地の英語訳・ラテン文字への転写は他国でも現れる。固有の文字と短い語を組み合わせる。,16,7,dnk-base,da,9.24499,56.26124,国・地域の外形,,CLDR-T,https://www.unicode.org/cldr/charts/48/supplemental/territory_language_information.html,https://raw.githubusercontent.com/unicode-org/cldr/fc1fd058cc6f50544a450a3b15a4bba0e0c1e653/common/main/da.xml,Æ Ø Å
北ヨーロッパ,ノルウェー,全域（基本の表示）,ノルウェー語（ブークモール）,Latin,æ ø å,og / av / vei,デンマーク語と同じ追加3字。vei/vegの揺れだけで国を決めない。,全国の公用語・主要公共表示,2つのノルウェー語書記標準。地名のveg/veiだけでは境界を断定できない。,17,7,nor-base,nb,12.68562,64.5644,国・地域の外形,,NOR,https://unstats.un.org/unsd/ungegn/sessions/4th_session_2025/documents/GEGN.2_2025_12_CRP12_item7d.pdf,https://raw.githubusercontent.com/unicode-org/cldr/fc1fd058cc6f50544a450a3b15a4bba0e0c1e653/common/main/no.xml,Æ Ø Å
北ヨーロッパ,ノルウェー,全域（基本の表示）,ノルウェー語（ニーノシュク）,Latin,æ ø å,og / ikkje / veg,ブークモールと文字集合を共有。西部の地名・公共表示の補助。,全国の公用語・主要公共表示,2つのノルウェー語書記標準。地名のveg/veiだけでは境界を断定できない。,17,7,nor-base,nn,12.68562,64.5644,国・地域の外形,,NOR,https://unstats.un.org/unsd/ungegn/sessions/4th_session_2025/documents/GEGN.2_2025_12_CRP12_item7d.pdf,https://raw.githubusercontent.com/unicode-org/cldr/fc1fd058cc6f50544a450a3b15a4bba0e0c1e653/common/main/no.xml,Æ Ø Å
北ヨーロッパ,スウェーデン,全域（基本の表示）,スウェーデン語,Latin,å ä ö,och / av / väg,ochがデンマーク語・ノルウェー語のogとの比較に役立つ。,全国の公用語・主要公共表示,観光地の英語訳・ラテン文字への転写は他国でも現れる。固有の文字と短い語を組み合わせる。,18,7,swe-base,sv,14.9052,62.18269,国・地域の外形,,SWE,https://assets.publishing.service.gov.uk/media/69b175fc1daa1b70ca2331ae/Sweden_Toponymic_Factfile.pdf,https://raw.githubusercontent.com/unicode-org/cldr/fc1fd058cc6f50544a450a3b15a4bba0e0c1e653/common/main/sv.xml,Å Ä Ö
北ヨーロッパ,デンマーク,南端・ドイツ国境近く,ドイツ語,Latin,ä ö ü ß,der / die / und / Straße,ßが有力。大文字ではSSも使う。スイス・リヒテンシュタインでは通常ss。,少数言語の学校・文化施設表示,ドイツ系施設などの局所的手掛かり。国の道路標識の主言語ではない。,19,7,dnk-german,de,9.42,55.04,代表地点。周辺全体を意味しない,,CHARTER,https://rm.coe.int/november-2022-revised-table-languages-covered-english-/1680a8fef4,https://raw.githubusercontent.com/unicode-org/cldr/fc1fd058cc6f50544a450a3b15a4bba0e0c1e653/common/main/de.xml,Ä Ö Ü SS
北ヨーロッパ,ノルウェー,西岸・南西部,ノルウェー語（ニーノシュク）,Latin,æ ø å,og / ikkje / veg,ブークモールと文字集合を共有。西部の地名・公共表示の補助。,地域言語の地名・公共表示,ニーノシュク採用自治体が多い地域の概略。内部にはブークモール自治体もある。,20,7,nor-nynorsk-west,nn,8.04882,60.49775,国の外形で切り取った概略範囲,,NOR,https://unstats.un.org/unsd/ungegn/sessions/4th_session_2025/documents/GEGN.2_2025_12_CRP12_item7d.pdf,https://raw.githubusercontent.com/unicode-org/cldr/fc1fd058cc6f50544a450a3b15a4bba0e0c1e653/common/main/no.xml,Æ Ø Å
北ヨーロッパ,フィンランド,全域（基本の表示）,フィンランド語,Latin,ä ö aa ii kk,ja / tie / katu,二重母音・二重子音、tie/katu。åはアルファベットにあるが借用語・スウェーデン系名中心。,全国の公用語・主要公共表示,国の公用語は2言語。スウェーデン語の地域的集中は沿岸の拡大図を参照。,21,8,fin-base,fi,27.42223,64.93895,国・地域の外形,fin-fi,FIN,https://unstats.un.org/unsd/ungegn/sessions/4th_session_2025/documents/Toponymic_guidelines_2025.pdf,https://raw.githubusercontent.com/unicode-org/cldr/fc1fd058cc6f50544a450a3b15a4bba0e0c1e653/common/main/fi.xml,Ä Ö AA II KK
北ヨーロッパ,フィンランド,全域（基本の表示）,スウェーデン語,Latin,å ä ö,och / av / väg,ochがデンマーク語・ノルウェー語のogとの比較に役立つ。,全国の公用語・主要公共表示,国の公用語は2言語。スウェーデン語の地域的集中は沿岸の拡大図を参照。,21,8,fin-base,sv,27.42223,64.93895,国・地域の外形,fin-sv,FIN,https://unstats.un.org/unsd/ungegn/sessions/4th_session_2025/documents/Toponymic_guidelines_2025.pdf,https://raw.githubusercontent.com/unicode-org/cldr/fc1fd058cc6f50544a450a3b15a4bba0e0c1e653/common/main/sv.xml,Å Ä Ö
北ヨーロッパ,オーランド諸島,全域（基本の表示）,スウェーデン語,Latin,å ä ö,och / av / väg,ochがデンマーク語・ノルウェー語のogとの比較に役立つ。,全国の公用語・主要公共表示,観光地の英語訳・ラテン文字への転写は他国でも現れる。固有の文字と短い語を組み合わせる。,22,8,ala-base,sv,19.93877,60.22842,国・地域の外形,,FIN,https://unstats.un.org/unsd/ungegn/sessions/4th_session_2025/documents/Toponymic_guidelines_2025.pdf,https://raw.githubusercontent.com/unicode-org/cldr/fc1fd058cc6f50544a450a3b15a4bba0e0c1e653/common/main/sv.xml,Å Ä Ö
北ヨーロッパ,フィンランド,西岸（ヴァーサ周辺）,スウェーデン語,Latin,å ä ö,och / av / väg,ochがデンマーク語・ノルウェー語のogとの比較に役立つ。,地域言語の地名・公共表示,海岸寄りのスウェーデン語・二言語自治体。内陸全域の使用を意味しない。,23,8,fin-swedish-west,sv,22.08833,63.06093,行政区を使った位置の概略,fin-sv,FIN,https://unstats.un.org/unsd/ungegn/sessions/4th_session_2025/documents/Toponymic_guidelines_2025.pdf,https://raw.githubusercontent.com/unicode-org/cldr/fc1fd058cc6f50544a450a3b15a4bba0e0c1e653/common/main/sv.xml,Å Ä Ö
北ヨーロッパ,フィンランド,南岸・南西の島々,スウェーデン語,Latin,å ä ö,och / av / väg,ochがデンマーク語・ノルウェー語のogとの比較に役立つ。,地域言語の地名・公共表示,ヘルシンキ周辺を含む沿岸の二言語表示。,24,8,fin-swedish-south,sv,23.71764,60.15272,国の外形で切り取った概略範囲,fin-sv,FIN,https://unstats.un.org/unsd/ungegn/sessions/4th_session_2025/documents/Toponymic_guidelines_2025.pdf,https://raw.githubusercontent.com/unicode-org/cldr/fc1fd058cc6f50544a450a3b15a4bba0e0c1e653/common/main/sv.xml,Å Ä Ö
北ヨーロッパ,ノルウェー,北端・北東部（フィンマルク）,北サーミ語,Latin,č đ ŋ š ŧ ž,ja / geaidnu,追加子音が多い。ノルウェー・スウェーデン・フィンランドにまたがる。,地域言語の地名・公共表示,法定の多言語地名・標識。塗色内の自治体や道路で表示の有無が異なる。,25,9,nor-sami-north,se,24.18144,69.84006,国の外形で切り取った概略範囲,,NOR,https://unstats.un.org/unsd/ungegn/sessions/4th_session_2025/documents/GEGN.2_2025_12_CRP12_item7d.pdf,https://raw.githubusercontent.com/unicode-org/cldr/fc1fd058cc6f50544a450a3b15a4bba0e0c1e653/common/main/se.xml,Č Đ Ŋ Š Ŧ Ž
北ヨーロッパ,ノルウェー,北部（ボードーの北東）,ルレ・サーミ語,Latin,á å ń,ja / várre,北サーミ語とは字形を共有する。国境を越える言語。,地域言語の地名・公共表示,法定の多言語地名・標識。塗色内の自治体や道路で表示の有無が異なる。,26,9,nor-sami-lule,smj,16.1,68.05,代表地点。周辺全体を意味しない,,NOR,https://unstats.un.org/unsd/ungegn/sessions/4th_session_2025/documents/GEGN.2_2025_12_CRP12_item7d.pdf,https://raw.githubusercontent.com/unicode-org/cldr/fc1fd058cc6f50544a450a3b15a4bba0e0c1e653/common/main/smj.xml,Á Å Ń
北ヨーロッパ,ノルウェー,中部（トロンハイムの北東・山地）,南サーミ語,Latin,å ä ö,jïh / vaerie,jïhやvaerieが補助。スウェーデン語と似た母音だけでは分けられない。,地域言語の地名・公共表示,法定の多言語地名・標識。塗色内の自治体や道路で表示の有無が異なる。,27,9,nor-sami-south,sma,11.814,63.74679,国の外形で切り取った概略範囲,,NOR,https://unstats.un.org/unsd/ungegn/sessions/4th_session_2025/documents/GEGN.2_2025_12_CRP12_item7d.pdf,https://raw.githubusercontent.com/unicode-org/cldr/fc1fd058cc6f50544a450a3b15a4bba0e0c1e653/common/main/sma.xml,Å Ä Ö
北ヨーロッパ,ノルウェー,北東部（フィンランド国境近く）,クヴェン語,Latin,ä ö đ aa,ja / joki / järvi,フィンランド語に非常に近い。北ノルウェーでの併記が位置の手掛かり。,地域言語の地名・公共表示,法定の多言語地名・標識。塗色内の自治体や道路で表示の有無が異なる。,28,9,nor-kven,fkv,25.48308,70.0041,国の外形で切り取った概略範囲,,NOR,https://unstats.un.org/unsd/ungegn/sessions/4th_session_2025/documents/GEGN.2_2025_12_CRP12_item7d.pdf,https://unstats.un.org/unsd/ungegn/sessions/4th_session_2025/documents/GEGN.2_2025_12_CRP12_item7d.pdf,Ä Ö Đ AA
北ヨーロッパ,スウェーデン,北端（キルナ周辺）,北サーミ語,Latin,č đ ŋ š ŧ ž,ja / geaidnu,追加子音が多い。ノルウェー・スウェーデン・フィンランドにまたがる。,地域言語の地名・公共表示,伝統的な地名とスウェーデン語の併記が手掛かり。実際の表示地点は範囲内の一部。,29,9,swe-sami-north,se,20.0,67.33403,国の外形で切り取った概略範囲,,SWE,https://assets.publishing.service.gov.uk/media/69b175fc1daa1b70ca2331ae/Sweden_Toponymic_Factfile.pdf,https://raw.githubusercontent.com/unicode-org/cldr/fc1fd058cc6f50544a450a3b15a4bba0e0c1e653/common/main/se.xml,Č Đ Ŋ Š Ŧ Ž
北ヨーロッパ,スウェーデン,北部（ヨックモック周辺）,ルレ・サーミ語,Latin,á å ń,ja / várre,北サーミ語とは字形を共有する。国境を越える言語。,地域言語の地名・公共表示,伝統的な地名とスウェーデン語の併記が手掛かり。実際の表示地点は範囲内の一部。,30,9,swe-sami-lule,smj,19.84,66.61,代表地点。周辺全体を意味しない,,SWE,https://assets.publishing.service.gov.uk/media/69b175fc1daa1b70ca2331ae/Sweden_Toponymic_Factfile.pdf,https://raw.githubusercontent.com/unicode-org/cldr/fc1fd058cc6f50544a450a3b15a4bba0e0c1e653/common/main/smj.xml,Á Å Ń
北ヨーロッパ,スウェーデン,中北部の西側山地,南サーミ語,Latin,å ä ö,jïh / vaerie,jïhやvaerieが補助。スウェーデン語と似た母音だけでは分けられない。,地域言語の地名・公共表示,伝統的な地名とスウェーデン語の併記が手掛かり。実際の表示地点は範囲内の一部。,31,10,swe-sami-south,sma,14.05495,63.38467,国の外形で切り取った概略範囲,,SWE,https://assets.publishing.service.gov.uk/media/69b175fc1daa1b70ca2331ae/Sweden_Toponymic_Factfile.pdf,https://raw.githubusercontent.com/unicode-org/cldr/fc1fd058cc6f50544a450a3b15a4bba0e0c1e653/common/main/sma.xml,Å Ä Ö
北ヨーロッパ,スウェーデン,北東端・フィンランド国境近く,メアンキエリ,Latin,ä ö aa,ja / Tornionlaakso,フィンランド語と字形を共有。スウェーデン北東部の併記で絞る。,地域言語の地名・公共表示,伝統的な地名とスウェーデン語の併記が手掛かり。実際の表示地点は範囲内の一部。,32,10,swe-meankieli,fit,22.93751,66.93213,国の外形で切り取った概略範囲,,SWE,https://assets.publishing.service.gov.uk/media/69b175fc1daa1b70ca2331ae/Sweden_Toponymic_Factfile.pdf,https://assets.publishing.service.gov.uk/media/69b175fc1daa1b70ca2331ae/Sweden_Toponymic_Factfile.pdf,Ä Ö AA
北ヨーロッパ,フィンランド,北端（ウツヨキなど）,北サーミ語,Latin,č đ ŋ š ŧ ž,ja / geaidnu,追加子音が多い。ノルウェー・スウェーデン・フィンランドにまたがる。,地域言語の地名・公共表示,サーミ語地域内でも言語ごとに使用地が異なる。,33,10,fin-sami-north,se,27.11873,69.18627,国の外形で切り取った概略範囲,fin-se,FIN,https://unstats.un.org/unsd/ungegn/sessions/4th_session_2025/documents/Toponymic_guidelines_2025.pdf,https://raw.githubusercontent.com/unicode-org/cldr/fc1fd058cc6f50544a450a3b15a4bba0e0c1e653/common/main/se.xml,Č Đ Ŋ Š Ŧ Ž
北ヨーロッパ,フィンランド,北部イナリ湖周辺,イナリ・サーミ語,Latin,â č đ ŋ,já / Aanaar,âと追加子音の組合せ。イナリ周辺の多言語表示を確認。,地域言語の地名・公共表示,サーミ語地域内でも言語ごとに使用地が異なる。,34,10,fin-sami-inari,smn,27.02,68.91,代表地点。周辺全体を意味しない,fin-se,FIN,https://unstats.un.org/unsd/ungegn/sessions/4th_session_2025/documents/Toponymic_guidelines_2025.pdf,https://raw.githubusercontent.com/unicode-org/cldr/fc1fd058cc6f50544a450a3b15a4bba0e0c1e653/common/main/smn.xml,Â Č Đ Ŋ
北ヨーロッパ,フィンランド,北東端（セヴェッティヤルヴィ周辺）,スコルト・サーミ語,Latin,ǩ ǧ ǥ ʒ ǯ,da / Sääʹm,k/gのカロンとʒ系が目立つ。資料・フォントによる表示差に注意。,地域言語の地名・公共表示,サーミ語地域内でも言語ごとに使用地が異なる。,35,10,fin-sami-skolt,sms,28.6,69.51,代表地点。周辺全体を意味しない,fin-se,FIN,https://unstats.un.org/unsd/ungegn/sessions/4th_session_2025/documents/Toponymic_guidelines_2025.pdf,https://raw.githubusercontent.com/unicode-org/cldr/fc1fd058cc6f50544a450a3b15a4bba0e0c1e653/common/main/sms.xml,Ǩ Ǧ Ǥ Ʒ Ǯ
北ヨーロッパ,スウェーデン,北中部（ウメオの北西側）,ウメ・サーミ語,Latin,á đ ï ŋ ü,Ubbme,他のサーミ諸語と字形を共有。スウェーデン北中部の地名に注目。,地域言語の地名・公共表示,ウメ・サーミ語地名。道路上では他のサーミ語とも文字を共有する。,36,10,swe-sami-ume,sju,18.15,65.53,代表地点。周辺全体を意味しない,,SAMI-NAMES,https://www.lantmateriet.se/sv/kartor/Ortnamn/ortnamn-pa-minoritetssprak/,https://www.omniglot.com/writing/umesami.htm,Á Đ Ï Ŋ Ü
北ヨーロッパ,エストニア,全域（基本の表示）,エストニア語,Latin,õ ä ö ü,ja / tee / tänav,õとä・ö・üの組合せ。õ単独ならポルトガル語なども候補。,全国の公用語・主要公共表示,観光地の英語訳・ラテン文字への転写は他国でも現れる。固有の文字と短い語を組み合わせる。,37,11,est-base,et,25.49471,58.59346,国・地域の外形,,EST,https://unstats.un.org/unsd/ungegn/sessions/4th_session_2025/documents/GEGN.2_2025_110_CRP110_item7d.pdf,https://raw.githubusercontent.com/unicode-org/cldr/fc1fd058cc6f50544a450a3b15a4bba0e0c1e653/common/main/et.xml,Õ Ä Ö Ü
北ヨーロッパ,ラトビア,全域（基本の表示）,ラトビア語,Latin,ā ē ī ū ģ ķ ļ ņ,un / iela,長音符と下付きの記号が特徴。ģの記号は小文字で上に見える。,全国の公用語・主要公共表示,観光地の英語訳・ラテン文字への転写は他国でも現れる。固有の文字と短い語を組み合わせる。,38,11,lva-base,lv,24.37684,56.85771,国・地域の外形,,CLDR-T,https://www.unicode.org/cldr/charts/48/supplemental/territory_language_information.html,https://raw.githubusercontent.com/unicode-org/cldr/fc1fd058cc6f50544a450a3b15a4bba0e0c1e653/common/main/lv.xml,Ā Ē Ī Ū Ģ Ķ Ļ Ņ
北ヨーロッパ,リトアニア,全域（基本の表示）,リトアニア語,Latin,ė ą ę į ų ū,ir / gatvė,点付きėと母音の下の尾。ラトビア語のā・ēとは異なる。,全国の公用語・主要公共表示,観光地の英語訳・ラテン文字への転写は他国でも現れる。固有の文字と短い語を組み合わせる。,39,11,ltu-base,lt,24.14372,55.16909,国・地域の外形,,CLDR-T,https://www.unicode.org/cldr/charts/48/supplemental/territory_language_information.html,https://raw.githubusercontent.com/unicode-org/cldr/fc1fd058cc6f50544a450a3b15a4bba0e0c1e653/common/main/lt.xml,Ė Ą Ę Į Ų Ū
西ヨーロッパ,オランダ,全域（基本の表示）,オランダ語,Latin,ij IJ aa ee,de / het / van / straat,ijと長母音の重ね書き。deだけではロマンス諸語と区別できない。,全国の公用語・主要公共表示,観光地の英語訳・ラテン文字への転写は他国でも現れる。固有の文字と短い語を組み合わせる。,40,12,nld-base,nl,5.5341,52.10788,国・地域の外形,,NLD,https://unstats.un.org/unsd/geoinfo/UNGEGN/docs/11th-uncsgn-docs/E_Conf.105_142_CRP.142_9_toponymic%20guidelines%20Netherlands%202017_a.pdf,https://raw.githubusercontent.com/unicode-org/cldr/fc1fd058cc6f50544a450a3b15a4bba0e0c1e653/common/main/nl.xml,IJ IJ AA EE
西ヨーロッパ,ルクセンブルク,全域（基本の表示）,ルクセンブルク語,Latin,ë ä é,d' / an / Lëtzebuerg,ëが目立つがアルバニア語にもある。ドイツ語・フランス語との混在を見る。,国語・行政での使用,観光地の英語訳・ラテン文字への転写は他国でも現れる。固有の文字と短い語を組み合わせる。,41,12,lux-base,lb,6.07899,49.80704,国・地域の外形,lux-main,LUX-STAT,https://statistiques.public.lu/fr/publications/recensement/diversite-linguistique.html,https://raw.githubusercontent.com/unicode-org/cldr/fc1fd058cc6f50544a450a3b15a4bba0e0c1e653/common/main/lb.xml,Ë Ä É
西ヨーロッパ,ルクセンブルク,全域（基本の表示）,フランス語,Latin,ç œ é è ê,le / la / de / rue,çは他言語にもある。rue・du・desと合わせる。,立法・行政での使用,観光地の英語訳・ラテン文字への転写は他国でも現れる。固有の文字と短い語を組み合わせる。,41,12,lux-base,fr,6.07899,49.80704,国・地域の外形,,LUX-STAT,https://statistiques.public.lu/fr/publications/recensement/diversite-linguistique.html,https://raw.githubusercontent.com/unicode-org/cldr/fc1fd058cc6f50544a450a3b15a4bba0e0c1e653/common/main/fr.xml,Ç Œ É È Ê
西ヨーロッパ,ルクセンブルク,全域（基本の表示）,ドイツ語,Latin,ä ö ü ß,der / die / und / Straße,ßが有力。大文字ではSSも使う。スイス・リヒテンシュタインでは通常ss。,行政での使用,観光地の英語訳・ラテン文字への転写は他国でも現れる。固有の文字と短い語を組み合わせる。,41,12,lux-base,de,6.07899,49.80704,国・地域の外形,,LUX-STAT,https://statistiques.public.lu/fr/publications/recensement/diversite-linguistique.html,https://raw.githubusercontent.com/unicode-org/cldr/fc1fd058cc6f50544a450a3b15a4bba0e0c1e653/common/main/de.xml,Ä Ö Ü SS
西ヨーロッパ,ベルギー,北部（フランデレン）,オランダ語,Latin,ij IJ aa ee,de / het / van / straat,ijと長母音の重ね書き。deだけではロマンス諸語と区別できない。,言語地域に応じた公用語・公共表示,,42,12,bel-north,nl,3.35805,51.09208,行政区を使った位置の概略,,BEL,https://unstats.un.org/unsd/geoinfo/UNGEGN/docs/25th-gegn-docs/wp%20papers/wp93-tgl%20belgium-april%202009.pdf,https://raw.githubusercontent.com/unicode-org/cldr/fc1fd058cc6f50544a450a3b15a4bba0e0c1e653/common/main/nl.xml,IJ IJ AA EE
西ヨーロッパ,ベルギー,南部（ワロン）,フランス語,Latin,ç œ é è ê,le / la / de / rue,çは他言語にもある。rue・du・desと合わせる。,言語地域に応じた公用語・公共表示,東端のドイツ語地域と境界の便宜言語自治体は別に扱う。,43,13,bel-south,fr,5.39255,50.15635,行政区を使った位置の概略,,BEL,https://unstats.un.org/unsd/geoinfo/UNGEGN/docs/25th-gegn-docs/wp%20papers/wp93-tgl%20belgium-april%202009.pdf,https://raw.githubusercontent.com/unicode-org/cldr/fc1fd058cc6f50544a450a3b15a4bba0e0c1e653/common/main/fr.xml,Ç Œ É È Ê
西ヨーロッパ,ベルギー,中央付近（ブリュッセル）,フランス語,Latin,ç œ é è ê,le / la / de / rue,çは他言語にもある。rue・du・desと合わせる。,言語地域に応じた公用語・公共表示,フランス語・オランダ語の二言語地域。,44,13,bel-brussels,fr,4.35,50.85,代表地点。周辺全体を意味しない,,BEL,https://unstats.un.org/unsd/geoinfo/UNGEGN/docs/25th-gegn-docs/wp%20papers/wp93-tgl%20belgium-april%202009.pdf,https://raw.githubusercontent.com/unicode-org/cldr/fc1fd058cc6f50544a450a3b15a4bba0e0c1e653/common/main/fr.xml,Ç Œ É È Ê
西ヨーロッパ,ベルギー,中央付近（ブリュッセル）,オランダ語,Latin,ij IJ aa ee,de / het / van / straat,ijと長母音の重ね書き。deだけではロマンス諸語と区別できない。,言語地域に応じた公用語・公共表示,フランス語・オランダ語の二言語地域。,44,13,bel-brussels,nl,4.35,50.85,代表地点。周辺全体を意味しない,,BEL,https://unstats.un.org/unsd/geoinfo/UNGEGN/docs/25th-gegn-docs/wp%20papers/wp93-tgl%20belgium-april%202009.pdf,https://raw.githubusercontent.com/unicode-org/cldr/fc1fd058cc6f50544a450a3b15a4bba0e0c1e653/common/main/nl.xml,IJ IJ AA EE
西ヨーロッパ,ベルギー,東端・ドイツ国境（オイペンなど）,ドイツ語,Latin,ä ö ü ß,der / die / und / Straße,ßが有力。大文字ではSSも使う。スイス・リヒテンシュタインでは通常ss。,言語地域に応じた公用語・公共表示,ドイツ語地域は細い非連続の範囲。点はオイペン、南側のザンクト・フィートも候補。,45,13,bel-german,de,6.03,50.63,代表地点。周辺全体を意味しない,,BEL,https://unstats.un.org/unsd/geoinfo/UNGEGN/docs/25th-gegn-docs/wp%20papers/wp93-tgl%20belgium-april%202009.pdf,https://raw.githubusercontent.com/unicode-org/cldr/fc1fd058cc6f50544a450a3b15a4bba0e0c1e653/common/main/de.xml,Ä Ö Ü SS
西ヨーロッパ,オランダ,北部（フリースラント）,西フリジア語,Latin,â ê ô û,de / it / fan,Fryslânなどの曲折アクセント。オランダ語との併記が補助。,フリースラント州の公用語・地名併記,フリジア語地名・街路名。自治体によりオランダ語と単独・併記が異なる。,46,13,nld-friesland,fy,5.81057,53.11443,行政区を使った位置の概略,,NLD,https://unstats.un.org/unsd/geoinfo/UNGEGN/docs/11th-uncsgn-docs/E_Conf.105_142_CRP.142_9_toponymic%20guidelines%20Netherlands%202017_a.pdf,https://raw.githubusercontent.com/unicode-org/cldr/fc1fd058cc6f50544a450a3b15a4bba0e0c1e653/common/main/fy.xml,Â Ê Ô Û
西ヨーロッパ,フランス,全域（基本の表示）,フランス語,Latin,ç œ é è ê,le / la / de / rue,çは他言語にもある。rue・du・desと合わせる。,全国の公用語・主要公共表示,観光地の英語訳・ラテン文字への転写は他国でも現れる。固有の文字と短い語を組み合わせる。,47,14,fra-base,fr,2.1965,46.73256,国・地域の外形,,FRA-MIN,https://www.culture.gouv.fr/thematiques/langue-francaise-et-langues-de-france/agir-pour-les-langues/promouvoir-les-langues-de-france/langues-regionales,https://raw.githubusercontent.com/unicode-org/cldr/fc1fd058cc6f50544a450a3b15a4bba0e0c1e653/common/main/fr.xml,Ç Œ É È Ê
西ヨーロッパ,フランス,北西の半島（ブルターニュ）,ブルトン語,Latin,c'h ñ,ar / an / ha,c'hが有力。フランス北西部のフランス語との併記を見る。,地域言語の地名・公共表示（自治体差）,フランス語が基本。塗色は併記を探す地域の概略で、全道路での使用を示さない。,48,14,fra-breton,br,-1.74869,48.16577,行政区を使った位置の概略,,BRETON,https://www.bretagne.bzh/presse/communiques-dossiers/convention-specifique-en-faveur-des-langues-de-bretagne-2022-2027-objectif-accroitre-le-nombre-de-jeunes-locuteurs/,https://raw.githubusercontent.com/unicode-org/cldr/fc1fd058cc6f50544a450a3b15a4bba0e0c1e653/common/main/br.xml,C'H Ñ
西ヨーロッパ,フランス,南西端・スペイン国境の大西洋側,バスク語,Latin,tx tz k,eta / -ko / -ak,tx・tz・kの組合せが補助。スペイン側・フランス側にまたがる。,地域言語の地名・公共表示（自治体差）,フランス語が基本。塗色は併記を探す地域の概略で、全道路での使用を示さない。,49,14,fra-basque,eu,-1.28817,43.32984,国の外形で切り取った概略範囲,basque-fr,BASQUE-FR,https://www.communaute-paysbasque.fr/langues-basque-et-occitan-gascon/je-developpe-leuskara-sur-ma-commune,https://raw.githubusercontent.com/unicode-org/cldr/fc1fd058cc6f50544a450a3b15a4bba0e0c1e653/common/main/eu.xml,TX TZ K
西ヨーロッパ,フランス,南端・スペイン国境の地中海側,カタルーニャ語（バレンシア語を含む）,Latin,l·l ç ny à,el / els / de / carrer,中点付きl·lが強い手掛かり。nyはスペイン語のñと比較。,地域言語の地名・公共表示（自治体差）,フランス語が基本。塗色は併記を探す地域の概略で、全道路での使用を示さない。,50,14,fra-catalan,ca,2.49933,42.60041,行政区を使った位置の概略,,OCCITAN,https://www.laregion.fr/Pour-des-langues-et-cultures-regionales-bien-vivantes,https://raw.githubusercontent.com/unicode-org/cldr/fc1fd058cc6f50544a450a3b15a4bba0e0c1e653/common/main/ca.xml,L·L Ç NY À
西ヨーロッパ,フランス,南部内陸（トゥールーズ・モンペリエなど）,オック語（アラン語を含む）,Latin,ò è ç nh lh,lo / la / e,nh・lhはポルトガル語とも共通。フランス南部、スペインのアラン谷。,地域言語の地名・公共表示（自治体差）,フランス語が基本。塗色は併記を探す地域の概略で、全道路での使用を示さない。,51,14,fra-occitan,oc,2.3,44.33955,国の外形で切り取った概略範囲,,OCCITAN,https://www.laregion.fr/Pour-des-langues-et-cultures-regionales-bien-vivantes,https://raw.githubusercontent.com/unicode-org/cldr/fc1fd058cc6f50544a450a3b15a4bba0e0c1e653/common/main/oc.xml,Ò È Ç NH LH
西ヨーロッパ,フランス,南東沖（コルシカ島）,コルシカ語,Latin,chj ghj ù,u / a / è,chj・ghjがイタリア語との差の補助。地名だけでは似る場合が多い。,地域言語の地名・公共表示（自治体差）,フランス語が基本。塗色は併記を探す地域の概略で、全道路での使用を示さない。,52,14,fra-corsica,co,9.06647,42.20722,行政区を使った位置の概略,,CORSICA; FRA-MIN,https://www.isula.corsica/linguacorsa/attachment/2058571/; https://www.culture.gouv.fr/thematiques/langue-francaise-et-langues-de-france/agir-pour-les-langues/promouvoir-les-langues-de-france/langues-regionales,https://raw.githubusercontent.com/unicode-org/cldr/fc1fd058cc6f50544a450a3b15a4bba0e0c1e653/common/main/co.xml,CHJ GHJ Ù
西ヨーロッパ,フランス,北東部・ドイツ国境（ストラスブール周辺）,アルザス語・アレマン系地域表記,Latin,ä ö ü sch,d' / uf,ドイツ語・スイスドイツ語と文字を共有。フランス語との併記が位置の手掛かり。,地域言語の地名・公共表示（自治体差）,フランス語が基本。塗色は併記を探す地域の概略で、全道路での使用を示さない。,53,14,fra-alsace,gsw,7.38693,48.20872,行政区を使った位置の概略,,ALSACE; FRA-MIN,https://www.strasbourg.eu/documents/976405/4643989/201904-euromet-mag-22.pdf/533dbc8a-2da1-3677-ef26-e8d0c6b30315?t=1554210698816&version=1.0; https://www.culture.gouv.fr/thematiques/langue-francaise-et-langues-de-france/agir-pour-les-langues/promouvoir-les-langues-de-france/langues-regionales,https://raw.githubusercontent.com/unicode-org/cldr/fc1fd058cc6f50544a450a3b15a4bba0e0c1e653/common/main/gsw.xml,Ä Ö Ü SCH
西ヨーロッパ,ドイツ,全域（基本の表示）,ドイツ語,Latin,ä ö ü ß,der / die / und / Straße,ßが有力。大文字ではSSも使う。スイス・リヒテンシュタインでは通常ss。,全国の公用語・主要公共表示,観光地の英語訳・ラテン文字への転写は他国でも現れる。固有の文字と短い語を組み合わせる。,54,15,deu-base,de,10.51974,51.11347,国・地域の外形,,CLDR-T,https://www.unicode.org/cldr/charts/48/supplemental/territory_language_information.html,https://raw.githubusercontent.com/unicode-org/cldr/fc1fd058cc6f50544a450a3b15a4bba0e0c1e653/common/main/de.xml,Ä Ö Ü SS
西ヨーロッパ,ドイツ,東部・チェコとポーランドに近い内陸,上ソルブ語,Latin,ć č ě ł ń ř š ž,a / w,řとłの併存が補助。ドイツ東部のバウツェン周辺。,地域言語の地名・公共表示,地名や自治体・文化表示の併記。ドイツ語が併用され、設置の程度には差がある。,55,15,deu-sorbian-upper,hsb,14.325,51.35,国の外形で切り取った概略範囲,,DEU-MIN; CHARTER,https://rm.coe.int/5th-op-germany-en/1680a6e008; https://rm.coe.int/november-2022-revised-table-languages-covered-english-/1680a8fef4,https://raw.githubusercontent.com/unicode-org/cldr/fc1fd058cc6f50544a450a3b15a4bba0e0c1e653/common/main/hsb.xml,Ć Č Ě Ł Ń Ř Š Ž
西ヨーロッパ,ドイツ,東部（コトブス周辺）,下ソルブ語,Latin,ć č ě ł ń ŕ ś ź ž,a / w,ŕ・ś・źとł。上ソルブ語との区別は複数の字を見る。,地域言語の地名・公共表示,地名や自治体・文化表示の併記。ドイツ語が併用され、設置の程度には差がある。,56,15,deu-sorbian-lower,dsb,14.205,51.78645,国の外形で切り取った概略範囲,,DEU-MIN; CHARTER,https://rm.coe.int/5th-op-germany-en/1680a6e008; https://rm.coe.int/november-2022-revised-table-languages-covered-english-/1680a8fef4,https://raw.githubusercontent.com/unicode-org/cldr/fc1fd058cc6f50544a450a3b15a4bba0e0c1e653/common/main/dsb.xml,Ć Č Ě Ł Ń Ŕ Ś Ź Ž
西ヨーロッパ,ドイツ,北西岸・デンマーク国境近く,北フリジア語,Latin,ä ö ü å,di / e,地域ごとに正書法が異なる。ドイツ語との併記と海岸の位置を見る。,地域言語の地名・公共表示,地名や自治体・文化表示の併記。ドイツ語が併用され、設置の程度には差がある。,57,15,deu-frisian-north,frr,8.98968,54.65343,国の外形で切り取った概略範囲,,DEU-MIN; CHARTER,https://rm.coe.int/5th-op-germany-en/1680a6e008; https://rm.coe.int/november-2022-revised-table-languages-covered-english-/1680a8fef4,https://raw.githubusercontent.com/unicode-org/cldr/fc1fd058cc6f50544a450a3b15a4bba0e0c1e653/common/main/frr.xml,Ä Ö Ü Å
西ヨーロッパ,ドイツ,北端（フレンスブルク周辺）,デンマーク語,Latin,æ ø å,og / af / vej,文字はノルウェー語とほぼ共通。vejなどを補助にする。,地域言語の地名・公共表示,地名や自治体・文化表示の併記。ドイツ語が併用され、設置の程度には差がある。,58,15,deu-danish,da,9.43,54.78,代表地点。周辺全体を意味しない,,DEU-MIN; CHARTER,https://rm.coe.int/5th-op-germany-en/1680a6e008; https://rm.coe.int/november-2022-revised-table-languages-covered-english-/1680a8fef4,https://raw.githubusercontent.com/unicode-org/cldr/fc1fd058cc6f50544a450a3b15a4bba0e0c1e653/common/main/da.xml,Æ Ø Å
西ヨーロッパ,ドイツ,北西部（オルデンブルクの西）,ザーターフリジア語,Latin,ä ö ü,di / dät,文字だけではドイツ語と分けにくい。Seelterloundなどの地域名が補助。,地域言語の地名・公共表示,地名や自治体・文化表示の併記。ドイツ語が併用され、設置の程度には差がある。,59,15,deu-saterland,stq,7.68,53.09,代表地点。周辺全体を意味しない,,DEU-MIN; CHARTER,https://rm.coe.int/5th-op-germany-en/1680a6e008; https://rm.coe.int/november-2022-revised-table-languages-covered-english-/1680a8fef4,https://www.omniglot.com/writing/frisian.htm,Ä Ö Ü
西ヨーロッパ,ドイツ,北部平野（ニーダーザクセンなど）,低地ドイツ語,Latin,ä ö ü aa,de / dat / un,標準ドイツ語に近い。地名の別表記が補助で、全国的な識別字はない。,地域言語の地名・公共表示,地名や自治体・文化表示の併記。ドイツ語が併用され、設置の程度には差がある。,60,15,deu-low-german,nds,8.99184,53.16136,国の外形で切り取った概略範囲,,DEU-MIN; CHARTER,https://rm.coe.int/5th-op-germany-en/1680a6e008; https://rm.coe.int/november-2022-revised-table-languages-covered-english-/1680a8fef4,https://raw.githubusercontent.com/unicode-org/cldr/fc1fd058cc6f50544a450a3b15a4bba0e0c1e653/common/main/nds.xml,Ä Ö Ü AA
西ヨーロッパ,オーストリア,全域（基本の表示）,ドイツ語,Latin,ä ö ü ß,der / die / und / Straße,ßが有力。大文字ではSSも使う。スイス・リヒテンシュタインでは通常ss。,全国の公用語・主要公共表示,観光地の英語訳・ラテン文字への転写は他国でも現れる。固有の文字と短い語を組み合わせる。,61,16,aut-base,de,14.74661,47.69373,国・地域の外形,,AUT-UN; CHARTER,https://unstats.un.org/unsd/geoinfo/ungegn/docs/10th-uncsgn-docs/econf/E_CONF.101_60_Report%20of%20Austria.pdf; https://rm.coe.int/november-2022-revised-table-languages-covered-english-/1680a8fef4,https://raw.githubusercontent.com/unicode-org/cldr/fc1fd058cc6f50544a450a3b15a4bba0e0c1e653/common/main/de.xml,Ä Ö Ü SS
西ヨーロッパ,オーストリア,南端・スロベニア国境近く,スロベニア語,Latin,č š ž,in / na / cesta,通常の固有語にć・đを使わないが、外国人名では見られる。,地域言語の地名・公共表示,ケルンテン南部などの二言語地名。,62,16,aut-slovene,sl,14.2982,46.62899,国の外形で切り取った概略範囲,,AUT-UN; CHARTER,https://unstats.un.org/unsd/geoinfo/ungegn/docs/10th-uncsgn-docs/econf/E_CONF.101_60_Report%20of%20Austria.pdf; https://rm.coe.int/november-2022-revised-table-languages-covered-english-/1680a8fef4,https://raw.githubusercontent.com/unicode-org/cldr/fc1fd058cc6f50544a450a3b15a4bba0e0c1e653/common/main/sl.xml,Č Š Ž
西ヨーロッパ,オーストリア,東端・ハンガリー国境近く,クロアチア語,Latin,č ć đ š ž,i / u / ulica,ボスニア語・セルビア語ラテン表記と同じ字形。単独では国を分けられない。,地域言語の地名・公共表示,ブルゲンラント内の一部集落。県全域の主表示ではない。,63,16,aut-croatian,hr,16.46149,47.47394,行政区を使った位置の概略,,AUT-UN; CHARTER,https://unstats.un.org/unsd/geoinfo/ungegn/docs/10th-uncsgn-docs/econf/E_CONF.101_60_Report%20of%20Austria.pdf; https://rm.coe.int/november-2022-revised-table-languages-covered-english-/1680a8fef4,https://raw.githubusercontent.com/unicode-org/cldr/fc1fd058cc6f50544a450a3b15a4bba0e0c1e653/common/main/hr.xml,Č Ć Đ Š Ž
西ヨーロッパ,オーストリア,東端（オーバーヴァルト周辺）,ハンガリー語,Latin,ő ű sz gy,és / az / utca,二重鋭アクセントő・űが強い手掛かり。ö・üとは別字。,地域言語の地名・公共表示,ハンガリー語の公的地名を持つ一部集落。,64,16,aut-hungarian,hu,16.2,47.29,代表地点。周辺全体を意味しない,,AUT-UN; CHARTER,https://unstats.un.org/unsd/geoinfo/ungegn/docs/10th-uncsgn-docs/econf/E_CONF.101_60_Report%20of%20Austria.pdf; https://rm.coe.int/november-2022-revised-table-languages-covered-english-/1680a8fef4,https://raw.githubusercontent.com/unicode-org/cldr/fc1fd058cc6f50544a450a3b15a4bba0e0c1e653/common/main/hu.xml,Ő Ű SZ GY
西ヨーロッパ,リヒテンシュタイン,全域（基本の表示）,ドイツ語（スイス式）,Latin,ä ö ü ss,der / die / und / Strasse,通常ßを使わない。ssだけではスイスの証拠にはならない。,全国の公用語・主要公共表示,観光地の英語訳・ラテン文字への転写は他国でも現れる。固有の文字と短い語を組み合わせる。,65,17,lie-base,de_CH,9.54189,47.13746,国・地域の外形,,MICRO,https://assets.publishing.service.gov.uk/media/6968cbde6958e5645144b08d/European_Microstates_Toponymic_Factfile.pdf,https://raw.githubusercontent.com/unicode-org/cldr/fc1fd058cc6f50544a450a3b15a4bba0e0c1e653/common/main/de.xml,Ä Ö Ü SS
西ヨーロッパ,スイス,北部・中部・東部,ドイツ語（スイス式）,Latin,ä ö ü ss,der / die / und / Strasse,通常ßを使わない。ssだけではスイスの証拠にはならない。,地域・州に応じた公用語・公共表示,ベルンなどにはフランス語地区もあり、このまとめは主な位置を示す。,66,17,che-german,de_CH,8.94344,47.06299,行政区を使った位置の概略,che-de_CH,CHE,https://assets.publishing.service.gov.uk/media/6512a2d43d3718000d6d0b62/Switzerland_factfile.pdf,https://raw.githubusercontent.com/unicode-org/cldr/fc1fd058cc6f50544a450a3b15a4bba0e0c1e653/common/main/de.xml,Ä Ö Ü SS
西ヨーロッパ,スイス,西部（ジュネーブ・ローザンヌなど）,フランス語,Latin,ç œ é è ê,le / la / de / rue,çは他言語にもある。rue・du・desと合わせる。,地域・州に応じた公用語・公共表示,フリブール・ヴァレーは二言語州。州内のドイツ語地区までフランス語一色とはしない。,67,17,che-french,fr,6.68441,46.52468,行政区を使った位置の概略,che-fr,CHE,https://assets.publishing.service.gov.uk/media/6512a2d43d3718000d6d0b62/Switzerland_factfile.pdf,https://raw.githubusercontent.com/unicode-org/cldr/fc1fd058cc6f50544a450a3b15a4bba0e0c1e653/common/main/fr.xml,Ç Œ É È Ê
西ヨーロッパ,スイス,南部（ティチーノと東隣の谷）,イタリア語,Latin,à è é ì ò ù,il / della / via,固有の追加文字は乏しい。via・piazza・gliなどの語を補助にする。,地域・州に応じた公用語・公共表示,東隣のグラウビュンデン州南側の谷にもイタリア語地区。,68,17,che-italian,it,8.77096,46.22798,行政区を使った位置の概略,che-it,CHE,https://assets.publishing.service.gov.uk/media/6512a2d43d3718000d6d0b62/Switzerland_factfile.pdf,https://raw.githubusercontent.com/unicode-org/cldr/fc1fd058cc6f50544a450a3b15a4bba0e0c1e653/common/main/it.xml,À È É Ì Ò Ù
西ヨーロッパ,スイス,南東部の山地（グラウビュンデンの一部）,ロマンシュ語,Latin,sch tg,il / la / e,sch・tgとロマンス系の語の組合せ。スイス南東部の一部で使う。,地域・州に応じた公用語・公共表示,州内はロマンシュ語・ドイツ語・イタリア語のモザイク。塗色は州の位置のみ。,69,17,che-romansh,rm,9.56779,46.61917,行政区を使った位置の概略,che-rm; che-romansh-area,CHE,https://assets.publishing.service.gov.uk/media/6512a2d43d3718000d6d0b62/Switzerland_factfile.pdf,https://raw.githubusercontent.com/unicode-org/cldr/fc1fd058cc6f50544a450a3b15a4bba0e0c1e653/common/main/rm.xml,SCH TG
南ヨーロッパ,スペイン,全域（基本の表示）,スペイン語,Latin,ñ ¿ ¡,el / la / de / calle,ñはガリシア語などにもある。¿・¡は短い地名標識には出ないことが多い。,全国の公用語・主要公共表示,観光地の英語訳・ラテン文字への転写は他国でも現れる。固有の文字と短い語を組み合わせる。,70,18,esp-base,es,-3.48933,39.88186,国・地域の外形,,ESP,https://assets.publishing.service.gov.uk/media/6941528d29501ea90654a507/Spain_Toponymic_Factfile.pdf,https://raw.githubusercontent.com/unicode-org/cldr/fc1fd058cc6f50544a450a3b15a4bba0e0c1e653/common/main/es.xml,Ñ ¿ ¡
南ヨーロッパ,ポルトガル,全域（基本の表示）,ポルトガル語,Latin,ã õ ç nh lh,o / a / do / rua,ã・õとnh・lhの組合せ。スペイン語のñと比較する。,全国の公用語・主要公共表示,観光地の英語訳・ラテン文字への転写は他国でも現れる。固有の文字と短い語を組み合わせる。,71,18,prt-base,pt,-8.28768,39.54773,国・地域の外形,,PRT,https://assets.publishing.service.gov.uk/media/6a6b12600c36759b5ccaa1f9/Portugal_Toponymic_Factfile.pdf,https://raw.githubusercontent.com/unicode-org/cldr/fc1fd058cc6f50544a450a3b15a4bba0e0c1e653/common/main/pt.xml,Ã Õ Ç NH LH
南ヨーロッパ,アンドラ,全域（基本の表示）,カタルーニャ語（バレンシア語を含む）,Latin,l·l ç ny à,el / els / de / carrer,中点付きl·lが強い手掛かり。nyはスペイン語のñと比較。,全国の公用語・主要公共表示,観光地の英語訳・ラテン文字への転写は他国でも現れる。固有の文字と短い語を組み合わせる。,72,18,and-base,ca,1.56376,42.53888,国・地域の外形,,MICRO,https://assets.publishing.service.gov.uk/media/6968cbde6958e5645144b08d/European_Microstates_Toponymic_Factfile.pdf,https://raw.githubusercontent.com/unicode-org/cldr/fc1fd058cc6f50544a450a3b15a4bba0e0c1e653/common/main/ca.xml,L·L Ç NY À
南ヨーロッパ,ジブラルタル,全域（基本の表示）,英語,Latin,th sh wh,the / of / road,基本26字だけでは他のラテン文字言語と区別しにくい。英語の案内は各国にある。,全国の公用語・主要公共表示,観光地の英語訳・ラテン文字への転写は他国でも現れる。固有の文字と短い語を組み合わせる。,73,18,gib-base,en,-5.34713,36.1302,国・地域の外形,,CLDR-T,https://www.unicode.org/cldr/charts/48/supplemental/territory_language_information.html,https://raw.githubusercontent.com/unicode-org/cldr/fc1fd058cc6f50544a450a3b15a4bba0e0c1e653/common/main/en.xml,TH SH WH
南ヨーロッパ,スペイン,北東部（バルセロナ周辺）,カタルーニャ語（バレンシア語を含む）,Latin,l·l ç ny à,el / els / de / carrer,中点付きl·lが強い手掛かり。nyはスペイン語のñと比較。,指定地域の共同公用語・地名表記,スペイン語との関係は地域差。地名が地域言語のみで公式の場合もある。,74,18,esp-catalan,ca,1.58336,41.68603,行政区を使った位置の概略,catalan-speak,ESP,https://assets.publishing.service.gov.uk/media/6941528d29501ea90654a507/Spain_Toponymic_Factfile.pdf,https://raw.githubusercontent.com/unicode-org/cldr/fc1fd058cc6f50544a450a3b15a4bba0e0c1e653/common/main/ca.xml,L·L Ç NY À
南ヨーロッパ,スペイン,東岸（バレンシア周辺）,カタルーニャ語（バレンシア語を含む）,Latin,l·l ç ny à,el / els / de / carrer,中点付きl·lが強い手掛かり。nyはスペイン語のñと比較。,指定地域の共同公用語・地名表記,スペイン語との関係は地域差。地名が地域言語のみで公式の場合もある。,75,18,esp-valencian,ca,-0.75286,39.30904,行政区を使った位置の概略,,ESP,https://assets.publishing.service.gov.uk/media/6941528d29501ea90654a507/Spain_Toponymic_Factfile.pdf,https://raw.githubusercontent.com/unicode-org/cldr/fc1fd058cc6f50544a450a3b15a4bba0e0c1e653/common/main/ca.xml,L·L Ç NY À
南ヨーロッパ,スペイン,東の沖合（バレアレス諸島）,カタルーニャ語（バレンシア語を含む）,Latin,l·l ç ny à,el / els / de / carrer,中点付きl·lが強い手掛かり。nyはスペイン語のñと比較。,指定地域の共同公用語・地名表記,スペイン語との関係は地域差。地名が地域言語のみで公式の場合もある。,76,18,esp-balearic,ca,2.8861,39.61756,行政区を使った位置の概略,,ESP,https://assets.publishing.service.gov.uk/media/6941528d29501ea90654a507/Spain_Toponymic_Factfile.pdf,https://raw.githubusercontent.com/unicode-org/cldr/fc1fd058cc6f50544a450a3b15a4bba0e0c1e653/common/main/ca.xml,L·L Ç NY À
南ヨーロッパ,スペイン,北部・フランス国境の大西洋側,バスク語,Latin,tx tz k,eta / -ko / -ak,tx・tz・kの組合せが補助。スペイン側・フランス側にまたがる。,指定地域の共同公用語・地名表記,スペイン語との関係は地域差。地名が地域言語のみで公式の場合もある。,77,19,esp-basque,eu,-2.55882,42.96384,行政区を使った位置の概略,basque-bac,ESP,https://assets.publishing.service.gov.uk/media/6941528d29501ea90654a507/Spain_Toponymic_Factfile.pdf,https://raw.githubusercontent.com/unicode-org/cldr/fc1fd058cc6f50544a450a3b15a4bba0e0c1e653/common/main/eu.xml,TX TZ K
南ヨーロッパ,スペイン,北部（ナバラの北寄り）,バスク語,Latin,tx tz k,eta / -ko / -ak,tx・tz・kの組合せが補助。スペイン側・フランス側にまたがる。,指定地域の共同公用語・地名表記,スペイン語との関係は地域差。地名が地域言語のみで公式の場合もある。,78,19,esp-navarre,eu,-1.98069,43.05014,国の外形で切り取った概略範囲,basque-nav,ESP,https://assets.publishing.service.gov.uk/media/6941528d29501ea90654a507/Spain_Toponymic_Factfile.pdf,https://raw.githubusercontent.com/unicode-org/cldr/fc1fd058cc6f50544a450a3b15a4bba0e0c1e653/common/main/eu.xml,TX TZ K
南ヨーロッパ,スペイン,北西端（ガリシア）,ガリシア語,Latin,ñ nh x,o / a / e / rúa,ñとポルトガル語に似た冠詞。通常ã・õを標準正書法に使わない。,指定地域の共同公用語・地名表記,スペイン語との関係は地域差。地名が地域言語のみで公式の場合もある。,79,19,esp-galician,gl,-7.88372,42.80394,行政区を使った位置の概略,,ESP,https://assets.publishing.service.gov.uk/media/6941528d29501ea90654a507/Spain_Toponymic_Factfile.pdf,https://raw.githubusercontent.com/unicode-org/cldr/fc1fd058cc6f50544a450a3b15a4bba0e0c1e653/common/main/gl.xml,Ñ NH X
南ヨーロッパ,スペイン,北岸（オビエド・ヒホン周辺）,アストゥリアス語,Latin,ḷ ḥ ñ,y / el / la,ḷḷ・ḥは一部方言の綴り。これらがない看板も多い。,地域言語の地名・公共表示,スペイン語との関係は地域差。地名が地域言語のみで公式の場合もある。,80,19,esp-asturian,ast,-5.84989,43.28746,行政区を使った位置の概略,,ESP,https://assets.publishing.service.gov.uk/media/6941528d29501ea90654a507/Spain_Toponymic_Factfile.pdf,https://raw.githubusercontent.com/unicode-org/cldr/fc1fd058cc6f50544a450a3b15a4bba0e0c1e653/common/main/ast.xml,Ḷ Ḥ Ñ
南ヨーロッパ,スペイン,北東の山中（アラン谷）,オック語（アラン語を含む）,Latin,ò è ç nh lh,lo / la / e,nh・lhはポルトガル語とも共通。フランス南部、スペインのアラン谷。,指定地域の共同公用語・地名表記,スペイン語との関係は地域差。地名が地域言語のみで公式の場合もある。,81,19,esp-aranese,oc,0.8,42.7,代表地点。周辺全体を意味しない,,ESP,https://assets.publishing.service.gov.uk/media/6941528d29501ea90654a507/Spain_Toponymic_Factfile.pdf,https://raw.githubusercontent.com/unicode-org/cldr/fc1fd058cc6f50544a450a3b15a4bba0e0c1e653/common/main/oc.xml,Ò È Ç NH LH
南ヨーロッパ,スペイン,北東部内陸（ウエスカ北側の一部）,アラゴン語,Latin,ch ll,o / a / y,固有の追加文字は乏しい。スペイン語・カタルーニャ語と混同しやすい。,地域言語の地名・公共表示,スペイン語との関係は地域差。地名が地域言語のみで公式の場合もある。,82,19,esp-aragonese,an,-0.3,42.6,代表地点。周辺全体を意味しない,,ESP,https://assets.publishing.service.gov.uk/media/6941528d29501ea90654a507/Spain_Toponymic_Factfile.pdf,https://raw.githubusercontent.com/unicode-org/cldr/fc1fd058cc6f50544a450a3b15a4bba0e0c1e653/common/main/an.xml,CH LL
南ヨーロッパ,ポルトガル,北東端（ミランダ・ド・ドウロ）,ミランダ語,Latin,lh nh ç,l / la / i,lh・nhをポルトガル語と共有。ポルトガル北東端の地名が補助。,地域言語の地名・公共表示,ミランダ語が地域的に公認され、ポルトガル語と併記される地名もある。,83,19,prt-mirandese,mwl,-6.27,41.5,代表地点。周辺全体を意味しない,,PRT,https://assets.publishing.service.gov.uk/media/6a6b12600c36759b5ccaa1f9/Portugal_Toponymic_Factfile.pdf,https://www.omniglot.com/writing/mirandese.htm,LH NH Ç
南ヨーロッパ,イタリア,全域（基本の表示）,イタリア語,Latin,à è é ì ò ù,il / della / via,固有の追加文字は乏しい。via・piazza・gliなどの語を補助にする。,全国の公用語・主要公共表示,観光地の英語訳・ラテン文字への転写は他国でも現れる。固有の文字と短い語を組み合わせる。,84,20,ita-base,it,12.68696,42.50055,国・地域の外形,,ITA-PCGN,https://assets.publishing.service.gov.uk/media/6a5a125f5ca06bf11ccb43c9/Italy_Toponymic_Factfile.pdf,https://raw.githubusercontent.com/unicode-org/cldr/fc1fd058cc6f50544a450a3b15a4bba0e0c1e653/common/main/it.xml,À È É Ì Ò Ù
南ヨーロッパ,サンマリノ,全域（基本の表示）,イタリア語,Latin,à è é ì ò ù,il / della / via,固有の追加文字は乏しい。via・piazza・gliなどの語を補助にする。,全国の公用語・主要公共表示,観光地の英語訳・ラテン文字への転写は他国でも現れる。固有の文字と短い語を組み合わせる。,85,20,smr-base,it,12.43504,43.93647,国・地域の外形,,MICRO,https://assets.publishing.service.gov.uk/media/6968cbde6958e5645144b08d/European_Microstates_Toponymic_Factfile.pdf,https://raw.githubusercontent.com/unicode-org/cldr/fc1fd058cc6f50544a450a3b15a4bba0e0c1e653/common/main/it.xml,À È É Ì Ò Ù
南ヨーロッパ,バチカン,全域（基本の表示）,イタリア語,Latin,à è é ì ò ù,il / della / via,固有の追加文字は乏しい。via・piazza・gliなどの語を補助にする。,全国の公用語・主要公共表示,日常・行政の主言語はイタリア語。ラテン語は教皇庁の公式用途や銘文を含めた補助。,86,20,vat-base,it,12.45378,41.90331,国・地域の外形,,MICRO,https://assets.publishing.service.gov.uk/media/6968cbde6958e5645144b08d/European_Microstates_Toponymic_Factfile.pdf,https://raw.githubusercontent.com/unicode-org/cldr/fc1fd058cc6f50544a450a3b15a4bba0e0c1e653/common/main/it.xml,À È É Ì Ò Ù
南ヨーロッパ,バチカン,全域（基本の表示）,ラテン語,Latin,AE QV V,et / in / de,古典的な銘文ではUの位置にVが現れる。普通の道路標識の主言語とは別。,教皇庁の公式用途・銘文,日常・行政の主言語はイタリア語。ラテン語は教皇庁の公式用途や銘文を含めた補助。,86,20,vat-base,la,12.45378,41.90331,国・地域の外形,,MICRO,https://assets.publishing.service.gov.uk/media/6968cbde6958e5645144b08d/European_Microstates_Toponymic_Factfile.pdf,https://www.omniglot.com/writing/latin.htm,AE QV V
西ヨーロッパ,モナコ,全域（基本の表示）,フランス語,Latin,ç œ é è ê,le / la / de / rue,çは他言語にもある。rue・du・desと合わせる。,全国の公用語・主要公共表示,フランス語が公用語。モネガスク語は旧市街などの一部街路名併記。,87,20,mco-base,fr,7.40008,43.73305,国・地域の外形,,MICRO,https://assets.publishing.service.gov.uk/media/6968cbde6958e5645144b08d/European_Microstates_Toponymic_Factfile.pdf,https://raw.githubusercontent.com/unicode-org/cldr/fc1fd058cc6f50544a450a3b15a4bba0e0c1e653/common/main/fr.xml,Ç Œ É È Ê
西ヨーロッパ,モナコ,全域（基本の表示）,モネガスク語,Latin,ü ë œ,u / a,モナコ旧市街のフランス語との併記が補助。,旧市街などの一部街路名併記,フランス語が公用語。モネガスク語は旧市街などの一部街路名併記。,87,20,mco-base,mco,7.40008,43.73305,国・地域の外形,,MICRO,https://assets.publishing.service.gov.uk/media/6968cbde6958e5645144b08d/European_Microstates_Toponymic_Factfile.pdf,https://www.omniglot.com/writing/monegasque.htm,Ü Ë Œ
南ヨーロッパ,イタリア,北端・オーストリア国境（ボルツァーノ）,ドイツ語,Latin,ä ö ü ß,der / die / und / Straße,ßが有力。大文字ではSSも使う。スイス・リヒテンシュタインでは通常ss。,指定地域の共同公用語・地名併記,イタリア語との地域的な併記。谷・集落によって言語が異なる。,88,20,ita-german,de,11.23341,46.65282,行政区を使った位置の概略,tyrol-de,ITA; ITA-PCGN,https://igmi.org/%2B%2Btheme%2B%2Bigm/toponomastica/3_Toponymic%20Guidelines%20Italy.pdf; https://assets.publishing.service.gov.uk/media/6a5a125f5ca06bf11ccb43c9/Italy_Toponymic_Factfile.pdf,https://raw.githubusercontent.com/unicode-org/cldr/fc1fd058cc6f50544a450a3b15a4bba0e0c1e653/common/main/de.xml,Ä Ö Ü SS
南ヨーロッパ,イタリア,北東の山地（ドロミテの谷）,ラディン語,Latin,ë é ć,y / de,北イタリアの谷ごとに綴りが違う。ドイツ語・イタリア語との併記を見る。,地域言語の地名・公共表示,イタリア語との地域的な併記。谷・集落によって言語が異なる。,89,21,ita-ladin,lld,11.67,46.55,代表地点。周辺全体を意味しない,tyrol-lld,ITA; ITA-PCGN,https://igmi.org/%2B%2Btheme%2B%2Bigm/toponomastica/3_Toponymic%20Guidelines%20Italy.pdf; https://assets.publishing.service.gov.uk/media/6a5a125f5ca06bf11ccb43c9/Italy_Toponymic_Factfile.pdf,https://raw.githubusercontent.com/unicode-org/cldr/fc1fd058cc6f50544a450a3b15a4bba0e0c1e653/common/main/lld.xml,Ë É Ć
南ヨーロッパ,イタリア,北西端・フランス国境（アオスタ）,フランス語,Latin,ç œ é è ê,le / la / de / rue,çは他言語にもある。rue・du・desと合わせる。,指定地域の共同公用語・地名併記,イタリア語との地域的な併記。谷・集落によって言語が異なる。,90,21,ita-french,fr,7.36171,45.71755,行政区を使った位置の概略,,ITA; ITA-PCGN,https://igmi.org/%2B%2Btheme%2B%2Bigm/toponomastica/3_Toponymic%20Guidelines%20Italy.pdf; https://assets.publishing.service.gov.uk/media/6a5a125f5ca06bf11ccb43c9/Italy_Toponymic_Factfile.pdf,https://raw.githubusercontent.com/unicode-org/cldr/fc1fd058cc6f50544a450a3b15a4bba0e0c1e653/common/main/fr.xml,Ç Œ É È Ê
南ヨーロッパ,イタリア,北西端のアオスタ谷,フランコプロヴァンス語,Latin,â ê ô,lo / la,地域ごとに正書法が異なる。フランス語・オック語と同じ字形を共有。,地域言語の地名・公共表示,イタリア語との地域的な併記。谷・集落によって言語が異なる。,91,21,ita-francoprov,frp,7.36171,45.71755,行政区を使った位置の概略,,ITA; ITA-PCGN,https://igmi.org/%2B%2Btheme%2B%2Bigm/toponomastica/3_Toponymic%20Guidelines%20Italy.pdf; https://assets.publishing.service.gov.uk/media/6a5a125f5ca06bf11ccb43c9/Italy_Toponymic_Factfile.pdf,https://www.omniglot.com/writing/francoprovencal.htm,Â Ê Ô
南ヨーロッパ,イタリア,北東部（ウーディネ周辺）,フリウリ語,Latin,â ê î ô û ç,e / di / cj,長母音の曲折アクセントとcj。北東イタリアの地名併記に注目。,地域言語の地名・公共表示,イタリア語との地域的な併記。谷・集落によって言語が異なる。,92,21,ita-friulian,fur,13.28569,46.136,行政区を使った位置の概略,,ITA; ITA-PCGN,https://igmi.org/%2B%2Btheme%2B%2Bigm/toponomastica/3_Toponymic%20Guidelines%20Italy.pdf; https://assets.publishing.service.gov.uk/media/6a5a125f5ca06bf11ccb43c9/Italy_Toponymic_Factfile.pdf,https://raw.githubusercontent.com/unicode-org/cldr/fc1fd058cc6f50544a450a3b15a4bba0e0c1e653/common/main/fur.xml,Â Ê Î Ô Û Ç
南ヨーロッパ,イタリア,北東端・スロベニア国境,スロベニア語,Latin,č š ž,in / na / cesta,通常の固有語にć・đを使わないが、外国人名では見られる。,地域言語の地名・公共表示,イタリア語との地域的な併記。谷・集落によって言語が異なる。,93,21,ita-slovene,sl,13.493,45.83826,行政区を使った位置の概略,,ITA; ITA-PCGN,https://igmi.org/%2B%2Btheme%2B%2Bigm/toponomastica/3_Toponymic%20Guidelines%20Italy.pdf; https://assets.publishing.service.gov.uk/media/6a5a125f5ca06bf11ccb43c9/Italy_Toponymic_Factfile.pdf,https://raw.githubusercontent.com/unicode-org/cldr/fc1fd058cc6f50544a450a3b15a4bba0e0c1e653/common/main/sl.xml,Č Š Ž
南ヨーロッパ,イタリア,西の大きな島（サルデーニャ）,サルデーニャ語,Latin,dd tz,su / sa / de,su・saが補助。島内の地域差があり、イタリア語と共有する綴りも多い。,地域言語の地名・公共表示,イタリア語との地域的な併記。谷・集落によって言語が異なる。,94,21,ita-sardinian,sc,9.10119,40.07305,国の外形で切り取った概略範囲,,ITA; ITA-PCGN,https://igmi.org/%2B%2Btheme%2B%2Bigm/toponomastica/3_Toponymic%20Guidelines%20Italy.pdf; https://assets.publishing.service.gov.uk/media/6a5a125f5ca06bf11ccb43c9/Italy_Toponymic_Factfile.pdf,https://raw.githubusercontent.com/unicode-org/cldr/fc1fd058cc6f50544a450a3b15a4bba0e0c1e653/common/main/sc.xml,DD TZ
南ヨーロッパ,イタリア,サルデーニャ島北西岸（アルゲーロ）,カタルーニャ語（バレンシア語を含む）,Latin,l·l ç ny à,el / els / de / carrer,中点付きl·lが強い手掛かり。nyはスペイン語のñと比較。,地域言語の地名・公共表示,イタリア語との地域的な併記。谷・集落によって言語が異なる。,95,21,ita-catalan,ca,8.32,40.56,代表地点。周辺全体を意味しない,,ITA; ITA-PCGN,https://igmi.org/%2B%2Btheme%2B%2Bigm/toponomastica/3_Toponymic%20Guidelines%20Italy.pdf; https://assets.publishing.service.gov.uk/media/6a5a125f5ca06bf11ccb43c9/Italy_Toponymic_Factfile.pdf,https://raw.githubusercontent.com/unicode-org/cldr/fc1fd058cc6f50544a450a3b15a4bba0e0c1e653/common/main/ca.xml,L·L Ç NY À
東ヨーロッパ,ポーランド,全域（基本の表示）,ポーランド語,Latin,ł ą ę ś ź ż,i / w / ulica,łと鼻母音のą・ę、sz/cz/rz。ŁはLに斜線。,全国の公用語・主要公共表示,観光地の英語訳・ラテン文字への転写は他国でも現れる。固有の文字と短い語を組み合わせる。,96,22,pol-base,pl,19.15831,51.92912,国・地域の外形,,CLDR-T,https://www.unicode.org/cldr/charts/48/supplemental/territory_language_information.html,https://raw.githubusercontent.com/unicode-org/cldr/fc1fd058cc6f50544a450a3b15a4bba0e0c1e653/common/main/pl.xml,Ł Ą Ę Ś Ź Ż
東ヨーロッパ,ポーランド,北部（グダニスクの西）,カシューブ語,Latin,ã ë ò ô ù,ë / Kaszëbë,ポーランド語にないã・ë・òが補助。北部の併記地名に注目。,地域言語の地名・公共表示,公認の追加地名がある自治体の位置。塗色内の全自治体に設置されるわけではない。,97,22,pol-kashubian,csb,18.0,54.0495,国の外形で切り取った概略範囲,,POL-MIN,https://www.gov.pl/attachment/fb56781a-91ec-4e52-8395-1d46bb7848ca,https://www.omniglot.com/writing/kashubian.htm,Ã Ë Ò Ô Ù
東ヨーロッパ,ポーランド,南西部（オポーレ周辺）,ドイツ語,Latin,ä ö ü ß,der / die / und / Straße,ßが有力。大文字ではSSも使う。スイス・リヒテンシュタインでは通常ss。,地域言語の地名・公共表示,公認の追加地名がある自治体の位置。塗色内の全自治体に設置されるわけではない。,98,22,pol-german,de,17.81533,50.56283,行政区を使った位置の概略,,POL-MIN,https://www.gov.pl/attachment/fb56781a-91ec-4e52-8395-1d46bb7848ca,https://raw.githubusercontent.com/unicode-org/cldr/fc1fd058cc6f50544a450a3b15a4bba0e0c1e653/common/main/de.xml,Ä Ö Ü SS
東ヨーロッパ,ポーランド,東端・ベラルーシ国境,ベラルーシ語,Cyrillic,ў і ы э,і / у / вуліца,短いuのўが有力。ロシア語との併記・混在が多い。,地域言語の地名・公共表示,公認の追加地名がある自治体の位置。塗色内の全自治体に設置されるわけではない。,99,22,pol-belarusian,be,23.35476,52.93703,国の外形で切り取った概略範囲,,POL-MIN2,https://www.gov.pl/attachment/20e7d747-e23c-4a23-abf7-0edcde6c6b31,https://raw.githubusercontent.com/unicode-org/cldr/fc1fd058cc6f50544a450a3b15a4bba0e0c1e653/common/main/be.xml,Ў І Ы Э
東ヨーロッパ,ポーランド,北東端・リトアニア国境,リトアニア語,Latin,ė ą ę į ų ū,ir / gatvė,点付きėと母音の下の尾。ラトビア語のā・ēとは異なる。,地域言語の地名・公共表示,公認の追加地名がある自治体の位置。塗色内の全自治体に設置されるわけではない。,100,22,pol-lithuanian,lt,23.18,54.25,代表地点。周辺全体を意味しない,,POL-MIN2,https://www.gov.pl/attachment/20e7d747-e23c-4a23-abf7-0edcde6c6b31,https://raw.githubusercontent.com/unicode-org/cldr/fc1fd058cc6f50544a450a3b15a4bba0e0c1e653/common/main/lt.xml,Ė Ą Ę Į Ų Ū
東ヨーロッパ,ポーランド,南東の山地・スロバキア国境,ルシン語・レムコ語,Cyrillic,і ї ы,і / на,ウクライナ語やベラルーシ語と文字を共有。地域により正書法が異なる。,地域言語の地名・公共表示,公認の追加地名がある自治体の位置。塗色内の全自治体に設置されるわけではない。,101,22,pol-lemko,rue,21.35,49.59972,国の外形で切り取った概略範囲,,POL-MIN,https://www.gov.pl/attachment/fb56781a-91ec-4e52-8395-1d46bb7848ca,https://www.omniglot.com/writing/rusyn.htm,І Ї Ы
東ヨーロッパ,チェコ,全域（基本の表示）,チェコ語,Latin,ř ě ů,a / v / ulice,řとůが有力。スロバキア語のľ・ôと比較する。,全国の公用語・主要公共表示,観光地の英語訳・ラテン文字への転写は他国でも現れる。固有の文字と短い語を組み合わせる。,102,23,cze-base,cs,15.51441,49.79224,国・地域の外形,,CZE,https://unstats.un.org/unsd/ungegn/sessions/4th_session_2025/documents/GEGN.2_2025_152_CRP152_Item7d.pdf,https://raw.githubusercontent.com/unicode-org/cldr/fc1fd058cc6f50544a450a3b15a4bba0e0c1e653/common/main/cs.xml,Ř Ě Ů
東ヨーロッパ,スロバキア,全域（基本の表示）,スロバキア語,Latin,ľ ĺ ŕ ô ä,a / v / ulica,ľは書体によってlの右の小さな印。チェコ語のřは通常ない。,全国の公用語・主要公共表示,観光地の英語訳・ラテン文字への転写は他国でも現れる。固有の文字と短い語を組み合わせる。,103,23,svk-base,sk,19.61576,48.65242,国・地域の外形,,SVK,https://assets.publishing.service.gov.uk/media/6246f4fa8fa8f5277c0169ba/Slovakia_Toponymic_Factfile.pdf,https://raw.githubusercontent.com/unicode-org/cldr/fc1fd058cc6f50544a450a3b15a4bba0e0c1e653/common/main/sk.xml,Ľ Ĺ Ŕ Ô Ä
東ヨーロッパ,ハンガリー,全域（基本の表示）,ハンガリー語,Latin,ő ű sz gy,és / az / utca,二重鋭アクセントő・űが強い手掛かり。ö・üとは別字。,全国の公用語・主要公共表示,観光地の英語訳・ラテン文字への転写は他国でも現れる。固有の文字と短い語を組み合わせる。,104,23,hun-base,hu,19.12292,47.15924,国・地域の外形,,CLDR-T,https://www.unicode.org/cldr/charts/48/supplemental/territory_language_information.html,https://raw.githubusercontent.com/unicode-org/cldr/fc1fd058cc6f50544a450a3b15a4bba0e0c1e653/common/main/hu.xml,Ő Ű SZ GY
東ヨーロッパ,チェコ,東端（チェスキー・チェシーン周辺）,ポーランド語,Latin,ł ą ę ś ź ż,i / w / ulica,łと鼻母音のą・ę、sz/cz/rz。ŁはLに斜線。,地域言語の地名・公共表示,ポーランド語との二言語地名。,105,23,cze-polish,pl,18.63,49.75,代表地点。周辺全体を意味しない,,CZE; CHARTER,https://unstats.un.org/unsd/ungegn/sessions/4th_session_2025/documents/GEGN.2_2025_152_CRP152_Item7d.pdf; https://rm.coe.int/november-2022-revised-table-languages-covered-english-/1680a8fef4,https://raw.githubusercontent.com/unicode-org/cldr/fc1fd058cc6f50544a450a3b15a4bba0e0c1e653/common/main/pl.xml,Ł Ą Ę Ś Ź Ż
東ヨーロッパ,スロバキア,南部・ハンガリー国境沿い,ハンガリー語,Latin,ő ű sz gy,és / az / utca,二重鋭アクセントő・űが強い手掛かり。ö・üとは別字。,地域言語の地名・公共表示,南部のハンガリー語使用自治体。北寄りにかかる塗色は概略。,106,24,svk-hungarian,hu,18.25237,48.17741,国の外形で切り取った概略範囲,,SVK; CHARTER,https://assets.publishing.service.gov.uk/media/6246f4fa8fa8f5277c0169ba/Slovakia_Toponymic_Factfile.pdf; https://rm.coe.int/november-2022-revised-table-languages-covered-english-/1680a8fef4,https://raw.githubusercontent.com/unicode-org/cldr/fc1fd058cc6f50544a450a3b15a4bba0e0c1e653/common/main/hu.xml,Ő Ű SZ GY
東ヨーロッパ,スロバキア,北東端（ポーランド・ウクライナ近く）,ルシン語・レムコ語,Cyrillic,і ї ы,і / на,ウクライナ語やベラルーシ語と文字を共有。地域により正書法が異なる。,地域言語の地名・公共表示,一部自治体の少数言語地名。,107,24,svk-rusyn,rue,21.60347,49.156,国の外形で切り取った概略範囲,,SVK; CHARTER,https://assets.publishing.service.gov.uk/media/6246f4fa8fa8f5277c0169ba/Slovakia_Toponymic_Factfile.pdf; https://rm.coe.int/november-2022-revised-table-languages-covered-english-/1680a8fef4,https://www.omniglot.com/writing/rusyn.htm,І Ї Ы
東ヨーロッパ,ハンガリー,南西部（ペーチ周辺の集落）,ドイツ語,Latin,ä ö ü ß,der / die / und / Straße,ßが有力。大文字ではSSも使う。スイス・リヒテンシュタインでは通常ss。,少数言語の自治体・文化表示,ドイツ語は他地方の集落にもある。点は代表的な地域を示す。,108,24,hun-german,de,18.23,46.08,代表地点。周辺全体を意味しない,,HUN-SIGNS; CHARTER,https://rm.coe.int/16806c8e14; https://rm.coe.int/november-2022-revised-table-languages-covered-english-/1680a8fef4,https://raw.githubusercontent.com/unicode-org/cldr/fc1fd058cc6f50544a450a3b15a4bba0e0c1e653/common/main/de.xml,Ä Ö Ü SS
東ヨーロッパ,ハンガリー,南東部（ベーケーシュチャバ周辺）,スロバキア語,Latin,ľ ĺ ŕ ô ä,a / v / ulica,ľは書体によってlの右の小さな印。チェコ語のřは通常ない。,少数言語の自治体・文化表示,,109,24,hun-slovak,sk,21.09,46.68,代表地点。周辺全体を意味しない,,HUN-SIGNS; CHARTER,https://rm.coe.int/16806c8e14; https://rm.coe.int/november-2022-revised-table-languages-covered-english-/1680a8fef4,https://raw.githubusercontent.com/unicode-org/cldr/fc1fd058cc6f50544a450a3b15a4bba0e0c1e653/common/main/sk.xml,Ľ Ĺ Ŕ Ô Ä
南ヨーロッパ,スロベニア,全域（基本の表示）,スロベニア語,Latin,č š ž,in / na / cesta,通常の固有語にć・đを使わないが、外国人名では見られる。,全国の公用語・主要公共表示,観光地の英語訳・ラテン文字への転写は他国でも現れる。固有の文字と短い語を組み合わせる。,110,25,svn-base,sl,14.61434,46.14338,国・地域の外形,,SVN,https://assets.publishing.service.gov.uk/media/650bf4d7fbd7bc000de546ff/Slovenia_Toponymic_Factfile.pdf,https://raw.githubusercontent.com/unicode-org/cldr/fc1fd058cc6f50544a450a3b15a4bba0e0c1e653/common/main/sl.xml,Č Š Ž
南ヨーロッパ,クロアチア,全域（基本の表示）,クロアチア語,Latin,č ć đ š ž,i / u / ulica,ボスニア語・セルビア語ラテン表記と同じ字形。単独では国を分けられない。,全国の公用語・主要公共表示,観光地の英語訳・ラテン文字への転写は他国でも現れる。固有の文字と短い語を組み合わせる。,111,25,hrv-base,hr,15.31809,44.74668,国・地域の外形,,CHARTER,https://rm.coe.int/november-2022-revised-table-languages-covered-english-/1680a8fef4,https://raw.githubusercontent.com/unicode-org/cldr/fc1fd058cc6f50544a450a3b15a4bba0e0c1e653/common/main/hr.xml,Č Ć Đ Š Ž
南ヨーロッパ,ボスニア・ヘルツェゴビナ,全域（基本の表示）,ボスニア語,Latin,č ć đ š ž,i / u / ulica,クロアチア語・セルビア語ラテン表記と共有。キリル表記もある。,全国の公用語・主要公共表示,3言語の綴りは非常に近く、ラテン文字とキリル文字が併存する。,112,25,bih-base,bs,17.95457,43.89918,国・地域の外形,,BIH,https://assets.publishing.service.gov.uk/media/6512a00cb23dad0012e70609/Bosnia_and_Herzegovina_Toponymic_factfile.pdf,https://raw.githubusercontent.com/unicode-org/cldr/fc1fd058cc6f50544a450a3b15a4bba0e0c1e653/common/main/bs.xml,Č Ć Đ Š Ž
南ヨーロッパ,ボスニア・ヘルツェゴビナ,全域（基本の表示）,クロアチア語,Latin,č ć đ š ž,i / u / ulica,ボスニア語・セルビア語ラテン表記と同じ字形。単独では国を分けられない。,全国の公用語・主要公共表示,3言語の綴りは非常に近く、ラテン文字とキリル文字が併存する。,112,25,bih-base,hr,17.95457,43.89918,国・地域の外形,,BIH,https://assets.publishing.service.gov.uk/media/6512a00cb23dad0012e70609/Bosnia_and_Herzegovina_Toponymic_factfile.pdf,https://raw.githubusercontent.com/unicode-org/cldr/fc1fd058cc6f50544a450a3b15a4bba0e0c1e653/common/main/hr.xml,Č Ć Đ Š Ž
南ヨーロッパ,ボスニア・ヘルツェゴビナ,全域（基本の表示）,セルビア語,Cyrillic,ј љ њ ћ ђ џ,и / у / улица,ј・љ・њは北マケドニアとも共有。ћ・ђとќ・ѓを比較する。,全国の公用語・主要公共表示,3言語の綴りは非常に近く、ラテン文字とキリル文字が併存する。,112,25,bih-base,sr,17.95457,43.89918,国・地域の外形,,BIH,https://assets.publishing.service.gov.uk/media/6512a00cb23dad0012e70609/Bosnia_and_Herzegovina_Toponymic_factfile.pdf,https://raw.githubusercontent.com/unicode-org/cldr/fc1fd058cc6f50544a450a3b15a4bba0e0c1e653/common/main/sr.xml,Ј Љ Њ Ћ Ђ Џ
南ヨーロッパ,スロベニア,南西端の海岸（コペル・ピラン）,イタリア語,Latin,à è é ì ò ù,il / della / via,固有の追加文字は乏しい。via・piazza・gliなどの語を補助にする。,指定地域の共同公用語・地名併記,,113,26,svn-italian,it,13.80024,45.51142,行政区を使った位置の概略,,SVN,https://assets.publishing.service.gov.uk/media/650bf4d7fbd7bc000de546ff/Slovenia_Toponymic_Factfile.pdf,https://raw.githubusercontent.com/unicode-org/cldr/fc1fd058cc6f50544a450a3b15a4bba0e0c1e653/common/main/it.xml,À È É Ì Ò Ù
南ヨーロッパ,スロベニア,北東端・ハンガリー国境,ハンガリー語,Latin,ő ű sz gy,és / az / utca,二重鋭アクセントő・űが強い手掛かり。ö・üとは別字。,指定地域の共同公用語・地名併記,自治体の中の混住地域。,114,26,svn-hungarian,hu,16.26106,46.73101,行政区を使った位置の概略,,SVN,https://assets.publishing.service.gov.uk/media/650bf4d7fbd7bc000de546ff/Slovenia_Toponymic_Factfile.pdf,https://raw.githubusercontent.com/unicode-org/cldr/fc1fd058cc6f50544a450a3b15a4bba0e0c1e653/common/main/hu.xml,Ő Ű SZ GY
南ヨーロッパ,クロアチア,北西の半島（イストラ）,イタリア語,Latin,à è é ì ò ù,il / della / via,固有の追加文字は乏しい。via・piazza・gliなどの語を補助にする。,地域言語の地名・公共表示,二言語自治体ではクロアチア語とイタリア語を併記。,115,26,hrv-italian,it,13.94181,45.13987,行政区を使った位置の概略,,HRV-SIGNS; HRV-OP,https://rm.coe.int/croatia-ria7-en/4880282b76; https://rm.coe.int/5th-op-croatia-en/1680a2cb49,https://raw.githubusercontent.com/unicode-org/cldr/fc1fd058cc6f50544a450a3b15a4bba0e0c1e653/common/main/it.xml,À È É Ì Ò Ù
南ヨーロッパ,クロアチア,東端（ドナウ川近くの一部自治体）,セルビア語,Cyrillic,ј љ њ ћ ђ џ,и / у / улица,ј・љ・њは北マケドニアとも共有。ћ・ђとќ・ѓを比較する。,地域言語の地名・公共表示,キリル文字の地名・公共施設表示がある自治体。設置状況に地域差。,116,26,hrv-serbian,sr,18.95,45.42,代表地点。周辺全体を意味しない,,HRV-SIGNS; HRV-OP,https://rm.coe.int/croatia-ria7-en/4880282b76; https://rm.coe.int/5th-op-croatia-en/1680a2cb49,https://raw.githubusercontent.com/unicode-org/cldr/fc1fd058cc6f50544a450a3b15a4bba0e0c1e653/common/main/sr.xml,Ј Љ Њ Ћ Ђ Џ
南ヨーロッパ,クロアチア,北部内陸（ダルヴァル周辺）,チェコ語,Latin,ř ě ů,a / v / ulice,řとůが有力。スロバキア語のľ・ôと比較する。,地域言語の地名・公共表示,周辺の一部集落・自治体。2024年の規定を含む2025年報告に基づく。,117,26,hrv-czech,cs,17.23,45.55,代表地点。周辺全体を意味しない,,HRV-SIGNS,https://rm.coe.int/croatia-ria7-en/4880282b76,https://raw.githubusercontent.com/unicode-org/cldr/fc1fd058cc6f50544a450a3b15a4bba0e0c1e653/common/main/cs.xml,Ř Ě Ů
南ヨーロッパ,セルビア,全域（基本の表示）,セルビア語,Cyrillic,ј љ њ ћ ђ џ,и / у / улица,ј・љ・њは北マケドニアとも共有。ћ・ђとќ・ѓを比較する。,全国の公用語・主要公共表示,観光地の英語訳・ラテン文字への転写は他国でも現れる。固有の文字と短い語を組み合わせる。,118,27,srb-base,sr,21.00738,44.20982,国・地域の外形,srb-sr,SRB,https://assets.publishing.service.gov.uk/media/650962d322a783001343e841/Serbia_Toponymic_Factfile.pdf,https://raw.githubusercontent.com/unicode-org/cldr/fc1fd058cc6f50544a450a3b15a4bba0e0c1e653/common/main/sr.xml,Ј Љ Њ Ћ Ђ Џ
南ヨーロッパ,セルビア,全域（基本の表示）,セルビア語（ラテン表記）,Latin,č ć đ š ž,i / u / ulica,キリル文字と併用。クロアチア語・ボスニア語と字形だけでは分けられない。,全国の公用語・主要公共表示,観光地の英語訳・ラテン文字への転写は他国でも現れる。固有の文字と短い語を組み合わせる。,118,27,srb-base,sr_Latn,21.00738,44.20982,国・地域の外形,,SRB,https://assets.publishing.service.gov.uk/media/650962d322a783001343e841/Serbia_Toponymic_Factfile.pdf,https://raw.githubusercontent.com/unicode-org/cldr/fc1fd058cc6f50544a450a3b15a4bba0e0c1e653/common/main/sr_Latn.xml,Č Ć Đ Š Ž
南ヨーロッパ（学習用の別掲）,コソボ,全域（基本の表示）,アルバニア語,Latin,ë ç sh xh,dhe / në / rruga,ëとq/xh/rrなどの組合せ。アルバニアのほかコソボ・北マケドニアなど。,全国の公用語・主要公共表示,国際的地位には立場の違いがあるため学習上の地域として別掲。セルビア語の実表示は自治体差。,119,27,xkx-base,sq,20.90308,42.5877,国・地域の外形,,XKX,https://assets.publishing.service.gov.uk/media/6941525329501ea90654a505/Kosovo_Toponymic_Factfile.pdf,https://raw.githubusercontent.com/unicode-org/cldr/fc1fd058cc6f50544a450a3b15a4bba0e0c1e653/common/main/sq.xml,Ë Ç SH XH
南ヨーロッパ（学習用の別掲）,コソボ,全域（基本の表示）,セルビア語,Cyrillic,ј љ њ ћ ђ џ,и / у / улица,ј・љ・њは北マケドニアとも共有。ћ・ђとќ・ѓを比較する。,全国の公用語・主要公共表示,国際的地位には立場の違いがあるため学習上の地域として別掲。セルビア語の実表示は自治体差。,119,27,xkx-base,sr,20.90308,42.5877,国・地域の外形,,XKX,https://assets.publishing.service.gov.uk/media/6941525329501ea90654a505/Kosovo_Toponymic_Factfile.pdf,https://raw.githubusercontent.com/unicode-org/cldr/fc1fd058cc6f50544a450a3b15a4bba0e0c1e653/common/main/sr.xml,Ј Љ Њ Ћ Ђ Џ
南ヨーロッパ,セルビア,北部（ヴォイヴォディナ）,ハンガリー語,Latin,ő ű sz gy,és / az / utca,二重鋭アクセントő・űが強い手掛かり。ö・üとは別字。,地域言語の地名・公共表示,州の5つの追加公用語。実際の併記は言語集落・自治体ごとに異なる。,120,27,srb-vojvodina,hu,19.94738,45.40367,行政区を使った位置の概略,,SRB,https://assets.publishing.service.gov.uk/media/650962d322a783001343e841/Serbia_Toponymic_Factfile.pdf,https://raw.githubusercontent.com/unicode-org/cldr/fc1fd058cc6f50544a450a3b15a4bba0e0c1e653/common/main/hu.xml,Ő Ű SZ GY
南ヨーロッパ,セルビア,北部（ヴォイヴォディナ）,スロバキア語,Latin,ľ ĺ ŕ ô ä,a / v / ulica,ľは書体によってlの右の小さな印。チェコ語のřは通常ない。,地域言語の地名・公共表示,州の5つの追加公用語。実際の併記は言語集落・自治体ごとに異なる。,120,27,srb-vojvodina,sk,19.94738,45.40367,行政区を使った位置の概略,,SRB,https://assets.publishing.service.gov.uk/media/650962d322a783001343e841/Serbia_Toponymic_Factfile.pdf,https://raw.githubusercontent.com/unicode-org/cldr/fc1fd058cc6f50544a450a3b15a4bba0e0c1e653/common/main/sk.xml,Ľ Ĺ Ŕ Ô Ä
南ヨーロッパ,セルビア,北部（ヴォイヴォディナ）,ルーマニア語,Latin,ă â î ș ț,și / de / strada,ș・țは下付きコンマ。旧字体・古いデータではş・ţが混在する。,地域言語の地名・公共表示,州の5つの追加公用語。実際の併記は言語集落・自治体ごとに異なる。,120,28,srb-vojvodina,ro,19.94738,45.40367,行政区を使った位置の概略,,SRB,https://assets.publishing.service.gov.uk/media/650962d322a783001343e841/Serbia_Toponymic_Factfile.pdf,https://raw.githubusercontent.com/unicode-org/cldr/fc1fd058cc6f50544a450a3b15a4bba0e0c1e653/common/main/ro.xml,Ă Â Î Ș Ț
南ヨーロッパ,セルビア,北部（ヴォイヴォディナ）,パンノニア・ルシン語,Cyrillic,ї є ґ,и / на,セルビア北部などの変種。カルパチアのルシン諸変種と区別して登録。,地域言語の地名・公共表示,州の5つの追加公用語。実際の併記は言語集落・自治体ごとに異なる。,120,28,srb-vojvodina,rsk,19.94738,45.40367,行政区を使った位置の概略,,SRB,https://assets.publishing.service.gov.uk/media/650962d322a783001343e841/Serbia_Toponymic_Factfile.pdf,https://www.omniglot.com/writing/rusyn.htm,Ї Є Ґ
南ヨーロッパ,セルビア,北部（ヴォイヴォディナ）,クロアチア語,Latin,č ć đ š ž,i / u / ulica,ボスニア語・セルビア語ラテン表記と同じ字形。単独では国を分けられない。,地域言語の地名・公共表示,州の5つの追加公用語。実際の併記は言語集落・自治体ごとに異なる。,120,28,srb-vojvodina,hr,19.94738,45.40367,行政区を使った位置の概略,,SRB,https://assets.publishing.service.gov.uk/media/650962d322a783001343e841/Serbia_Toponymic_Factfile.pdf,https://raw.githubusercontent.com/unicode-org/cldr/fc1fd058cc6f50544a450a3b15a4bba0e0c1e653/common/main/hr.xml,Č Ć Đ Š Ž
南ヨーロッパ,セルビア,南西部（ノヴィ・パザル周辺）,ボスニア語,Latin,č ć đ š ž,i / u / ulica,クロアチア語・セルビア語ラテン表記と共有。キリル表記もある。,地域言語の地名・公共表示,サンジャク地方の自治体で公的使用。,121,28,srb-bosnian,bs,20.52,43.14,代表地点。周辺全体を意味しない,,SRB; CHARTER,https://assets.publishing.service.gov.uk/media/650962d322a783001343e841/Serbia_Toponymic_Factfile.pdf; https://rm.coe.int/november-2022-revised-table-languages-covered-english-/1680a8fef4,https://raw.githubusercontent.com/unicode-org/cldr/fc1fd058cc6f50544a450a3b15a4bba0e0c1e653/common/main/bs.xml,Č Ć Đ Š Ž
南ヨーロッパ,セルビア,南端（プレシェヴォ周辺）,アルバニア語,Latin,ë ç sh xh,dhe / në / rruga,ëとq/xh/rrなどの組合せ。アルバニアのほかコソボ・北マケドニアなど。,地域言語の地名・公共表示,北マケドニア・コソボに近い一部自治体。,122,28,srb-albanian,sq,21.65,42.31,代表地点。周辺全体を意味しない,,SRB; CHARTER,https://assets.publishing.service.gov.uk/media/650962d322a783001343e841/Serbia_Toponymic_Factfile.pdf; https://rm.coe.int/november-2022-revised-table-languages-covered-english-/1680a8fef4,https://raw.githubusercontent.com/unicode-org/cldr/fc1fd058cc6f50544a450a3b15a4bba0e0c1e653/common/main/sq.xml,Ë Ç SH XH
南ヨーロッパ（学習用の別掲）,コソボ,南部（プリズレンなど）,トルコ語,Latin,ı İ ğ ş ç ö ü,ve / bir / sokak,iとı、İとIが別。アゼルバイジャン語のəは標準トルコ語にはない。,地域言語の地名・公共表示,トルコ語などの自治体公用語。地域全体の主表示ではない。,123,28,xkx-turkish,tr,20.74,42.21,代表地点。周辺全体を意味しない,,XKX,https://assets.publishing.service.gov.uk/media/6941525329501ea90654a505/Kosovo_Toponymic_Factfile.pdf,https://raw.githubusercontent.com/unicode-org/cldr/fc1fd058cc6f50544a450a3b15a4bba0e0c1e653/common/main/tr.xml,I İ Ğ Ş Ç Ö Ü
南ヨーロッパ（学習用の別掲）,コソボ,南部（プリズレンなど）,ボスニア語,Latin,č ć đ š ž,i / u / ulica,クロアチア語・セルビア語ラテン表記と共有。キリル表記もある。,地域言語の地名・公共表示,トルコ語などの自治体公用語。地域全体の主表示ではない。,123,28,xkx-turkish,bs,20.74,42.21,代表地点。周辺全体を意味しない,,XKX,https://assets.publishing.service.gov.uk/media/6941525329501ea90654a505/Kosovo_Toponymic_Factfile.pdf,https://raw.githubusercontent.com/unicode-org/cldr/fc1fd058cc6f50544a450a3b15a4bba0e0c1e653/common/main/bs.xml,Č Ć Đ Š Ž
南ヨーロッパ,モンテネグロ,全域（基本の表示）,モンテネグロ語,Latin,ś ź č ć đ,i / u / ulica,ś・źは特徴だが看板で常に出るわけではない。キリル表記も使う。,全国の公用語・主要公共表示,モンテネグロ語が国の公用語。残る4言語は憲法上「公的使用」。使用地域・名称は重なる。,124,29,mne-base,cnr,19.29773,42.68803,国・地域の外形,mne-cnr,MNE,https://assets.publishing.service.gov.uk/media/69285cf3b3b9afff34e9615a/Montenegro_Toponymic_factfile.pdf,https://assets.publishing.service.gov.uk/media/69285cf3b3b9afff34e9615a/Montenegro_Toponymic_factfile.pdf,Ś Ź Č Ć Đ
南ヨーロッパ,モンテネグロ,全域（基本の表示）,モンテネグロ語（キリル表記）,Cyrillic,ј љ њ ћ ђ,и / у / улица,セルビア語と大部分を共有。特徴字с́・з́は少なく、見えないことを除外理由にしない。,全国の公用語・主要公共表示,モンテネグロ語が国の公用語。残る4言語は憲法上「公的使用」。使用地域・名称は重なる。,124,29,mne-base,cnr_Cyrl,19.29773,42.68803,国・地域の外形,,MNE,https://assets.publishing.service.gov.uk/media/69285cf3b3b9afff34e9615a/Montenegro_Toponymic_factfile.pdf,https://www.omniglot.com/writing/montenegrin.htm,Ј Љ Њ Ћ Ђ
南ヨーロッパ,モンテネグロ,全域（基本の表示）,セルビア語,Cyrillic,ј љ њ ћ ђ џ,и / у / улица,ј・љ・њは北マケドニアとも共有。ћ・ђとќ・ѓを比較する。,憲法上の公的使用（自治体・住民集落による）,モンテネグロ語が国の公用語。残る4言語は憲法上「公的使用」。使用地域・名称は重なる。,124,29,mne-base,sr,19.29773,42.68803,国・地域の外形,mne-sr,MNE,https://assets.publishing.service.gov.uk/media/69285cf3b3b9afff34e9615a/Montenegro_Toponymic_factfile.pdf,https://raw.githubusercontent.com/unicode-org/cldr/fc1fd058cc6f50544a450a3b15a4bba0e0c1e653/common/main/sr.xml,Ј Љ Њ Ћ Ђ Џ
南ヨーロッパ,モンテネグロ,全域（基本の表示）,ボスニア語,Latin,č ć đ š ž,i / u / ulica,クロアチア語・セルビア語ラテン表記と共有。キリル表記もある。,憲法上の公的使用（自治体・住民集落による）,モンテネグロ語が国の公用語。残る4言語は憲法上「公的使用」。使用地域・名称は重なる。,124,29,mne-base,bs,19.29773,42.68803,国・地域の外形,mne-bs,MNE,https://assets.publishing.service.gov.uk/media/69285cf3b3b9afff34e9615a/Montenegro_Toponymic_factfile.pdf,https://raw.githubusercontent.com/unicode-org/cldr/fc1fd058cc6f50544a450a3b15a4bba0e0c1e653/common/main/bs.xml,Č Ć Đ Š Ž
南ヨーロッパ,モンテネグロ,全域（基本の表示）,クロアチア語,Latin,č ć đ š ž,i / u / ulica,ボスニア語・セルビア語ラテン表記と同じ字形。単独では国を分けられない。,憲法上の公的使用（自治体・住民集落による）,モンテネグロ語が国の公用語。残る4言語は憲法上「公的使用」。使用地域・名称は重なる。,124,29,mne-base,hr,19.29773,42.68803,国・地域の外形,,MNE,https://assets.publishing.service.gov.uk/media/69285cf3b3b9afff34e9615a/Montenegro_Toponymic_factfile.pdf,https://raw.githubusercontent.com/unicode-org/cldr/fc1fd058cc6f50544a450a3b15a4bba0e0c1e653/common/main/hr.xml,Č Ć Đ Š Ž
南ヨーロッパ,モンテネグロ,全域（基本の表示）,アルバニア語,Latin,ë ç sh xh,dhe / në / rruga,ëとq/xh/rrなどの組合せ。アルバニアのほかコソボ・北マケドニアなど。,憲法上の公的使用（自治体・住民集落による）,モンテネグロ語が国の公用語。残る4言語は憲法上「公的使用」。使用地域・名称は重なる。,124,30,mne-base,sq,19.29773,42.68803,国・地域の外形,mne-sq,MNE,https://assets.publishing.service.gov.uk/media/69285cf3b3b9afff34e9615a/Montenegro_Toponymic_factfile.pdf,https://raw.githubusercontent.com/unicode-org/cldr/fc1fd058cc6f50544a450a3b15a4bba0e0c1e653/common/main/sq.xml,Ë Ç SH XH
南ヨーロッパ,アルバニア,全域（基本の表示）,アルバニア語,Latin,ë ç sh xh,dhe / në / rruga,ëとq/xh/rrなどの組合せ。アルバニアのほかコソボ・北マケドニアなど。,全国の公用語・主要公共表示,観光地の英語訳・ラテン文字への転写は他国でも現れる。固有の文字と短い語を組み合わせる。,125,30,alb-base,sq,20.00648,41.14564,国・地域の外形,,CLDR-T,https://www.unicode.org/cldr/charts/48/supplemental/territory_language_information.html,https://raw.githubusercontent.com/unicode-org/cldr/fc1fd058cc6f50544a450a3b15a4bba0e0c1e653/common/main/sq.xml,Ë Ç SH XH
南ヨーロッパ,北マケドニア,全域（基本の表示）,マケドニア語,Cyrillic,ј љ њ ќ ѓ ѕ,и / во / улица,ќ・ѓ・ѕが強い補助。セルビア語のћ・ђと形を比べる。,全国の公用語・主要公共表示,観光地の英語訳・ラテン文字への転写は他国でも現れる。固有の文字と短い語を組み合わせる。,126,30,mkd-base,mk,21.7331,41.59881,国・地域の外形,mkd-mk,MKD,https://assets.publishing.service.gov.uk/media/69b175ba24c6431b84f0e475/North_Macedonia_Toponymic_Factfile.pdf,https://raw.githubusercontent.com/unicode-org/cldr/fc1fd058cc6f50544a450a3b15a4bba0e0c1e653/common/main/mk.xml,Ј Љ Њ Ќ Ѓ Ѕ
南ヨーロッパ,北マケドニア,全域（基本の表示）,アルバニア語,Latin,ë ç sh xh,dhe / në / rruga,ëとq/xh/rrなどの組合せ。アルバニアのほかコソボ・北マケドニアなど。,全国の公用語・主要公共表示,観光地の英語訳・ラテン文字への転写は他国でも現れる。固有の文字と短い語を組み合わせる。,126,30,mkd-base,sq,21.7331,41.59881,国・地域の外形,mkd-sq,MKD,https://assets.publishing.service.gov.uk/media/69b175ba24c6431b84f0e475/North_Macedonia_Toponymic_Factfile.pdf,https://raw.githubusercontent.com/unicode-org/cldr/fc1fd058cc6f50544a450a3b15a4bba0e0c1e653/common/main/sq.xml,Ë Ç SH XH
南ヨーロッパ,モンテネグロ,南東端（ウルツィニ・トゥジ）,アルバニア語,Latin,ë ç sh xh,dhe / në / rruga,ëとq/xh/rrなどの組合せ。アルバニアのほかコソボ・北マケドニアなど。,憲法上の公的使用（自治体・住民集落による）,アルバニア国境近く。Ulcinj / Ulqinなどの地名。,127,30,mne-albanian,sq,19.18925,42.17792,国の外形で切り取った概略範囲,,MNE,https://assets.publishing.service.gov.uk/media/69285cf3b3b9afff34e9615a/Montenegro_Toponymic_factfile.pdf,https://raw.githubusercontent.com/unicode-org/cldr/fc1fd058cc6f50544a450a3b15a4bba0e0c1e653/common/main/sq.xml,Ë Ç SH XH
南ヨーロッパ,アルバニア,南端・ギリシャ国境近く,ギリシャ語,Greek,Θ θ Λ λ Ξ ξ Ω ω,και / η / οδός,独立したギリシャ文字。キプロスでも使う。ΡはラテンPに似る。,地域言語の地名・公共表示,ギリシャ語少数言語地域の一部表示。,128,30,alb-greek,el,20.26,39.88,代表地点。周辺全体を意味しない,,ALB-SIGNS,https://rm.coe.int/5th-op-albania-en/1680acf90e,https://raw.githubusercontent.com/unicode-org/cldr/fc1fd058cc6f50544a450a3b15a4bba0e0c1e653/common/main/el.xml,Θ Θ Λ Λ Ξ Ξ Ω Ω
南ヨーロッパ,北マケドニア,西部・北西部（テトヴォなど）,アルバニア語,Latin,ë ç sh xh,dhe / në / rruga,ëとq/xh/rrなどの組合せ。アルバニアのほかコソボ・北マケドニアなど。,地域言語の地名・公共表示,アルバニア語の併記が位置の補助。国の公的使用の範囲はこれより広い。,129,31,mkd-albanian,sq,20.95,41.52996,国の外形で切り取った概略範囲,mkd-sq,MKD,https://assets.publishing.service.gov.uk/media/69b175ba24c6431b84f0e475/North_Macedonia_Toponymic_Factfile.pdf,https://raw.githubusercontent.com/unicode-org/cldr/fc1fd058cc6f50544a450a3b15a4bba0e0c1e653/common/main/sq.xml,Ë Ç SH XH
南ヨーロッパ,北マケドニア,中西部の一部自治体,トルコ語,Latin,ı İ ğ ş ç ö ü,ve / bir / sokak,iとı、İとIが別。アゼルバイジャン語のəは標準トルコ語にはない。,自治体公用語・地域の公共表示,自治体公用語の一つ。マケドニア語との併記。,130,31,mkd-turkish,tr,21.0,41.51,代表地点。周辺全体を意味しない,,MKD; CHARTER,https://assets.publishing.service.gov.uk/media/69b175ba24c6431b84f0e475/North_Macedonia_Toponymic_Factfile.pdf; https://rm.coe.int/november-2022-revised-table-languages-covered-english-/1680a8fef4,https://raw.githubusercontent.com/unicode-org/cldr/fc1fd058cc6f50544a450a3b15a4bba0e0c1e653/common/main/tr.xml,I İ Ğ Ş Ç Ö Ü
南ヨーロッパ,北マケドニア,北部・首都スコピエの一地区,ロマニ語,Latin,č š ž,romani,正書法が複数ある。北マケドニアの自治体表示はマケドニア語と併せて読む。,自治体公用語・地域の公共表示,シュト・オリザリ地区の地域公用語。全国の道路標識の言語ではない。,131,31,mkd-romani,rom,21.42,42.04,代表地点。周辺全体を意味しない,,MKD; CHARTER,https://assets.publishing.service.gov.uk/media/69b175ba24c6431b84f0e475/North_Macedonia_Toponymic_Factfile.pdf; https://rm.coe.int/november-2022-revised-table-languages-covered-english-/1680a8fef4,https://www.omniglot.com/writing/romani.htm,Č Š Ž
南ヨーロッパ,北マケドニア,北端（首都スコピエの北側）,セルビア語,Cyrillic,ј љ њ ћ ђ џ,и / у / улица,ј・љ・њは北マケドニアとも共有。ћ・ђとќ・ѓを比較する。,自治体公用語（表示の量は未測定）,チュチェル・サンデヴォの自治体公用語。セルビア語の字形があっても国境の北側とは限らない。,132,31,mkd-serbian,sr,21.3844,42.1019,代表地点。周辺全体を意味しない,,MKD,https://assets.publishing.service.gov.uk/media/69b175ba24c6431b84f0e475/North_Macedonia_Toponymic_Factfile.pdf,https://raw.githubusercontent.com/unicode-org/cldr/fc1fd058cc6f50544a450a3b15a4bba0e0c1e653/common/main/sr.xml,Ј Љ Њ Ћ Ђ Џ
南ヨーロッパ,北マケドニア,中西部内陸（クルシェヴォ周辺）,アルーマニア語（ヴラフ語）,Latin,ã sh ts,shi / Crushuva,ルーマニア語に近い。ãとshは近年の正書法の補助で、綴りは地域によって異なる。,自治体公用語（表示の量は未測定）,クルシェヴォの自治体公用語。Crushuvaはアルーマニア語の地名形。地図の点は自治体の代表位置。,133,31,mkd-aromanian,rup,21.2483,41.3694,代表地点。周辺全体を意味しない,,MKD,https://assets.publishing.service.gov.uk/media/69b175ba24c6431b84f0e475/North_Macedonia_Toponymic_Factfile.pdf,https://www.omniglot.com/writing/aromanian.htm,Ã SH TS
南ヨーロッパ,アルバニア,南東端（プレスパ湖畔）,マケドニア語,Cyrillic,ј љ њ ќ ѓ ѕ,и / во / улица,ќ・ѓ・ѕが強い補助。セルビア語のћ・ђと形を比べる。,地域言語の地名・公共表示,プステツなどのマケドニア語との二言語表示。,134,31,alb-macedonian,mk,20.91,40.79,代表地点。周辺全体を意味しない,,ALB-SIGNS,https://rm.coe.int/5th-op-albania-en/1680acf90e,https://raw.githubusercontent.com/unicode-org/cldr/fc1fd058cc6f50544a450a3b15a4bba0e0c1e653/common/main/mk.xml,Ј Љ Њ Ќ Ѓ Ѕ
南ヨーロッパ,ギリシャ,全域（基本の表示）,ギリシャ語,Greek,Θ θ Λ λ Ξ ξ Ω ω,και / η / οδός,独立したギリシャ文字。キプロスでも使う。ΡはラテンPに似る。,全国の公用語・主要公共表示,観光地の英語訳・ラテン文字への転写は他国でも現れる。固有の文字と短い語を組み合わせる。,135,32,grc-base,el,21.96854,39.07111,国・地域の外形,,CLDR-T,https://www.unicode.org/cldr/charts/48/supplemental/territory_language_information.html,https://raw.githubusercontent.com/unicode-org/cldr/fc1fd058cc6f50544a450a3b15a4bba0e0c1e653/common/main/el.xml,Θ Θ Λ Λ Ξ Ξ Ω Ω
南ヨーロッパ,マルタ,全域（基本の表示）,マルタ語,Latin,ċ ġ ħ ż għ,il- / tal- / triq,ħと点付きċ・ġ・żが有力。英語の併記もよく使われる。,全国の公用語・主要公共表示,観光地の英語訳・ラテン文字への転写は他国でも現れる。固有の文字と短い語を組み合わせる。,136,32,mlt-base,mt,14.41513,35.9252,国・地域の外形,,EU,https://european-union.europa.eu/principles-countries-history/languages_en,https://raw.githubusercontent.com/unicode-org/cldr/fc1fd058cc6f50544a450a3b15a4bba0e0c1e653/common/main/mt.xml,Ċ Ġ Ħ Ż GĦ
南ヨーロッパ,マルタ,全域（基本の表示）,英語,Latin,th sh wh,the / of / road,基本26字だけでは他のラテン文字言語と区別しにくい。英語の案内は各国にある。,全国の公用語・主要公共表示,観光地の英語訳・ラテン文字への転写は他国でも現れる。固有の文字と短い語を組み合わせる。,136,32,mlt-base,en,14.41513,35.9252,国・地域の外形,,EU,https://european-union.europa.eu/principles-countries-history/languages_en,https://raw.githubusercontent.com/unicode-org/cldr/fc1fd058cc6f50544a450a3b15a4bba0e0c1e653/common/main/en.xml,TH SH WH
西アジア,キプロス,島の南部（共和国政府管理地域）,ギリシャ語,Greek,Θ θ Λ λ Ξ ξ Ω ω,και / η / οδός,独立したギリシャ文字。キプロスでも使う。ΡはラテンPに似る。,地域言語の地名・公共表示,ギリシャ語が主表示。英語やラテン文字への転写も併用される。,137,32,cyp-south,el,32.98765,34.90532,国・地域の外形,,CYP; CYP-PIO,https://www.olc.gov.cy/olc/olc.nsf/5CA0138A654BE102C2258D48002E723E/%24file/Constitution%2014.11.2025.pdf; https://publications.gov.cy/assets/user/publications/GAAG/CAAG_EN_2018/files/assets/common/downloads/Cyprus%20at%20a%20Glance_AR.pdf,https://raw.githubusercontent.com/unicode-org/cldr/fc1fd058cc6f50544a450a3b15a4bba0e0c1e653/common/main/el.xml,Θ Θ Λ Λ Ξ Ξ Ω Ω
西アジア,キプロス,島の北部（事実上別の行政下）,トルコ語,Latin,ı İ ğ ş ç ö ü,ve / bir / sokak,iとı、İとIが別。アゼルバイジャン語のəは標準トルコ語にはない。,地域言語の地名・公共表示,トルコ語が主表示。キプロスの憲法上の公用語はギリシャ語とトルコ語。境界はNatural Earthの表示区分。,138,32,cyp-north,tr,33.8088,35.34382,国・地域の外形,,CYP; CYP-PIO,https://www.olc.gov.cy/olc/olc.nsf/5CA0138A654BE102C2258D48002E723E/%24file/Constitution%2014.11.2025.pdf; https://publications.gov.cy/assets/user/publications/GAAG/CAAG_EN_2018/files/assets/common/downloads/Cyprus%20at%20a%20Glance_AR.pdf,https://raw.githubusercontent.com/unicode-org/cldr/fc1fd058cc6f50544a450a3b15a4bba0e0c1e653/common/main/tr.xml,I İ Ğ Ş Ç Ö Ü
東ヨーロッパ,ブルガリア,全域（基本の表示）,ブルガリア語,Cyrillic,ъ щ ѝ,и / на / улица,語中のъが目立つ。ロシア語にもъはあるので単独では断定しない。,全国の公用語・主要公共表示,観光地の英語訳・ラテン文字への転写は他国でも現れる。固有の文字と短い語を組み合わせる。,139,33,bgr-base,bg,25.1718,42.7737,国・地域の外形,,CLDR-T,https://www.unicode.org/cldr/charts/48/supplemental/territory_language_information.html,https://raw.githubusercontent.com/unicode-org/cldr/fc1fd058cc6f50544a450a3b15a4bba0e0c1e653/common/main/bg.xml,Ъ Щ Ѝ
東ヨーロッパ,ルーマニア,全域（基本の表示）,ルーマニア語,Latin,ă â î ș ț,și / de / strada,ș・țは下付きコンマ。旧字体・古いデータではş・ţが混在する。,全国の公用語・主要公共表示,観光地の英語訳・ラテン文字への転写は他国でも現れる。固有の文字と短い語を組み合わせる。,140,33,rou-base,ro,24.26879,45.94754,国・地域の外形,,ROU,https://assets.publishing.service.gov.uk/media/694548d92f0261139350894f/Romania_Toponymic_Factfile.pdf,https://raw.githubusercontent.com/unicode-org/cldr/fc1fd058cc6f50544a450a3b15a4bba0e0c1e653/common/main/ro.xml,Ă Â Î Ș Ț
東ヨーロッパ,モルドバ,全域（基本の表示）,ルーマニア語,Latin,ă â î ș ț,și / de / strada,ș・țは下付きコンマ。旧字体・古いデータではş・ţが混在する。,全国の公用語・主要公共表示,観光地の英語訳・ラテン文字への転写は他国でも現れる。固有の文字と短い語を組み合わせる。,141,33,mda-base,ro,28.81767,47.00225,国・地域の外形,,MDA,https://assets.publishing.service.gov.uk/media/6634e8f21834d96a0aa6d0ed/Moldova_Toponymic_Factfile.pdf,https://raw.githubusercontent.com/unicode-org/cldr/fc1fd058cc6f50544a450a3b15a4bba0e0c1e653/common/main/ro.xml,Ă Â Î Ș Ț
東ヨーロッパ,ルーマニア,中央の東寄り（セーケイ地方）,ハンガリー語,Latin,ő ű sz gy,és / az / utca,二重鋭アクセントő・űが強い手掛かり。ö・üとは別字。,地域言語の地名・公共表示,地域の中でも市町村差。ルーマニア語とハンガリー語の併記が補助。,142,33,rou-hungarian-east,hu,25.12191,46.34506,行政区を使った位置の概略,,ROU,https://assets.publishing.service.gov.uk/media/694548d92f0261139350894f/Romania_Toponymic_Factfile.pdf,https://raw.githubusercontent.com/unicode-org/cldr/fc1fd058cc6f50544a450a3b15a4bba0e0c1e653/common/main/hu.xml,Ő Ű SZ GY
東ヨーロッパ,ルーマニア,北西部・ハンガリー国境近く,ハンガリー語,Latin,ő ű sz gy,és / az / utca,二重鋭アクセントő・űが強い手掛かり。ö・üとは別字。,地域言語の地名・公共表示,自治体ごとに併記。中央東寄りの集住地とは分けて覚える。,143,33,rou-hungarian-west,hu,22.83232,47.25628,行政区を使った位置の概略,,ROU,https://assets.publishing.service.gov.uk/media/694548d92f0261139350894f/Romania_Toponymic_Factfile.pdf,https://raw.githubusercontent.com/unicode-org/cldr/fc1fd058cc6f50544a450a3b15a4bba0e0c1e653/common/main/hu.xml,Ő Ű SZ GY
東ヨーロッパ,ルーマニア,中央南部（シビウ・ブラショヴ周辺）,ドイツ語,Latin,ä ö ü ß,der / die / und / Straße,ßが有力。大文字ではSSも使う。スイス・リヒテンシュタインでは通常ss。,少数言語・歴史的地名の表示,ドイツ語の旧地名・文化案内など。現住民の多数言語ではない。,144,33,rou-german,de,24.15,45.8,代表地点。周辺全体を意味しない,,ROU; CHARTER,https://assets.publishing.service.gov.uk/media/694548d92f0261139350894f/Romania_Toponymic_Factfile.pdf; https://rm.coe.int/november-2022-revised-table-languages-covered-english-/1680a8fef4,https://raw.githubusercontent.com/unicode-org/cldr/fc1fd058cc6f50544a450a3b15a4bba0e0c1e653/common/main/de.xml,Ä Ö Ü SS
東ヨーロッパ,モルドバ,南部（コムラト周辺）,ガガウズ語,Latin,ä ê ı ţ,hem / bir,トルコ語に似るがä・êが補助。モルドバ南部ではロシア語も広く使う。,地域言語の地名・公共表示,ガガウズ自治地域は飛び地を含む。地図は南部の概略でロシア語表示も多い。,145,34,mda-gagauz,gag,28.68854,46.13595,国の外形で切り取った概略範囲,mda-gag-reg,MDA; MDA-REG,https://assets.publishing.service.gov.uk/media/6634e8f21834d96a0aa6d0ed/Moldova_Toponymic_Factfile.pdf; https://statistica.gov.md/en/preliminary-results-of-the-2024-population-and-housing-census-10077_61626.html,https://www.omniglot.com/writing/gagauz.htm,Ä Ê I Ţ
東ヨーロッパ,モルドバ,南部（コムラト周辺）,ロシア語,Cyrillic,ы э ё ъ,и / в / улица,ы・эはベラルーシ語やロシア内の諸語も共有。ёの点が省かれる例もある。,地域言語の地名・公共表示,ガガウズ自治地域は飛び地を含む。地図は南部の概略でロシア語表示も多い。,145,34,mda-gagauz,ru,28.68854,46.13595,国の外形で切り取った概略範囲,,MDA; MDA-REG,https://assets.publishing.service.gov.uk/media/6634e8f21834d96a0aa6d0ed/Moldova_Toponymic_Factfile.pdf; https://statistica.gov.md/en/preliminary-results-of-the-2024-population-and-housing-census-10077_61626.html,https://raw.githubusercontent.com/unicode-org/cldr/fc1fd058cc6f50544a450a3b15a4bba0e0c1e653/common/main/ru.xml,Ы Э Ё Ъ
東ヨーロッパ,モルドバ,南端（タラクリア周辺）,ブルガリア語,Cyrillic,ъ щ ѝ,и / на / улица,語中のъが目立つ。ロシア語にもъはあるので単独では断定しない。,少数言語の自治体・文化表示,,146,34,mda-bulgarian,bg,28.66,45.9,代表地点。周辺全体を意味しない,,MDA; CHARTER,https://assets.publishing.service.gov.uk/media/6634e8f21834d96a0aa6d0ed/Moldova_Toponymic_Factfile.pdf; https://rm.coe.int/november-2022-revised-table-languages-covered-english-/1680a8fef4,https://raw.githubusercontent.com/unicode-org/cldr/fc1fd058cc6f50544a450a3b15a4bba0e0c1e653/common/main/bg.xml,Ъ Щ Ѝ
東ヨーロッパ,モルドバ,東端・ドニエストル川東岸など,ロシア語,Cyrillic,ы э ё ъ,и / в / улица,ы・эはベラルーシ語やロシア内の諸語も共有。ёの点が省かれる例もある。,事実上の行政・地域表示,沿ドニエストルの統治・表示は別事情。ロシア語が目立ち、ウクライナ語にも公的地位。キリル表記のモルドバ語は別行。,147,34,mda-transnistria,ru,29.19971,47.28663,国の外形で切り取った概略範囲,,MDA,https://assets.publishing.service.gov.uk/media/6634e8f21834d96a0aa6d0ed/Moldova_Toponymic_Factfile.pdf,https://raw.githubusercontent.com/unicode-org/cldr/fc1fd058cc6f50544a450a3b15a4bba0e0c1e653/common/main/ru.xml,Ы Э Ё Ъ
東ヨーロッパ,モルドバ,東端・ドニエストル川東岸など,ウクライナ語,Cyrillic,і ї є ґ,і / та / вулиця,ї・єが有力。іだけではベラルーシ語やラテン文字と区別できない。,事実上の行政・地域表示,沿ドニエストルの統治・表示は別事情。ロシア語が目立ち、ウクライナ語にも公的地位。キリル表記のモルドバ語は別行。,147,34,mda-transnistria,uk,29.19971,47.28663,国の外形で切り取った概略範囲,,MDA,https://assets.publishing.service.gov.uk/media/6634e8f21834d96a0aa6d0ed/Moldova_Toponymic_Factfile.pdf,https://raw.githubusercontent.com/unicode-org/cldr/fc1fd058cc6f50544a450a3b15a4bba0e0c1e653/common/main/uk.xml,І Ї Є Ґ
東ヨーロッパ,モルドバ,東端（沿ドニエストル）,モルドバ語（キリル表記）,Cyrillic,ы э ж,ши / де,ルーマニア語に対応する言語のキリル表記。沿ドニエストルの公的表示に限った補助。,事実上の地域公用語の表記,キリル文字のモルドバ語。共和国政府側のルーマニア語ラテン表記と分ける。,148,34,mda-moldovan-cyrillic,ro_Cyrl,29.64,46.84,代表地点。周辺全体を意味しない,,MDA,https://assets.publishing.service.gov.uk/media/6634e8f21834d96a0aa6d0ed/Moldova_Toponymic_Factfile.pdf,https://www.omniglot.com/writing/moldovan.htm,Ы Э Ж
東ヨーロッパ,ウクライナ,全域（基本の表示）,ウクライナ語,Cyrillic,і ї є ґ,і / та / вулиця,ї・єが有力。іだけではベラルーシ語やラテン文字と区別できない。,全国の公用語・主要公共表示,戦争・占領・改称・撮影年により表示が変化。旧画像のロシア語だけで現在の国を判定しない。,149,35,ukr-base,uk,33.90489,48.37115,国・地域の外形,,UKR,https://unstats.un.org/unsd/geoinfo/UNGEGN/docs/Toponymic%20guidelines%20PDF/Ukraine/Verstka.pdf,https://raw.githubusercontent.com/unicode-org/cldr/fc1fd058cc6f50544a450a3b15a4bba0e0c1e653/common/main/uk.xml,І Ї Є Ґ
東ヨーロッパ,ベラルーシ,全域（基本の表示）,ベラルーシ語,Cyrillic,ў і ы э,і / у / вуліца,短いuのўが有力。ロシア語との併記・混在が多い。,全国の公用語・主要公共表示,観光地の英語訳・ラテン文字への転写は他国でも現れる。固有の文字と短い語を組み合わせる。,150,35,blr-base,be,28.02015,53.69554,国・地域の外形,,CLDR-T,https://www.unicode.org/cldr/charts/48/supplemental/territory_language_information.html,https://raw.githubusercontent.com/unicode-org/cldr/fc1fd058cc6f50544a450a3b15a4bba0e0c1e653/common/main/be.xml,Ў І Ы Э
東ヨーロッパ,ベラルーシ,全域（基本の表示）,ロシア語,Cyrillic,ы э ё ъ,и / в / улица,ы・эはベラルーシ語やロシア内の諸語も共有。ёの点が省かれる例もある。,全国の公用語・主要公共表示,観光地の英語訳・ラテン文字への転写は他国でも現れる。固有の文字と短い語を組み合わせる。,150,35,blr-base,ru,28.02015,53.69554,国・地域の外形,,CLDR-T,https://www.unicode.org/cldr/charts/48/supplemental/territory_language_information.html,https://raw.githubusercontent.com/unicode-org/cldr/fc1fd058cc6f50544a450a3b15a4bba0e0c1e653/common/main/ru.xml,Ы Э Ё Ъ
東ヨーロッパ,ウクライナ,西端（ハンガリー国境近く）,ハンガリー語,Latin,ő ű sz gy,és / az / utca,二重鋭アクセントő・űが強い手掛かり。ö・üとは別字。,地域言語の地名・公共表示,ザカルパッチャ南西側の一部。資料は戦前の地域状況を含む。,151,35,ukr-hungarian,hu,22.64,48.21,代表地点。周辺全体を意味しない,,UKR; CHARTER,https://unstats.un.org/unsd/geoinfo/UNGEGN/docs/Toponymic%20guidelines%20PDF/Ukraine/Verstka.pdf; https://rm.coe.int/november-2022-revised-table-languages-covered-english-/1680a8fef4,https://raw.githubusercontent.com/unicode-org/cldr/fc1fd058cc6f50544a450a3b15a4bba0e0c1e653/common/main/hu.xml,Ő Ű SZ GY
東ヨーロッパ,ウクライナ,南西部（チェルニウツィの南など）,ルーマニア語,Latin,ă â î ș ț,și / de / strada,ș・țは下付きコンマ。旧字体・古いデータではş・ţが混在する。,地域言語の地名・公共表示,ルーマニア国境近くの一部。資料・画像の撮影年を確認。,152,35,ukr-romanian,ro,25.92,48.15,代表地点。周辺全体を意味しない,,UKR; CHARTER,https://unstats.un.org/unsd/geoinfo/UNGEGN/docs/Toponymic%20guidelines%20PDF/Ukraine/Verstka.pdf; https://rm.coe.int/november-2022-revised-table-languages-covered-english-/1680a8fef4,https://raw.githubusercontent.com/unicode-org/cldr/fc1fd058cc6f50544a450a3b15a4bba0e0c1e653/common/main/ro.xml,Ă Â Î Ș Ț
東ヨーロッパ,ウクライナ,東部・南部・クリミアなどの旧画像,ロシア語,Cyrillic,ы э ё ъ,и / в / улица,ы・эはベラルーシ語やロシア内の諸語も共有。ёの点が省かれる例もある。,歴史的・事実上の表示（撮影年依存）,ロシア語は旧画像や現在の一部表示にもある。言語と国境を結び付けない。地図の範囲は便宜的。,153,35,ukr-russian,ru,35.61167,47.34711,国の外形で切り取った概略範囲,,UKR; RUS,https://unstats.un.org/unsd/geoinfo/UNGEGN/docs/Toponymic%20guidelines%20PDF/Ukraine/Verstka.pdf; https://assets.publishing.service.gov.uk/media/68419a05578282a4b102c093/Russia_Toponymic_Factfile.pdf,https://raw.githubusercontent.com/unicode-org/cldr/fc1fd058cc6f50544a450a3b15a4bba0e0c1e653/common/main/ru.xml,Ы Э Ё Ъ
西アジア,アルメニア,全域（基本の表示）,アルメニア語,Armenian,ա ե մ ն ս և,և / ի,独立したアルメニア文字。日本語の山などに似て見える字が連続する。,全国の公用語・主要公共表示,観光地の英語訳・ラテン文字への転写は他国でも現れる。固有の文字と短い語を組み合わせる。,154,36,arm-base,hy,44.84023,40.07678,国・地域の外形,,CLDR-T,https://www.unicode.org/cldr/charts/48/supplemental/territory_language_information.html,https://raw.githubusercontent.com/unicode-org/cldr/fc1fd058cc6f50544a450a3b15a4bba0e0c1e653/common/main/hy.xml,Ա Ե Մ Ն Ս ԵՒ
西アジア,アゼルバイジャン,全域（基本の表示）,アゼルバイジャン語,Latin,ə ı İ ğ ş ç,və / üçün,əがトルコ語との比較に有力。ıとi、Iとİを区別する。,全国の公用語・主要公共表示,観光地の英語訳・ラテン文字への転写は他国でも現れる。固有の文字と短い語を組み合わせる。,155,36,aze-base,az,47.72856,40.14785,国・地域の外形,,AZE,https://president.az/en/pages/view/azerbaijan/constitution,https://raw.githubusercontent.com/unicode-org/cldr/fc1fd058cc6f50544a450a3b15a4bba0e0c1e653/common/main/az.xml,Ə I İ Ğ Ş Ç
西アジア,ジョージア,全域（基本の表示）,ジョージア語,Georgian,ა ბ გ დ ლ მ,და / ქუჩა,丸い輪・曲線の多い独立文字。大文字様のムタヴルリも同じ言語。,全国の公用語・主要公共表示,観光地の英語訳・ラテン文字への転写は他国でも現れる。固有の文字と短い語を組み合わせる。,156,36,geo-base,ka,43.63581,42.28696,国・地域の外形,,GEO,https://assets.publishing.service.gov.uk/media/690dd89dacbadb0fa8050f77/Georgia_Toponymic_factfile.pdf,https://raw.githubusercontent.com/unicode-org/cldr/fc1fd058cc6f50544a450a3b15a4bba0e0c1e653/common/main/ka.xml,Ა Ბ Გ Დ Ლ Მ
西アジア,ジョージア,北西部・黒海沿岸（アブハジア）,アブハズ語,Cyrillic,ә ҩ ҿ ҧ,Аҟәа,追加キリル字が多い。ジョージア文字とは別。ロシア語も使われる。,地域言語の地名・公共表示,アブハズ語の法的位置と、事実上の行政・表示状況を分ける。ジョージア文字だけではない。,157,36,geo-abkhazia,ab,41.45162,43.00343,行政区を使った位置の概略,,GEO; GEO-LAW,https://assets.publishing.service.gov.uk/media/690dd89dacbadb0fa8050f77/Georgia_Toponymic_factfile.pdf; https://www.matsne.gov.ge/en/document/view/2931198?fullscreen=1&impose=parallelEn,https://raw.githubusercontent.com/unicode-org/cldr/fc1fd058cc6f50544a450a3b15a4bba0e0c1e653/common/main/ab.xml,Ә Ҩ Ҿ Ҧ
西アジア,ジョージア,北西部・黒海沿岸（アブハジア）,ロシア語,Cyrillic,ы э ё ъ,и / в / улица,ы・эはベラルーシ語やロシア内の諸語も共有。ёの点が省かれる例もある。,地域言語の地名・公共表示,アブハズ語の法的位置と、事実上の行政・表示状況を分ける。ジョージア文字だけではない。,157,36,geo-abkhazia,ru,41.45162,43.00343,行政区を使った位置の概略,,GEO; GEO-LAW,https://assets.publishing.service.gov.uk/media/690dd89dacbadb0fa8050f77/Georgia_Toponymic_factfile.pdf; https://www.matsne.gov.ge/en/document/view/2931198?fullscreen=1&impose=parallelEn,https://raw.githubusercontent.com/unicode-org/cldr/fc1fd058cc6f50544a450a3b15a4bba0e0c1e653/common/main/ru.xml,Ы Э Ё Ъ
西アジア,ジョージア,北寄りの中央山地（南オセチア）,オセット語,Cyrillic,Ӕ ӕ,ӕмӕ,キリルのӕはラテンのæに似る。ロシア語と併記されることがある。,事実上の地域公用語・表示,塗色は位置の概略。行政上・国際的な地位の主張ではない。,158,36,geo-ossetia,os,44.2,42.27611,国の外形で切り取った概略範囲,,GEO,https://assets.publishing.service.gov.uk/media/690dd89dacbadb0fa8050f77/Georgia_Toponymic_factfile.pdf,https://raw.githubusercontent.com/unicode-org/cldr/fc1fd058cc6f50544a450a3b15a4bba0e0c1e653/common/main/os.xml,Ӕ Ӕ
西アジア,ジョージア,北寄りの中央山地（南オセチア）,ロシア語,Cyrillic,ы э ё ъ,и / в / улица,ы・эはベラルーシ語やロシア内の諸語も共有。ёの点が省かれる例もある。,事実上の地域公用語・表示,塗色は位置の概略。行政上・国際的な地位の主張ではない。,158,36,geo-ossetia,ru,44.2,42.27611,国の外形で切り取った概略範囲,,GEO,https://assets.publishing.service.gov.uk/media/690dd89dacbadb0fa8050f77/Georgia_Toponymic_factfile.pdf,https://raw.githubusercontent.com/unicode-org/cldr/fc1fd058cc6f50544a450a3b15a4bba0e0c1e653/common/main/ru.xml,Ы Э Ё Ъ
東ヨーロッパ,ロシア,全域（基本の表示）,ロシア語,Cyrillic,ы э ё ъ,и / в / улица,ы・эはベラルーシ語やロシア内の諸語も共有。ёの点が省かれる例もある。,全国の公用語・主要公共表示,ロシア語は全域。アジア側と地域公用語も後半の拡大図に収録。,159,37,rus-base,ru,88.3972,59.46427,国・地域の外形,,RUS,https://assets.publishing.service.gov.uk/media/68419a05578282a4b102c093/Russia_Toponymic_Factfile.pdf,https://raw.githubusercontent.com/unicode-org/cldr/fc1fd058cc6f50544a450a3b15a4bba0e0c1e653/common/main/ru.xml,Ы Э Ё Ъ
東ヨーロッパ,ロシア,西部内陸（カザン周辺）,タタール語,Cyrillic,ә ө ү җ ң һ,һәм / урамы,追加6字が補助。バシキール語と共通するが、ҙ・ҫは通常使わない。,共和国公用語（実際の表示は局所・地域差）,共和国の公用語を収録。塗色は共和国の外形で、話者の密度・看板の頻度・言語の排他的境界を示さない。 2018年調査で街路名・公共施設への併記を確認。,160,38,rus-tatar,tt,50.72148,55.32831,行政区を使った位置の概略,,RUS; RUS-SIGNS,https://assets.publishing.service.gov.uk/media/68419a05578282a4b102c093/Russia_Toponymic_Factfile.pdf; https://rm.coe.int/4th-advisory-committee-opinion-on-the-russian-federation-english-langu/1680908982,https://raw.githubusercontent.com/unicode-org/cldr/fc1fd058cc6f50544a450a3b15a4bba0e0c1e653/common/main/tt.xml,Ә Ө Ү Җ Ң Һ
東ヨーロッパ,ロシア,西部内陸（ウファ周辺）,バシキール語,Cyrillic,ә ө ү ғ ҡ ҙ ҫ,һәм,タタール語との比較ではҙ・ҫ・ҡ・ғが補助。,共和国公用語（実際の表示は局所・地域差）,共和国の公用語を収録。塗色は共和国の外形で、話者の密度・看板の頻度・言語の排他的境界を示さない。,161,38,rus-bashkir,ba,56.33564,54.02518,行政区を使った位置の概略,,RUS,https://assets.publishing.service.gov.uk/media/68419a05578282a4b102c093/Russia_Toponymic_Factfile.pdf,https://raw.githubusercontent.com/unicode-org/cldr/fc1fd058cc6f50544a450a3b15a4bba0e0c1e653/common/main/ba.xml,Ә Ө Ү Ғ Ҡ Ҙ Ҫ
東ヨーロッパ,ロシア,西部内陸（カザンの西）,チュヴァシ語,Cyrillic,ӑ ӗ ҫ ӳ,тата,母音上の短音符ӑ・ӗとӳが特徴。,共和国公用語（実際の表示は局所・地域差）,共和国の公用語を収録。塗色は共和国の外形で、話者の密度・看板の頻度・言語の排他的境界を示さない。 2018年調査ではチェボクサルの街路名併記。,162,38,rus-chuvash,cv,47.1459,55.47553,行政区を使った位置の概略,,RUS; RUS-SIGNS,https://assets.publishing.service.gov.uk/media/68419a05578282a4b102c093/Russia_Toponymic_Factfile.pdf; https://rm.coe.int/4th-advisory-committee-opinion-on-the-russian-federation-english-langu/1680908982,https://raw.githubusercontent.com/unicode-org/cldr/fc1fd058cc6f50544a450a3b15a4bba0e0c1e653/common/main/cv.xml,Ӑ Ӗ Ҫ Ӳ
東ヨーロッパ,ロシア,西部内陸（カザンの北西）,草原マリ語,Cyrillic,ҥ ӧ ӱ,да,ロシア語にない追加字。山地マリ語と共有する。,共和国公用語（実際の表示は局所・地域差）,共和国の公用語を収録。塗色は共和国の外形で、話者の密度・看板の頻度・言語の排他的境界を示さない。,163,38,rus-mari,mhr,47.91879,56.57692,行政区を使った位置の概略,,RUS,https://assets.publishing.service.gov.uk/media/68419a05578282a4b102c093/Russia_Toponymic_Factfile.pdf,https://www.omniglot.com/writing/mari.htm,Ҥ Ӧ Ӱ
東ヨーロッパ,ロシア,西部内陸（カザンの北西）,山地マリ語,Cyrillic,ӓ ӹ ӧ ӱ,да,ӓ・ӹが草原マリ語との比較に役立つ。,共和国公用語（実際の表示は局所・地域差）,共和国の公用語を収録。塗色は共和国の外形で、話者の密度・看板の頻度・言語の排他的境界を示さない。,163,39,rus-mari,mrj,47.91879,56.57692,行政区を使った位置の概略,,RUS,https://assets.publishing.service.gov.uk/media/68419a05578282a4b102c093/Russia_Toponymic_Factfile.pdf,https://www.omniglot.com/writing/mari.htm,Ӓ Ӹ Ӧ Ӱ
東ヨーロッパ,ロシア,西部内陸（カザンの北東）,ウドムルト語,Cyrillic,ӝ ӟ ӥ ӧ ӵ,но,子音上の2点ӝ・ӟ・ӵが特徴。,共和国公用語（実際の表示は局所・地域差）,共和国の公用語を収録。塗色は共和国の外形で、話者の密度・看板の頻度・言語の排他的境界を示さない。 2018年調査では一部道路・公共表示に使用。,164,39,rus-udmurt,udm,52.75688,57.17924,行政区を使った位置の概略,,RUS; RUS-SIGNS,https://assets.publishing.service.gov.uk/media/68419a05578282a4b102c093/Russia_Toponymic_Factfile.pdf; https://rm.coe.int/4th-advisory-committee-opinion-on-the-russian-federation-english-langu/1680908982,https://www.omniglot.com/writing/udmurt.htm,Ӝ Ӟ Ӥ Ӧ Ӵ
東ヨーロッパ,ロシア,西部内陸（モスクワの東南東）,エルジャ語,Cyrillic,я ё ь,ды,基本的にロシア語と同じ字。短い語とモルドヴィアの位置が必要。,共和国公用語（実際の表示は局所・地域差）,共和国の公用語を収録。塗色は共和国の外形で、話者の密度・看板の頻度・言語の排他的境界を示さない。,165,39,rus-mordovia,myv,44.56785,54.42074,行政区を使った位置の概略,,RUS,https://assets.publishing.service.gov.uk/media/68419a05578282a4b102c093/Russia_Toponymic_Factfile.pdf,https://raw.githubusercontent.com/unicode-org/cldr/fc1fd058cc6f50544a450a3b15a4bba0e0c1e653/common/main/myv.xml,Я Ё Ь
東ヨーロッパ,ロシア,西部内陸（モスクワの東南東）,モクシャ語,Cyrillic,я ё ь,ди,ロシア語・エルジャ語と同じ字形が多く、単字では分けられない。,共和国公用語（実際の表示は局所・地域差）,共和国の公用語を収録。塗色は共和国の外形で、話者の密度・看板の頻度・言語の排他的境界を示さない。,165,39,rus-mordovia,mdf,44.56785,54.42074,行政区を使った位置の概略,,RUS,https://assets.publishing.service.gov.uk/media/68419a05578282a4b102c093/Russia_Toponymic_Factfile.pdf,https://raw.githubusercontent.com/unicode-org/cldr/fc1fd058cc6f50544a450a3b15a4bba0e0c1e653/common/main/mdf.xml,Я Ё Ь
東ヨーロッパ,ロシア,北西部内陸（ウラル山脈の西）,コミ語,Cyrillic,ӧ і,да,ロシア語にないӧ・іが補助。単独では他のロシア内の言語とも重なる。,共和国公用語（実際の表示は局所・地域差）,共和国の公用語を収録。塗色は共和国の外形で、話者の密度・看板の頻度・言語の排他的境界を示さない。,166,40,rus-komi,kv,53.10183,63.80447,行政区を使った位置の概略,,RUS,https://assets.publishing.service.gov.uk/media/68419a05578282a4b102c093/Russia_Toponymic_Factfile.pdf,https://www.omniglot.com/writing/komi.htm,Ӧ І
東ヨーロッパ,ロシア,南西部（カスピ海北西）,カルムイク語,Cyrillic,ә ө ү җ ң һ,хальмг,タタール語と追加字を共有。カスピ海北西の位置と併せる。,共和国公用語（実際の表示は局所・地域差）,共和国の公用語を収録。塗色は共和国の外形で、話者の密度・看板の頻度・言語の排他的境界を示さない。 2018年調査では街路名より民間の表示が中心。,167,40,rus-kalmyk,xal,45.43546,46.50392,行政区を使った位置の概略,,RUS; RUS-SIGNS,https://assets.publishing.service.gov.uk/media/68419a05578282a4b102c093/Russia_Toponymic_Factfile.pdf; https://rm.coe.int/4th-advisory-committee-opinion-on-the-russian-federation-english-langu/1680908982,https://www.omniglot.com/writing/kalmyk.htm,Ә Ө Ү Җ Ң Һ
東ヨーロッパ,ロシア,南西端（黒海の北東側）,アディゲ語,Cyrillic,Ӏ кӀ гъ,адыгэ,縦棒・硬音符を伴う複数字。カバルド語と似る。,共和国公用語（実際の表示は局所・地域差）,共和国の公用語を収録。塗色は共和国の外形で、話者の密度・看板の頻度・言語の排他的境界を示さない。,168,41,rus-adyghe,ady,40.14044,44.47355,行政区を使った位置の概略,,RUS,https://assets.publishing.service.gov.uk/media/68419a05578282a4b102c093/Russia_Toponymic_Factfile.pdf,https://www.omniglot.com/writing/adyghe.htm,Ӏ КӀ ГЪ
東ヨーロッパ,ロシア,南西端（黒海とカスピ海の間・西寄り）,カラチャイ・バルカル語,Cyrillic,къ гъ нг,эм,基本ロシア文字の組合せを拡張。地域・綴りで表記差がある。,共和国公用語（実際の表示は局所・地域差）,共和国の公用語を収録。塗色は共和国の外形で、話者の密度・看板の頻度・言語の排他的境界を示さない。,169,41,rus-karachay,krc,41.70665,43.82682,行政区を使った位置の概略,,RUS,https://assets.publishing.service.gov.uk/media/68419a05578282a4b102c093/Russia_Toponymic_Factfile.pdf,https://www.omniglot.com/writing/balkar.htm,КЪ ГЪ НГ
東ヨーロッパ,ロシア,南西端（黒海とカスピ海の間・西寄り）,カバルド語,Cyrillic,Ӏ къ гъ,къэбэрдей,アディゲ語と近い字形。単独では北コーカサスまでの絞り込みに留める。,共和国公用語（実際の表示は局所・地域差）,共和国の公用語を収録。塗色は共和国の外形で、話者の密度・看板の頻度・言語の排他的境界を示さない。,169,41,rus-karachay,kbd,41.70665,43.82682,行政区を使った位置の概略,,RUS,https://assets.publishing.service.gov.uk/media/68419a05578282a4b102c093/Russia_Toponymic_Factfile.pdf,https://www.omniglot.com/writing/kabardian.htm,Ӏ КЪ ГЪ
東ヨーロッパ,ロシア,南西端（黒海とカスピ海の間・西寄り）,アバザ語,Cyrillic,Ӏ гъ къ,абаза,北コーカサスの他言語と同じ複数字が多い。,共和国公用語（実際の表示は局所・地域差）,共和国の公用語を収録。塗色は共和国の外形で、話者の密度・看板の頻度・言語の排他的境界を示さない。,169,41,rus-karachay,abq,41.70665,43.82682,行政区を使った位置の概略,,RUS,https://assets.publishing.service.gov.uk/media/68419a05578282a4b102c093/Russia_Toponymic_Factfile.pdf,https://www.omniglot.com/writing/abaza.htm,Ӏ ГЪ КЪ
東ヨーロッパ,ロシア,南西端（黒海とカスピ海の間・西寄り）,ノガイ語,Cyrillic,аь оь уь нъ,ногай,母音にьを続ける綴りが補助。チェチェン語などとの重複もある。,共和国公用語（実際の表示は局所・地域差）,共和国の公用語を収録。塗色は共和国の外形で、話者の密度・看板の頻度・言語の排他的境界を示さない。,169,41,rus-karachay,nog,41.70665,43.82682,行政区を使った位置の概略,,RUS,https://assets.publishing.service.gov.uk/media/68419a05578282a4b102c093/Russia_Toponymic_Factfile.pdf,https://www.omniglot.com/writing/nogai.htm,АЬ ОЬ УЬ НЪ
東ヨーロッパ,ロシア,南西端（コーカサス山脈の中央）,カバルド語,Cyrillic,Ӏ къ гъ,къэбэрдей,アディゲ語と近い字形。単独では北コーカサスまでの絞り込みに留める。,共和国公用語（実際の表示は局所・地域差）,共和国の公用語を収録。塗色は共和国の外形で、話者の密度・看板の頻度・言語の排他的境界を示さない。,170,42,rus-kabardin,kbd,43.4197,43.46076,行政区を使った位置の概略,,RUS,https://assets.publishing.service.gov.uk/media/68419a05578282a4b102c093/Russia_Toponymic_Factfile.pdf,https://www.omniglot.com/writing/kabardian.htm,Ӏ КЪ ГЪ
東ヨーロッパ,ロシア,南西端（コーカサス山脈の中央）,カラチャイ・バルカル語,Cyrillic,къ гъ нг,эм,基本ロシア文字の組合せを拡張。地域・綴りで表記差がある。,共和国公用語（実際の表示は局所・地域差）,共和国の公用語を収録。塗色は共和国の外形で、話者の密度・看板の頻度・言語の排他的境界を示さない。,170,42,rus-kabardin,krc,43.4197,43.46076,行政区を使った位置の概略,,RUS,https://assets.publishing.service.gov.uk/media/68419a05578282a4b102c093/Russia_Toponymic_Factfile.pdf,https://www.omniglot.com/writing/balkar.htm,КЪ ГЪ НГ
東ヨーロッパ,ロシア,南西端（ジョージア北隣）,オセット語,Cyrillic,Ӕ ӕ,ӕмӕ,キリルのӕはラテンのæに似る。ロシア語と併記されることがある。,共和国公用語（実際の表示は局所・地域差）,共和国の公用語を収録。塗色は共和国の外形で、話者の密度・看板の頻度・言語の排他的境界を示さない。,171,42,rus-ossetian,os,44.27179,43.19101,行政区を使った位置の概略,,RUS,https://assets.publishing.service.gov.uk/media/68419a05578282a4b102c093/Russia_Toponymic_Factfile.pdf,https://raw.githubusercontent.com/unicode-org/cldr/fc1fd058cc6f50544a450a3b15a4bba0e0c1e653/common/main/os.xml,Ӕ Ӕ
東ヨーロッパ,ロシア,南西端（北オセチアの東隣）,イングーシ語,Cyrillic,Ӏ гӀ кӀ,гӀалгӀай,縦棒をチェチェン語などと共有。字形だけで両者を分けない。,共和国公用語（実際の表示は局所・地域差）,共和国の公用語を収録。塗色は共和国の外形で、話者の密度・看板の頻度・言語の排他的境界を示さない。,172,42,rus-ingush,inh,45.00433,43.11965,行政区を使った位置の概略,,RUS,https://assets.publishing.service.gov.uk/media/68419a05578282a4b102c093/Russia_Toponymic_Factfile.pdf,https://www.omniglot.com/writing/ingush.htm,Ӏ ГӀ КӀ
東ヨーロッパ,ロシア,南西端（イングーシの東隣）,チェチェン語,Cyrillic,Ӏ гӀ кӀ,а / нохчийн,縦棒ӀはラテンIや数字1に似る。北コーカサスの他言語も使う。,共和国公用語（実際の表示は局所・地域差）,共和国の公用語を収録。塗色は共和国の外形で、話者の密度・看板の頻度・言語の排他的境界を示さない。,173,42,rus-chechen,ce,45.76471,43.2615,行政区を使った位置の概略,,RUS,https://assets.publishing.service.gov.uk/media/68419a05578282a4b102c093/Russia_Toponymic_Factfile.pdf,https://raw.githubusercontent.com/unicode-org/cldr/fc1fd058cc6f50544a450a3b15a4bba0e0c1e653/common/main/ce.xml,Ӏ ГӀ КӀ
東ヨーロッパ,ロシア,南西端（カスピ海西岸・ダゲスタン）,アヴァル語,Cyrillic,Ӏ гъ къ,авар,複数字と縦棒。ダゲスタン内の他言語とも共通する。,共和国公用語（実際の表示は局所・地域差）,共和国の公用語を収録。塗色は共和国の外形で、話者の密度・看板の頻度・言語の排他的境界を示さない。 言語ごとの使用集落は異なる。全13言語が同じ看板に並ぶという意味ではない。,174,43,rus-dagestan,av,46.93739,43.09689,行政区を使った位置の概略,,RUS,https://assets.publishing.service.gov.uk/media/68419a05578282a4b102c093/Russia_Toponymic_Factfile.pdf,https://www.omniglot.com/writing/avar.htm,Ӏ ГЪ КЪ
東ヨーロッパ,ロシア,南西端（カスピ海西岸・ダゲスタン）,ダルギン語,Cyrillic,Ӏ гъ хӀ,дарган,地域内に言語差があり、字形だけでは他のダゲスタン諸語と分けにくい。,共和国公用語（実際の表示は局所・地域差）,共和国の公用語を収録。塗色は共和国の外形で、話者の密度・看板の頻度・言語の排他的境界を示さない。 言語ごとの使用集落は異なる。全13言語が同じ看板に並ぶという意味ではない。,174,43,rus-dagestan,dar,46.93739,43.09689,行政区を使った位置の概略,,RUS,https://assets.publishing.service.gov.uk/media/68419a05578282a4b102c093/Russia_Toponymic_Factfile.pdf,https://www.omniglot.com/writing/dargwa.htm,Ӏ ГЪ ХӀ
東ヨーロッパ,ロシア,南西端（カスピ海西岸・ダゲスタン）,クムク語,Cyrillic,гъ къ нг,къумукъ,追加の単字より複数字が補助。カラチャイ・バルカル語などと似る。,共和国公用語（実際の表示は局所・地域差）,共和国の公用語を収録。塗色は共和国の外形で、話者の密度・看板の頻度・言語の排他的境界を示さない。 言語ごとの使用集落は異なる。全13言語が同じ看板に並ぶという意味ではない。,174,43,rus-dagestan,kum,46.93739,43.09689,行政区を使った位置の概略,,RUS,https://assets.publishing.service.gov.uk/media/68419a05578282a4b102c093/Russia_Toponymic_Factfile.pdf,https://www.omniglot.com/writing/kumyk.php,ГЪ КЪ НГ
東ヨーロッパ,ロシア,南西端（カスピ海西岸・ダゲスタン）,レズギ語,Cyrillic,Ӏ гъ кь,лезги,縦棒・ъ・ьを伴う子音。ダゲスタン南部とアゼルバイジャン北部。,共和国公用語（実際の表示は局所・地域差）,共和国の公用語を収録。塗色は共和国の外形で、話者の密度・看板の頻度・言語の排他的境界を示さない。 言語ごとの使用集落は異なる。全13言語が同じ看板に並ぶという意味ではない。,174,43,rus-dagestan,lez,46.93739,43.09689,行政区を使った位置の概略,,RUS,https://assets.publishing.service.gov.uk/media/68419a05578282a4b102c093/Russia_Toponymic_Factfile.pdf,https://www.omniglot.com/writing/lezgi.htm,Ӏ ГЪ КЬ
東ヨーロッパ,ロシア,南西端（カスピ海西岸・ダゲスタン）,ラク語,Cyrillic,Ӏ къ гъ,лакку,他のダゲスタン諸語と字形を共有するため、地域候補用。,共和国公用語（実際の表示は局所・地域差）,共和国の公用語を収録。塗色は共和国の外形で、話者の密度・看板の頻度・言語の排他的境界を示さない。 言語ごとの使用集落は異なる。全13言語が同じ看板に並ぶという意味ではない。,174,43,rus-dagestan,lak,46.93739,43.09689,行政区を使った位置の概略,,RUS,https://assets.publishing.service.gov.uk/media/68419a05578282a4b102c093/Russia_Toponymic_Factfile.pdf,https://www.omniglot.com/writing/lak.htm,Ӏ КЪ ГЪ
東ヨーロッパ,ロシア,南西端（カスピ海西岸・ダゲスタン）,タバサラン語,Cyrillic,Ӏ гъ хъ,табасаран,複数字が多い。レズギ語などとの一意な識別字ではない。,共和国公用語（実際の表示は局所・地域差）,共和国の公用語を収録。塗色は共和国の外形で、話者の密度・看板の頻度・言語の排他的境界を示さない。 言語ごとの使用集落は異なる。全13言語が同じ看板に並ぶという意味ではない。,174,43,rus-dagestan,tab,46.93739,43.09689,行政区を使った位置の概略,,RUS,https://assets.publishing.service.gov.uk/media/68419a05578282a4b102c093/Russia_Toponymic_Factfile.pdf,https://www.omniglot.com/writing/tabassaran.htm,Ӏ ГЪ ХЪ
東ヨーロッパ,ロシア,南西端（カスピ海西岸・ダゲスタン）,ノガイ語,Cyrillic,аь оь уь нъ,ногай,母音にьを続ける綴りが補助。チェチェン語などとの重複もある。,共和国公用語（実際の表示は局所・地域差）,共和国の公用語を収録。塗色は共和国の外形で、話者の密度・看板の頻度・言語の排他的境界を示さない。 言語ごとの使用集落は異なる。全13言語が同じ看板に並ぶという意味ではない。,174,44,rus-dagestan,nog,46.93739,43.09689,行政区を使った位置の概略,,RUS,https://assets.publishing.service.gov.uk/media/68419a05578282a4b102c093/Russia_Toponymic_Factfile.pdf,https://www.omniglot.com/writing/nogai.htm,АЬ ОЬ УЬ НЪ
東ヨーロッパ,ロシア,南西端（カスピ海西岸・ダゲスタン）,チェチェン語,Cyrillic,Ӏ гӀ кӀ,а / нохчийн,縦棒ӀはラテンIや数字1に似る。北コーカサスの他言語も使う。,共和国公用語（実際の表示は局所・地域差）,共和国の公用語を収録。塗色は共和国の外形で、話者の密度・看板の頻度・言語の排他的境界を示さない。 言語ごとの使用集落は異なる。全13言語が同じ看板に並ぶという意味ではない。,174,44,rus-dagestan,ce,46.93739,43.09689,行政区を使った位置の概略,,RUS,https://assets.publishing.service.gov.uk/media/68419a05578282a4b102c093/Russia_Toponymic_Factfile.pdf,https://raw.githubusercontent.com/unicode-org/cldr/fc1fd058cc6f50544a450a3b15a4bba0e0c1e653/common/main/ce.xml,Ӏ ГӀ КӀ
東ヨーロッパ,ロシア,南西端（カスピ海西岸・ダゲスタン）,アゼルバイジャン語（キリル表記）,Cyrillic,ә ө ү ғ ҝ,вә,ダゲスタンなどのキリル表記用。アゼルバイジャン本国の現行ラテン表記と区別。,共和国公用語（実際の表示は局所・地域差）,共和国の公用語を収録。塗色は共和国の外形で、話者の密度・看板の頻度・言語の排他的境界を示さない。 言語ごとの使用集落は異なる。全13言語が同じ看板に並ぶという意味ではない。,174,44,rus-dagestan,az_Cyrl,46.93739,43.09689,行政区を使った位置の概略,,RUS,https://assets.publishing.service.gov.uk/media/68419a05578282a4b102c093/Russia_Toponymic_Factfile.pdf,https://raw.githubusercontent.com/unicode-org/cldr/fc1fd058cc6f50544a450a3b15a4bba0e0c1e653/common/main/az_Cyrl.xml,Ә Ө Ү Ғ Ҝ
東ヨーロッパ,ロシア,南西端（カスピ海西岸・ダゲスタン）,アグール語,Cyrillic,Ӏ гъ гь,агъул,ъ・ьを続ける複数字が補助。他のダゲスタン諸語とも共有。,共和国公用語（実際の表示は局所・地域差）,共和国の公用語を収録。塗色は共和国の外形で、話者の密度・看板の頻度・言語の排他的境界を示さない。 言語ごとの使用集落は異なる。全13言語が同じ看板に並ぶという意味ではない。,174,44,rus-dagestan,agx,46.93739,43.09689,行政区を使った位置の概略,,RUS,https://assets.publishing.service.gov.uk/media/68419a05578282a4b102c093/Russia_Toponymic_Factfile.pdf,https://www.omniglot.com/writing/aghul.htm,Ӏ ГЪ ГЬ
東ヨーロッパ,ロシア,南西端（カスピ海西岸・ダゲスタン）,ルトゥル語,Cyrillic,Ӏ гъ уь,,母音＋ь、縦棒など。他のダゲスタン諸語との判別力は弱い。,共和国公用語（実際の表示は局所・地域差）,共和国の公用語を収録。塗色は共和国の外形で、話者の密度・看板の頻度・言語の排他的境界を示さない。 言語ごとの使用集落は異なる。全13言語が同じ看板に並ぶという意味ではない。,174,44,rus-dagestan,rut,46.93739,43.09689,行政区を使った位置の概略,,RUS,https://assets.publishing.service.gov.uk/media/68419a05578282a4b102c093/Russia_Toponymic_Factfile.pdf,https://www.omniglot.com/writing/rutul.htm,Ӏ ГЪ УЬ
東ヨーロッパ,ロシア,南西端（カスピ海西岸・ダゲスタン）,タート語（ジュフリの表記）,Cyrillic,гъ гь уь,,ダゲスタンのキリル表記。アゼルバイジャン側のタート語表記へ一般化しない。,共和国公用語（実際の表示は局所・地域差）,共和国の公用語を収録。塗色は共和国の外形で、話者の密度・看板の頻度・言語の排他的境界を示さない。 言語ごとの使用集落は異なる。全13言語が同じ看板に並ぶという意味ではない。,174,44,rus-dagestan,jdt,46.93739,43.09689,行政区を使った位置の概略,,RUS,https://assets.publishing.service.gov.uk/media/68419a05578282a4b102c093/Russia_Toponymic_Factfile.pdf,https://www.omniglot.com/writing/juhuri.htm,ГЪ ГЬ УЬ
東ヨーロッパ,ロシア,南西端（カスピ海西岸・ダゲスタン）,ツァフル語,Cyrillic,Ӏ къ уь,,複数字を他のダゲスタン諸語と共有する。,共和国公用語（実際の表示は局所・地域差）,共和国の公用語を収録。塗色は共和国の外形で、話者の密度・看板の頻度・言語の排他的境界を示さない。 言語ごとの使用集落は異なる。全13言語が同じ看板に並ぶという意味ではない。,174,44,rus-dagestan,tkr,46.93739,43.09689,行政区を使った位置の概略,,RUS,https://assets.publishing.service.gov.uk/media/68419a05578282a4b102c093/Russia_Toponymic_Factfile.pdf,https://www.omniglot.com/writing/tsakhur.htm,Ӏ КЪ УЬ
東ヨーロッパ,ロシア,南部（カザフスタン・モンゴルの間）,アルタイ語,Cyrillic,ҥ ӧ ӱ,алтай,ӧ・ӱに似たラテン文字の代用もある。コードポイントの違いは肉眼では分けにくい。,共和国公用語（実際の表示は局所・地域差）,共和国の公用語を収録。塗色は共和国の外形で、話者の密度・看板の頻度・言語の排他的境界を示さない。,175,45,rus-altai,alt,86.96118,50.8715,行政区を使った位置の概略,,RUS,https://assets.publishing.service.gov.uk/media/68419a05578282a4b102c093/Russia_Toponymic_Factfile.pdf,https://www.omniglot.com/writing/altay.htm,Ҥ Ӧ Ӱ
東ヨーロッパ,ロシア,南部（クラスノヤルスクの南）,ハカス語,Cyrillic,ғ і ң ӧ ӱ,хакас,іとӧ・ӱなどの組合せ。ロシア語単独とは追加字で比較する。,共和国公用語（実際の表示は局所・地域差）,共和国の公用語を収録。塗色は共和国の外形で、話者の密度・看板の頻度・言語の排他的境界を示さない。,176,45,rus-khakas,kjh,90.36518,53.3763,行政区を使った位置の概略,,RUS,https://assets.publishing.service.gov.uk/media/68419a05578282a4b102c093/Russia_Toponymic_Factfile.pdf,https://www.omniglot.com/writing/khakas.htm,Ғ І Ң Ӧ Ӱ
東ヨーロッパ,ロシア,南部・モンゴル北隣（キジル周辺）,トゥヴァ語,Cyrillic,ң ө ү,биле,追加3字を周辺の言語と共有。モンゴル国境北側が主な範囲。,共和国公用語（実際の表示は局所・地域差）,共和国の公用語を収録。塗色は共和国の外形で、話者の密度・看板の頻度・言語の排他的境界を示さない。,177,45,rus-tuva,tyv,94.14606,51.72701,行政区を使った位置の概略,,RUS,https://assets.publishing.service.gov.uk/media/68419a05578282a4b102c093/Russia_Toponymic_Factfile.pdf,https://raw.githubusercontent.com/unicode-org/cldr/fc1fd058cc6f50544a450a3b15a4bba0e0c1e653/common/main/tyv.xml,Ң Ө Ү
東ヨーロッパ,ロシア,南東部（バイカル湖東側）,ブリヤート語,Cyrillic,ү ө һ,ба,モンゴル語に近い字形。バイカル湖東側のロシア語併記が補助。,共和国公用語（実際の表示は局所・地域差）,共和国の公用語を収録。塗色は共和国の外形で、話者の密度・看板の頻度・言語の排他的境界を示さない。,178,45,rus-buryat,bua,111.06947,53.58053,行政区を使った位置の概略,,RUS,https://assets.publishing.service.gov.uk/media/68419a05578282a4b102c093/Russia_Toponymic_Factfile.pdf,https://raw.githubusercontent.com/unicode-org/cldr/fc1fd058cc6f50544a450a3b15a4bba0e0c1e653/common/main/bua.xml,Ү Ө Һ
東ヨーロッパ,ロシア,東部の広い内陸（ヤクーツク周辺）,サハ語（ヤクート語）,Cyrillic,ҕ ҥ ө һ ү,уонна,ҕとҥが目立つ。モンゴル系のө・үだけでは分けられない。,共和国公用語（実際の表示は局所・地域差）,共和国の公用語を収録。塗色は共和国の外形で、話者の密度・看板の頻度・言語の排他的境界を示さない。,179,46,rus-sakha,sah,129.26749,64.75333,行政区を使った位置の概略,,RUS,https://assets.publishing.service.gov.uk/media/68419a05578282a4b102c093/Russia_Toponymic_Factfile.pdf,https://raw.githubusercontent.com/unicode-org/cldr/fc1fd058cc6f50544a450a3b15a4bba0e0c1e653/common/main/sah.xml,Ҕ Ҥ Ө Һ Ү
