{"type":"FeatureCollection","title":"ヒジャブの出現率 — 定性推定","coordinate_reference_system":"EPSG:4326; [longitude, latitude]","geometry_notice":"概略学習範囲。宗教・服装の測定境界ではない。点は面積を持たない。","features":[{"type":"Feature","id":"EGY-all","properties":{"id":"EGY-all","iso3":"EGY","country_ja":"エジプト","un_region_ja":"北アフリカ","area_ja":"全域（住民の生活圏）","level":"高い","source_ids":["PEW2025","PEW_DRESS2010"],"clothing_evidence":"服装調査あり（地図の各範囲を直接測定したものではない）","geometry_kind_ja":"国・地域全体","geometry_method":{"type":"country"},"map_number":1},"geometry":{"type":"MultiPolygon","coordinates":[[[[33.9756,26.79002],[34.00359,26.7082],[33.98959,26.72028],[33.95509,26.79002],[33.9756,26.79002]]],[[[34.59947,30.34451],[34.73321,30.01259],[34.74137,29.94024],[34.82437,29.7417],[34.85527,29.54572],[34.88673,29.49006],[34.73658,29.31126],[34.72901,29.19892],[34.67457,29.10651],[34.68572,28.98867],[34.64031,28.9488],[34.64715,28.86286],[34.62045,28.84585],[34.62452,28.73599],[34.51059,28.53799],[34.52361,28.50731],[34.46901,28.45539],[34.41017,28.32001],[34.41293,28.23314],[34.45533,28.17487],[34.42675,28.08154],[34.44403,28.05354],[34.43491,27.97557],[34.33131,27.91413],[34.32097,27.86127],[34.27947,27.85834],[34.25912,27.8017],[34.21412,27.79149],[34.2212,27.76984],[34.25733,27.76952],[34.25733,27.72858],[34.18979,27.78677],[34.05445,27.81452],[33.98756,27.88666],[33.90398,27.9418],[33.8794,27.93464],[33.86557,27.96133],[33.76336,28.02399],[33.76393,28.04902],[33.71599,28.07526],[33.67457,28.16055],[33.63478,28.1813],[33.61818,28.2333],[33.56471,28.2971],[33.43393,28.3664],[33.2562,28.54414],[33.26979,28.54414],[33.26295,28.57705],[33.23764,28.56611],[33.2562,28.55158],[33.22869,28.5694],[33.19483,28.67512],[33.22828,28.76386],[33.17457,28.83698],[33.17791,28.98957],[33.14503,29.03172],[33.07862,29.06489],[32.95786,29.20209],[32.88559,29.24307],[32.86834,29.29743],[32.81739,29.35977],[32.81723,29.41405],[32.74155,29.45596],[32.73471,29.48383],[32.71502,29.45596],[32.72413,29.53954],[32.71241,29.58047],[32.68084,29.59992],[32.69068,29.73363],[32.6045,29.82416],[32.62534,29.87425],[32.57154,29.9289],[32.58546,29.95246],[32.56162,29.97639],[32.57781,30.01142],[32.55747,29.97647],[32.57154,29.94257],[32.55397,29.9621],[32.51344,29.96157],[32.4769,29.9322],[32.47291,29.88199],[32.50953,29.86685],[32.39283,29.73436],[32.33766,29.59248],[32.38771,29.52562],[32.58123,29.36913],[32.63233,29.24307],[32.65895,29.11078],[32.62468,29.04816],[32.6255,28.97272],[32.7492,28.80484],[32.80689,28.77814],[32.86891,28.57893],[33.00294,28.48949],[33.04322,28.40078],[33.1067,28.34711],[33.12647,28.2875],[33.24195,28.17487],[33.24936,28.14289],[33.33814,28.08544],[33.3436,28.05061],[33.44174,28.01655],[33.51254,27.95905],[33.55437,27.89647],[33.59205,27.79125],[33.48894,27.84589],[33.47348,27.82319],[33.52272,27.7519],[33.55787,27.75991],[33.53679,27.70808],[33.59205,27.64663],[33.55787,27.68138],[33.55787,27.65965],[33.52654,27.67756],[33.49635,27.64663],[33.56471,27.57152],[33.55787,27.53677],[33.63299,27.49584],[33.69166,27.34186],[33.83839,27.24258],[33.82472,27.18049],[33.83676,27.12075],[33.90138,27.05874],[33.90089,27.01423],[33.95167,26.93098],[33.9961,26.89655],[33.9961,26.83788],[33.95965,26.8498],[33.94825,26.831],[33.94142,26.65351],[34.01401,26.61164],[34.33872,26.00178],[34.54656,25.72504],[34.63347,25.5694],[34.68189,25.4287],[34.74334,25.3513],[34.80689,25.21161],[34.93914,25.00336],[34.95372,24.94414],[34.98976,24.90501],[35.00221,24.81562],[35.06349,24.76411],[35.10955,24.64379],[35.16027,24.57462],[35.14456,24.50021],[35.18572,24.48566],[35.23546,24.40013],[35.39186,24.28278],[35.42865,24.18595],[35.49383,24.1089],[35.51051,24.11123],[35.5039,24.14054],[35.58837,24.07584],[35.60526,24.01882],[35.73857,23.98332],[35.79254,23.90229],[35.75036,23.93242],[35.68452,23.91092],[35.59853,23.92941],[35.51393,23.97712],[35.49122,23.94758],[35.47477,23.79791],[35.51015,23.75638],[35.51022,23.68392],[35.48943,23.49702],[35.54754,23.39399],[35.57468,23.21257],[35.62109,23.13929],[35.6953,22.93213],[35.76368,22.87043],[35.7234,22.93187],[35.75571,22.92231],[35.78492,22.8332],[35.84755,22.76299],[35.96949,22.69798],[36.12062,22.67569],[36.22608,22.63544],[36.29054,22.56818],[36.31342,22.49161],[36.4281,22.42604],[36.43982,22.35644],[36.56284,22.29668],[36.71372,22.16914],[36.78224,22.16446],[36.81821,22.10883],[36.89538,22.06613],[36.88364,21.99571],[31.43548,21.99535],[31.4918,22.17322],[31.4609,22.21549],[31.42328,22.22696],[31.35951,22.1881],[31.24841,21.99437],[24.98125,21.99535],[24.98125,29.18137],[24.95665,29.29268],[24.86384,29.5029],[24.87066,29.63835],[24.79821,29.79642],[24.81164,29.89089],[24.69733,30.12261],[24.68865,30.18276],[24.77237,30.33102],[24.90766,30.49866],[24.99489,30.7851],[24.88265,31.03909],[24.84895,31.34863],[24.86125,31.38036],[25.02372,31.49441],[25.08842,31.61352],[25.15089,31.65648],[25.19093,31.53148],[25.40187,31.50316],[25.82407,31.61494],[25.96681,31.6166],[26.36215,31.52192],[26.75318,31.47748],[26.86573,31.43683],[26.96551,31.44965],[27.05437,31.40864],[27.22625,31.36766],[27.32065,31.38101],[27.3423,31.36823],[27.39356,31.25471],[27.4463,31.22321],[27.58774,31.1931],[27.60987,31.20319],[27.66033,31.18024],[27.85288,31.2403],[27.89715,31.11441],[27.92693,31.09903],[28.15455,31.09333],[28.20387,31.0705],[28.31837,31.0598],[28.42433,31.08344],[28.47853,31.05183],[28.81202,30.95677],[28.8357,30.91079],[29.02809,30.82705],[29.21892,30.83804],[29.50327,30.95669],[29.76596,31.12157],[29.7815,31.14794],[29.83839,31.15412],[29.88461,31.18952],[29.86354,31.19636],[29.87696,31.21357],[29.8982,31.20319],[30.06959,31.33348],[30.06666,31.30488],[30.0949,31.28559],[30.17262,31.27143],[30.14015,31.23725],[30.16521,31.21678],[30.2068,31.23794],[30.22047,31.2202],[30.26881,31.26529],[30.28875,31.23794],[30.30299,31.27143],[30.28761,31.27822],[30.2409,31.26529],[30.25457,31.27827],[30.17945,31.27827],[30.25172,31.30341],[30.31284,31.35057],[30.3484,31.42133],[30.34392,31.49799],[30.36459,31.46011],[30.39861,31.44335],[30.37062,31.46161],[30.36215,31.50873],[30.45639,31.46271],[30.53582,31.46385],[30.97389,31.58674],[30.6281,31.43431],[30.55787,31.42219],[30.54265,31.40241],[30.62672,31.38866],[30.67506,31.42158],[30.73439,31.38813],[30.79851,31.44648],[30.89243,31.41909],[30.93971,31.45702],[30.98072,31.43651],[31.02914,31.5185],[31.11915,31.49311],[31.12924,31.50446],[31.11109,31.51227],[31.13038,31.517],[31.11109,31.53974],[31.0232,31.58299],[30.97804,31.5843],[31.09742,31.6079],[31.22096,31.5799],[31.55681,31.44335],[31.7483,31.48159],[31.87436,31.53559],[31.91293,31.5349],[31.94484,31.52094],[32.02491,31.40005],[32.19955,31.29507],[31.99497,31.39496],[31.96827,31.43651],[31.9935,31.43781],[31.91798,31.52399],[31.8895,31.53205],[31.85092,31.5185],[31.84474,31.49799],[31.86525,31.49799],[31.87892,31.42914],[31.84164,31.4645],[31.82423,31.44335],[31.85841,31.44335],[31.85483,31.42316],[31.87892,31.41608],[31.83041,31.40864],[31.84474,31.39496],[31.82789,31.36835],[31.85841,31.35399],[31.79721,31.35952],[31.79591,31.31098],[31.76694,31.28465],[31.82057,31.27827],[31.88575,31.22362],[31.90626,31.25161],[31.89259,31.21678],[31.90626,31.21678],[31.89943,31.20319],[31.92661,31.21064],[31.92644,31.187],[31.98658,31.23029],[32.00929,31.21064],[32.03712,31.21678],[32.03688,31.15029],[32.01612,31.12808],[32.05014,31.14175],[32.07008,31.10692],[32.04396,31.08649],[32.08375,31.08442],[32.10646,31.05337],[32.13209,31.06599],[32.09799,31.09333],[32.14633,31.07966],[32.13836,31.09333],[32.17994,31.10692],[32.18385,31.12495],[32.23414,31.10488],[32.28346,31.13654],[32.26246,31.16962],[32.28981,31.16962],[32.2951,31.21336],[32.27052,31.25755],[32.28297,31.26529],[32.21412,31.27827],[32.20704,31.29507],[32.33139,31.27143],[32.34425,31.24189],[32.3899,31.22651],[32.50953,31.10692],[32.60157,31.06098],[32.76197,31.0812],[32.92726,31.15542],[32.83961,31.10122],[32.66651,31.05231],[32.71502,31.05231],[32.70069,31.03872],[32.76954,31.04556],[32.89308,31.10077],[32.91725,31.08283],[32.94093,31.09333],[32.91358,31.10077],[32.92709,31.1118],[32.96876,31.08649],[32.97511,31.06599],[32.96127,31.06599],[33.00994,31.0563],[33.02345,31.07343],[33.00912,31.08649],[33.05747,31.10077],[33.0643,31.13491],[33.03028,31.10077],[32.95444,31.10692],[32.98463,31.10952],[33.03028,31.16218],[33.10939,31.19644],[33.12647,31.18952],[33.09864,31.1833],[33.15772,31.11786],[33.11899,31.10692],[33.14471,31.07787],[33.13331,31.04556],[33.22145,31.0598],[33.19483,31.07343],[33.26246,31.10077],[33.30397,31.07966],[33.31764,31.10077],[33.27719,31.10692],[33.38649,31.11441],[33.3777,31.13255],[33.40642,31.13727],[33.40642,31.15542],[33.59205,31.11441],[33.85434,31.16348],[34.04705,31.22919],[34.20027,31.31427],[34.48041,30.65121],[34.50438,30.53033],[34.53622,30.48217],[34.52692,30.40962],[34.59947,30.34451]],[[35.42921,22.97833],[35.21209,22.78626],[35.62109,23.13929],[35.42921,22.97833]],[[34.82823,22.60689],[34.86195,22.68018],[34.77756,22.49977],[34.82823,22.60689]],[[34.42276,22.24921],[34.14748,22.19186],[34.32108,22.22629],[34.68209,22.29791],[34.42276,22.24921]]],[[[33.91358,27.52375],[33.96412,27.53412],[34.02849,27.50202],[34.05128,27.44863],[33.95639,27.50438],[33.93377,27.4947],[33.91358,27.52375]]],[[[34.73188,27.95714],[34.73216,27.91894],[34.7047,27.90837],[34.66179,27.93022],[34.68177,27.9587],[34.73188,27.95714]]],[[[34.5442,27.99604],[34.50685,27.98623],[34.51189,27.96748],[34.57057,27.97411],[34.62045,27.92036],[34.51808,27.93041],[34.48951,27.99604],[34.51734,28.01655],[34.5442,27.99604]]],[[[32.96974,31.08657],[32.97853,31.08169],[32.98927,31.07343],[32.96974,31.08657]]],[[[33.47592,31.14175],[33.26979,31.21678],[33.43295,31.17206],[33.47592,31.14175]]],[[[33.10475,31.2403],[33.26246,31.22362],[33.10255,31.22675],[32.93474,31.14794],[33.10475,31.2403]]]]}},{"type":"Feature","id":"DZA-all","properties":{"id":"DZA-all","iso3":"DZA","country_ja":"アルジェリア","un_region_ja":"北アフリカ","area_ja":"全域（住民の生活圏）","level":"やや高い","source_ids":["PEW2025"],"clothing_evidence":"宗教人口・地域分布からの弱い定性推定／着用率未取得","geometry_kind_ja":"国・地域全体","geometry_method":{"type":"country"},"map_number":2},"geometry":{"type":"Polygon","coordinates":[[[-8.68239,27.28542],[-8.67877,28.69282],[-8.64885,28.72595],[-8.43041,28.84101],[-8.38349,28.90578],[-8.25047,28.99477],[-8.03633,29.09985],[-7.61945,29.38942],[-7.34961,29.38344],[-7.25875,29.4673],[-7.14693,29.50924],[-6.95824,29.50924],[-6.78352,29.44634],[-6.69965,29.51623],[-6.41311,29.56515],[-6.00077,29.57913],[-5.75616,29.61407],[-5.72121,29.52322],[-5.63735,29.49526],[-5.5395,29.52322],[-5.43467,29.64203],[-5.27393,29.88663],[-5.17608,29.97749],[-4.87556,30.18017],[-4.62397,30.285],[-4.48419,30.38284],[-4.37237,30.50864],[-4.27452,30.55756],[-4.15571,30.58552],[-4.00196,30.59251],[-3.83423,30.62745],[-3.64553,30.71132],[-3.65951,30.83712],[-3.55467,30.95593],[-3.60874,31.03087],[-3.62414,31.08653],[-3.68972,31.1256],[-3.73142,31.17634],[-3.8108,31.14291],[-3.84284,31.17019],[-3.81498,31.22052],[-3.81519,31.33716],[-3.74747,31.38517],[-3.67348,31.38923],[-3.65951,31.64782],[-3.59138,31.67827],[-3.51156,31.67274],[-2.82784,31.79459],[-2.93873,32.04864],[-2.88119,32.07629],[-2.69557,32.08967],[-2.51615,32.1322],[-1.21033,32.08967],[-1.19561,32.14605],[-1.23271,32.16372],[-1.30516,32.15116],[-1.30955,32.16744],[-1.27664,32.20085],[-1.24413,32.35692],[-1.21798,32.39262],[-1.12316,32.41795],[-1.032,32.4944],[-1.32702,32.69891],[-1.42335,32.7424],[-1.55879,32.93365],[-1.50298,32.97463],[-1.49952,33.06021],[-1.5714,33.11198],[-1.62359,33.1966],[-1.67423,33.23797],[-1.68323,33.36923],[-1.61274,33.52147],[-1.61734,33.55444],[-1.6624,33.64469],[-1.74679,33.70239],[-1.70322,33.76182],[-1.71873,33.89809],[-1.66963,34.07921],[-1.74606,34.29031],[-1.80963,34.37245],[-1.70297,34.47968],[-1.75066,34.49417],[-1.87112,34.59665],[-1.76953,34.74134],[-1.97975,34.86526],[-2.01628,34.92624],[-2.06124,34.9297],[-2.19379,35.0036],[-2.22256,35.0893],[-2.15689,35.10098],[-2.05236,35.07502],[-1.95645,35.07502],[-1.76114,35.12962],[-1.7128,35.1706],[-1.63769,35.19452],[-1.51036,35.29548],[-1.36954,35.31586],[-1.29483,35.36457],[-1.18334,35.57648],[-1.14802,35.5821],[-1.03295,35.6826],[-0.92268,35.72516],[-0.88756,35.71597],[-0.80167,35.77391],[-0.71129,35.74299],[-0.69245,35.71931],[-0.62645,35.72297],[-0.57726,35.77082],[-0.52343,35.77969],[-0.47704,35.85936],[-0.47948,35.89004],[-0.41804,35.88377],[-0.34854,35.90705],[-0.30191,35.87759],[-0.28555,35.82827],[-0.14509,35.79035],[-0.08308,35.79438],[0.03452,35.86327],[0.12729,36.05077],[0.21949,36.11652],[0.32106,36.15888],[0.3423,36.20596],[0.45134,36.22321],[0.64405,36.32884],[0.75327,36.33861],[0.86476,36.37739],[0.94557,36.45234],[1.04477,36.48688],[1.26547,36.51533],[1.34669,36.54499],[1.45281,36.52802],[1.76124,36.56159],[1.97283,36.56159],[2.35157,36.63833],[2.44728,36.59056],[2.60076,36.59634],[2.79298,36.69294],[2.93312,36.80858],[3.01417,36.81171],[3.14015,36.74164],[3.21046,36.75739],[3.22731,36.81232],[3.3405,36.78071],[3.48048,36.77725],[3.64967,36.82396],[3.74187,36.89118],[3.87387,36.91722],[3.94825,36.8933],[4.10483,36.88373],[4.26197,36.91161],[4.32032,36.89802],[4.44068,36.91161],[4.55055,36.88373],[4.78712,36.89541],[5.04591,36.78852],[5.10483,36.78132],[5.09018,36.71678],[5.23585,36.65095],[5.30437,36.64301],[5.46485,36.66523],[5.549,36.7097],[5.59392,36.77387],[5.73374,36.83234],[5.86883,36.82294],[6.19703,36.90233],[6.25685,36.94579],[6.26686,37.01777],[6.33871,37.06928],[6.41578,37.09296],[6.46241,37.09394],[6.5442,37.05878],[6.59946,36.97309],[6.82203,36.95262],[6.86964,36.92918],[6.87965,36.90209],[6.94858,36.89004],[7.0923,36.92593],[7.15699,36.9147],[7.23292,36.96686],[7.25554,37.01537],[7.18165,37.07673],[7.22267,37.08979],[7.27475,37.06932],[7.38347,37.08299],[7.40463,37.05158],[7.49024,37.055],[7.58888,36.98762],[7.67449,36.98676],[7.71274,36.9632],[7.77076,36.97012],[7.79859,36.9936],[7.77345,36.88996],[7.90846,36.84956],[8.04998,36.87759],[8.23316,36.95808],[8.2881,36.92593],[8.46323,36.90156],[8.60251,36.93951],[8.64172,36.83636],[8.55449,36.80365],[8.41311,36.78391],[8.4067,36.76799],[8.46179,36.7328],[8.43037,36.66262],[8.16992,36.52583],[8.16785,36.49137],[8.2956,36.46868],[8.35771,36.43039],[8.3544,36.35091],[8.30707,36.24363],[8.31709,36.14591],[8.27565,36.03682],[8.24144,35.82774],[8.25767,35.75032],[8.32361,35.65219],[8.33704,35.53793],[8.29002,35.40259],[8.29436,35.32508],[8.3174,35.28948],[8.4313,35.24173],[8.30045,35.06768],[8.24888,34.90195],[8.26655,34.75028],[8.21064,34.68119],[8.23648,34.64765],[8.09406,34.53014],[7.83154,34.41439],[7.76529,34.24471],[7.63145,34.1991],[7.51745,34.09503],[7.47983,33.8939],[7.55301,33.65875],[7.70824,33.41486],[7.72499,33.23141],[7.75072,33.20766],[7.87195,33.18413],[8.00218,33.10837],[8.08682,33.09429],[8.28288,32.83637],[8.33125,32.52763],[9.01989,32.10486],[9.04501,32.07184],[9.51971,30.22891],[9.28654,30.11713],[9.54968,29.80232],[9.66771,29.60832],[9.82615,29.12853],[9.85126,28.786],[9.77695,28.26758],[9.93591,27.86672],[9.93426,27.8274],[9.86336,27.61925],[9.7939,27.56974],[9.8216,27.50569],[9.75628,27.42303],[9.72135,27.29188],[9.82553,26.92058],[9.90666,26.85748],[9.88258,26.70178],[9.89633,26.65279],[9.83576,26.50422],[9.4826,26.35255],[9.47764,26.31555],[9.3778,26.16895],[9.40116,26.11339],[10.00795,25.33143],[10.03203,24.85634],[10.04453,24.82962],[10.19336,24.74994],[10.24225,24.59511],[10.41051,24.47329],[10.69907,24.55613],[11.54139,24.29751],[11.96886,23.51735],[7.48273,20.87258],[5.7943,19.4498],[3.33306,18.97556],[3.1586,19.08155],[3.10413,19.13553],[3.13927,19.22193],[3.17441,19.25164],[3.19291,19.3258],[3.26081,19.38833],[3.19942,19.55377],[3.21678,19.79406],[3.1988,19.82052],[2.946,19.94165],[2.51481,20.01594],[2.4004,20.05655],[2.31648,20.18016],[2.20083,20.27391],[2.16135,20.27494],[2.07122,20.21326],[1.95526,20.25492],[1.89139,20.23179],[1.85501,20.29483],[1.77811,20.30429],[1.65915,20.39752],[1.64396,20.52268],[1.55973,20.5975],[1.36398,20.65771],[1.2967,20.73346],[1.15458,20.73879],[1.14528,20.79589],[1.18011,20.99531],[1.14652,21.10171],[-4.82161,24.99507],[-5.51596,25.42326],[-8.68239,27.28542]]]}},{"type":"Feature","id":"MAR-all","properties":{"id":"MAR-all","iso3":"MAR","country_ja":"モロッコ","un_region_ja":"北アフリカ","area_ja":"全域（住民の生活圏）","level":"やや高い","source_ids":["PEW2025"],"clothing_evidence":"宗教人口・地域分布からの弱い定性推定／着用率未取得","geometry_kind_ja":"国・地域全体","geometry_method":{"type":"country"},"map_number":3},"geometry":{"type":"Polygon","coordinates":[[[-8.80171,27.36042],[-8.79584,27.30769],[-8.75287,27.19049],[-8.75287,27.15046],[-8.7939,27.12018],[-9.00092,27.08992],[-9.41206,27.08796],[-9.73436,26.86043],[-9.81686,26.84968],[-9.89936,26.84968],[-10.03171,26.91022],[-10.18844,26.86043],[-10.25046,26.86043],[-10.55028,26.99029],[-10.75678,27.01959],[-10.92183,27.00982],[-11.39157,26.88291],[-11.36031,26.79304],[-11.31587,26.74421],[-11.3369,26.6329],[-11.51069,26.46981],[-11.68355,26.21298],[-11.71724,26.10358],[-12.02975,26.03035],[-12.06001,25.9903],[-12.08006,25.8702],[-12.16987,25.63973],[-12.31002,25.11043],[-12.43014,24.83017],[-12.62984,24.67976],[-12.99018,24.4698],[-13.06002,24.40048],[-13.22996,24.0899],[-13.31001,23.98055],[-13.76998,23.79012],[-13.8398,23.75008],[-13.89013,23.69049],[-14.01999,23.41025],[-14.10007,23.09968],[-14.16991,22.75985],[-14.1899,22.45026],[-14.22019,22.30965],[-14.31005,22.19051],[-14.43991,22.08015],[-14.62985,21.86042],[-14.60983,21.75007],[-14.66987,21.59967],[-14.74997,21.50008],[-14.83981,21.45027],[-14.97017,21.4405],[-15.45993,21.45027],[-15.74996,21.49032],[-16.04002,21.50008],[-16.18989,21.48055],[-16.72996,21.4698],[-17.01374,21.41997],[-16.94766,21.73603],[-16.96691,21.78115],[-16.92101,21.9313],[-16.81664,22.13056],[-16.70678,22.27546],[-16.65901,22.29507],[-16.6317,22.27391],[-16.52184,22.31489],[-16.46662,22.37739],[-16.42935,22.51044],[-16.35729,22.58308],[-16.33682,22.75373],[-16.29646,22.8321],[-16.28962,22.89981],[-16.23864,22.91157],[-16.16324,22.99323],[-16.15954,23.08246],[-16.2202,23.07587],[-16.21312,23.09443],[-16.13927,23.17853],[-16.06041,23.34455],[-15.98119,23.44579],[-15.95645,23.53172],[-15.83039,23.68598],[-15.77261,23.78783],[-15.77514,23.91193],[-15.79532,23.85664],[-15.88817,23.81074],[-15.93961,23.69623],[-15.99486,23.64501],[-16.00316,23.6721],[-15.93961,23.77481],[-15.84093,23.90265],[-15.76814,23.95987],[-15.62011,24.02627],[-15.44469,24.22187],[-15.29825,24.34516],[-15.20397,24.46748],[-15.0148,24.56245],[-14.99999,24.61449],[-14.89562,24.70572],[-14.83605,24.91869],[-14.82921,25.05024],[-14.84972,25.21418],[-14.81924,25.33023],[-14.78205,25.44693],[-14.68517,25.59089],[-14.62096,25.7836],[-14.5139,25.93696],[-14.48656,26.01545],[-14.49283,26.13272],[-14.46613,26.19424],[-14.40075,26.2663],[-14.29894,26.30223],[-14.18025,26.42438],[-14.04686,26.4444],[-13.92374,26.50088],[-13.61998,26.68891],[-13.56111,26.74909],[-13.48034,26.91169],[-13.40245,27.17719],[-13.3011,27.32445],[-13.30793,27.34496],[-13.24083,27.4654],[-13.17125,27.685],[-13.04515,27.75983],[-12.95238,27.92862],[-12.83894,27.9704],[-12.65783,27.99803],[-12.51354,27.99543],[-12.33503,28.04727],[-12.06143,28.08902],[-12.0231,28.11957],[-11.48559,28.32563],[-11.32592,28.5152],[-11.26647,28.55158],[-11.0631,28.75239],[-10.5738,28.99042],[-10.45092,29.09219],[-10.32087,29.25796],[-10.2484,29.29938],[-10.08699,29.50996],[-10.05297,29.59992],[-9.82022,29.83893],[-9.65514,30.1269],[-9.61164,30.40436],[-9.66625,30.4593],[-9.70006,30.54271],[-9.88854,30.64826],[-9.88671,30.68667],[-9.8129,30.82713],[-9.82771,31.06745],[-9.84752,31.12128],[-9.80663,31.34345],[-9.84752,31.40241],[-9.6942,31.62572],[-9.66731,31.73115],[-9.36612,32.02631],[-9.32811,32.13044],[-9.27774,32.1966],[-9.26476,32.33063],[-9.29198,32.35082],[-9.24885,32.45254],[-9.27831,32.52953],[-9.25992,32.57689],[-9.11217,32.68285],[-8.99853,32.79711],[-8.86779,32.8819],[-8.62914,33.12763],[-8.621,33.17353],[-8.52916,33.2687],[-8.45165,33.26423],[-8.28466,33.38984],[-7.89143,33.50336],[-7.86974,33.52656],[-7.701,33.58275],[-7.66755,33.6127],[-7.60619,33.60834],[-7.52912,33.63264],[-7.40636,33.727],[-7.35261,33.72468],[-7.22932,33.80093],[-7.03181,33.87425],[-6.82209,34.03962],[-6.55793,34.41771],[-6.2921,34.88081],[-6.20539,35.12458],[-6.02391,35.50117],[-5.92723,35.78075],[-5.8734,35.80199],[-5.76928,35.79279],[-5.69351,35.8343],[-5.59899,35.82233],[-5.46886,35.91035],[-5.39886,35.9245],[-5.34073,35.84736],[-5.31876,35.70173],[-5.27676,35.68521],[-5.24942,35.58462],[-5.15079,35.5161],[-5.06627,35.41747],[-4.98851,35.38788],[-4.90933,35.31452],[-4.7705,35.24103],[-4.37605,35.15184],[-3.91934,35.26683],[-3.90941,35.25528],[-3.92953,35.24382],[-3.9039,35.21417],[-3.78747,35.20922],[-3.7648,35.21845],[-3.74714,35.26366],[-3.69957,35.29084],[-3.59097,35.2333],[-3.41291,35.19794],[-3.31924,35.20181],[-3.19514,35.23823],[-3.11803,35.29413],[-3.07706,35.28791],[-2.96858,35.44644],[-2.95222,35.43305],[-2.96304,35.37348],[-2.94782,35.32978],[-2.96692,35.31387],[-2.96377,35.28622],[-2.89904,35.26],[-2.90982,35.18671],[-2.85607,35.13129],[-2.74812,35.11595],[-2.86828,35.21735],[-2.87841,35.24632],[-2.7611,35.14326],[-2.66674,35.10822],[-2.51749,35.09935],[-2.41674,35.14916],[-2.27526,35.10957],[-2.22256,35.0893],[-2.19379,35.0036],[-2.06124,34.9297],[-2.01628,34.92624],[-1.97975,34.86526],[-1.76953,34.74134],[-1.87112,34.59665],[-1.75066,34.49417],[-1.70297,34.47968],[-1.80963,34.37245],[-1.74606,34.29031],[-1.66963,34.07921],[-1.71873,33.89809],[-1.70322,33.76182],[-1.74679,33.70239],[-1.6624,33.64469],[-1.61734,33.55444],[-1.61274,33.52147],[-1.68323,33.36923],[-1.67423,33.23797],[-1.62359,33.1966],[-1.5714,33.11198],[-1.49952,33.06021],[-1.50298,32.97463],[-1.55879,32.93365],[-1.42335,32.7424],[-1.32702,32.69891],[-1.032,32.4944],[-1.12316,32.41795],[-1.21798,32.39262],[-1.24413,32.35692],[-1.27664,32.20085],[-1.30955,32.16744],[-1.30516,32.15116],[-1.23271,32.16372],[-1.19561,32.14605],[-1.21033,32.08967],[-2.51615,32.1322],[-2.69557,32.08967],[-2.88119,32.07629],[-2.93873,32.04864],[-2.82784,31.79459],[-3.51156,31.67274],[-3.59138,31.67827],[-3.65951,31.64782],[-3.67348,31.38923],[-3.74747,31.38517],[-3.81519,31.33716],[-3.81498,31.22052],[-3.84284,31.17019],[-3.8108,31.14291],[-3.73142,31.17634],[-3.68972,31.1256],[-3.62414,31.08653],[-3.60874,31.03087],[-3.55467,30.95593],[-3.65951,30.83712],[-3.64553,30.71132],[-3.83423,30.62745],[-4.00196,30.59251],[-4.15571,30.58552],[-4.27452,30.55756],[-4.37237,30.50864],[-4.48419,30.38284],[-4.62397,30.285],[-4.87556,30.18017],[-5.17608,29.97749],[-5.27393,29.88663],[-5.43467,29.64203],[-5.5395,29.52322],[-5.63735,29.49526],[-5.72121,29.52322],[-5.75616,29.61407],[-6.00077,29.57913],[-6.27333,29.57913],[-6.69965,29.51623],[-6.78352,29.44634],[-6.95824,29.50924],[-7.14693,29.50924],[-7.25875,29.4673],[-7.34961,29.38344],[-7.61945,29.38942],[-7.65361,29.37619],[-8.03633,29.09985],[-8.18231,29.03554],[-8.36845,28.91653],[-8.43041,28.84101],[-8.66761,28.71168],[-8.68239,28.6659],[-8.68239,27.66144],[-8.81704,27.66146],[-8.77339,27.46003],[-8.80171,27.36042]]]}},{"type":"Feature","id":"TUN-all","properties":{"id":"TUN-all","iso3":"TUN","country_ja":"チュニジア","un_region_ja":"北アフリカ","area_ja":"全域（住民の生活圏）","level":"やや高い","source_ids":["PEW2025"],"clothing_evidence":"宗教人口・地域分布からの弱い定性推定／着用率未取得","geometry_kind_ja":"国・地域全体","geometry_method":{"type":"country"},"map_number":4},"geometry":{"type":"MultiPolygon","coordinates":[[[[10.95672,33.73249],[10.94109,33.72822],[10.88779,33.64014],[10.87106,33.65433],[10.87692,33.68822],[10.82618,33.7298],[10.76342,33.70016],[10.74015,33.71548],[10.73601,33.88475],[10.77296,33.89631],[10.8978,33.87934],[10.92994,33.89631],[11.06031,33.80073],[10.97104,33.73871],[10.95672,33.69774],[10.95672,33.73249]]],[[[11.54635,32.43427],[11.44403,32.36849],[10.87322,32.1367],[10.77286,32.00451],[10.7031,31.96219],[10.62848,31.97412],[10.60595,31.95361],[10.58455,31.84028],[10.49887,31.74432],[10.42777,31.7146],[10.31542,31.71584],[10.26395,31.6805],[10.11688,31.49441],[10.10623,31.42919],[10.24483,31.07816],[10.24504,30.98571],[10.27015,30.91563],[10.25393,30.84179],[10.19223,30.73125],[9.87131,30.35515],[9.74347,30.33133],[9.51971,30.22891],[9.04501,32.07184],[9.01989,32.10486],[8.33125,32.52763],[8.28288,32.83637],[8.08682,33.09429],[8.00218,33.10837],[7.87195,33.18413],[7.75072,33.20766],[7.72499,33.23141],[7.69315,33.45411],[7.55301,33.65875],[7.4849,33.85502],[7.51745,34.09503],[7.63145,34.1991],[7.76529,34.24471],[7.83154,34.41439],[8.09406,34.53014],[8.23648,34.64765],[8.21064,34.68119],[8.26655,34.75028],[8.24888,34.90195],[8.30045,35.06768],[8.4313,35.24173],[8.3174,35.28948],[8.29436,35.32508],[8.29002,35.40259],[8.33704,35.53793],[8.32361,35.65219],[8.25767,35.75032],[8.24144,35.82774],[8.27565,36.03682],[8.31709,36.14591],[8.30707,36.24363],[8.3544,36.35091],[8.35771,36.43039],[8.2956,36.46868],[8.16785,36.49137],[8.16992,36.52583],[8.43037,36.66262],[8.46179,36.7328],[8.4067,36.76799],[8.41311,36.78391],[8.55449,36.80365],[8.64172,36.83636],[8.60251,36.93951],[8.69215,36.96939],[8.82439,36.97948],[8.92579,37.03889],[9.03875,37.15184],[9.15919,37.19282],[9.2107,37.23383],[9.34254,37.23534],[9.41912,37.27582],[9.45387,37.2683],[9.55274,37.30952],[9.59148,37.30292],[9.64926,37.33185],[9.74464,37.3452],[9.8589,37.3288],[9.86166,37.27119],[9.77182,37.21332],[9.81593,37.15184],[9.87989,37.15009],[9.91432,37.17829],[9.92498,37.21312],[9.81959,37.22761],[9.8825,37.26358],[9.97983,37.24604],[10.05983,37.26484],[10.07586,37.24494],[10.14625,37.23652],[10.27215,37.17853],[10.21127,37.15868],[10.17799,37.17797],[10.1281,37.15868],[10.16163,37.13435],[10.21127,37.1376],[10.22706,37.11766],[10.22438,37.09593],[10.21754,37.1103],[10.17433,37.07624],[10.18238,37.02705],[10.22006,36.97663],[10.34718,36.88028],[10.29884,36.82176],[10.25294,36.84634],[10.2107,36.83185],[10.18849,36.79759],[10.24724,36.78628],[10.27215,36.81607],[10.32008,36.74876],[10.35532,36.73119],[10.43699,36.72884],[10.51871,36.7558],[10.58497,36.87617],[10.73347,36.89581],[10.88754,37.00601],[10.90211,37.04881],[11.01271,37.08478],[11.05104,37.08031],[11.04835,37.02033],[11.13623,36.87053],[11.13054,36.85404],[11.02214,36.78828],[10.79993,36.45188],[10.55093,36.37726],[10.49107,36.25807],[10.4747,36.11249],[10.51857,35.97997],[10.58229,35.92182],[10.62208,35.8426],[10.74362,35.76967],[10.82309,35.78046],[10.84142,35.76655],[10.82452,35.73339],[10.84116,35.6988],[11.041,35.63773],[11.05502,35.61448],[11.0171,35.60228],[11.0149,35.55516],[11.03924,35.5185],[11.08506,35.50679],[11.05067,35.45978],[11.04223,35.33443],[11.10133,35.26683],[11.16078,35.23823],[11.15916,35.21876],[11.11158,35.2056],[11.06291,35.15364],[11.01588,35.09284],[11.01811,35.03419],[10.91765,34.95742],[10.91634,34.87357],[10.85629,34.83088],[10.87142,34.79737],[10.81126,34.76888],[10.7173,34.66474],[10.62525,34.63325],[10.59702,34.54471],[10.4319,34.49632],[10.37872,34.42308],[10.2881,34.41401],[10.24724,34.37214],[10.12672,34.32563],[10.03278,34.18465],[10.00522,34.17064],[10.0713,33.94623],[10.1631,33.83625],[10.33025,33.70283],[10.48927,33.64712],[10.71664,33.70694],[10.73999,33.67158],[10.73692,33.60285],[10.67408,33.5456],[10.70362,33.49604],[10.73813,33.47801],[10.90943,33.53962],[10.93279,33.57404],[10.9065,33.61644],[10.93621,33.6363],[10.98463,33.64313],[11.04282,33.61787],[11.11158,33.54002],[11.11662,33.48997],[11.08993,33.45415],[11.11078,33.39297],[11.10207,33.36408],[11.13111,33.37153],[11.17066,33.33177],[11.29371,33.28681],[11.13364,33.31143],[11.12184,33.28001],[11.17953,33.21109],[11.24537,33.21792],[11.37224,33.18378],[11.43312,33.19355],[11.3519,33.25886],[11.50511,33.18122],[11.45654,32.9021],[11.44993,32.63796],[11.56062,32.50758],[11.54635,32.43427]]],[[[10.96412,34.65668],[10.98715,34.67178],[11.11084,34.65951],[11.05571,34.62096],[10.96412,34.65668]]],[[[11.12231,34.68043],[11.17065,34.72859],[11.17303,34.758],[11.22211,34.74764],[11.2175,34.78162],[11.25427,34.82582],[11.30417,34.80529],[11.2658,34.77338],[11.3048,34.74229],[11.29703,34.72869],[11.13075,34.66329],[11.12231,34.68043]]]]}},{"type":"Feature","id":"LBY-all","properties":{"id":"LBY-all","iso3":"LBY","country_ja":"リビア","un_region_ja":"北アフリカ","area_ja":"全域（住民の生活圏）","level":"高い","source_ids":["PEW2025","IRF-LBY"],"clothing_evidence":"宗教人口・地域分布からの弱い定性推定／着用率未取得","geometry_kind_ja":"国・地域全体","geometry_method":{"type":"country"},"map_number":5},"geometry":{"type":"Polygon","coordinates":[[[11.63575,33.10871],[11.79347,33.08076],[11.69109,33.13597],[11.84702,33.08283],[12.12241,32.92133],[12.34832,32.83267],[12.82439,32.80435],[13.07447,32.86636],[13.16472,32.91275],[13.35174,32.90424],[13.57146,32.8028],[13.83033,32.79409],[13.99122,32.74457],[14.18531,32.7145],[14.46949,32.51903],[14.6316,32.49567],[14.72682,32.45075],[14.91114,32.44391],[15.18198,32.39549],[15.28305,32.31729],[15.30079,32.26081],[15.36451,32.17471],[15.3611,31.96532],[15.49041,31.66486],[15.62281,31.49726],[15.76149,31.38813],[16.04461,31.27554],[16.35865,31.22712],[16.72804,31.22382],[16.9419,31.1833],[17.16033,31.1188],[17.3659,31.08661],[17.46681,31.02998],[17.84864,30.92365],[17.92677,30.85517],[18.20834,30.76923],[18.32423,30.65689],[18.56837,30.50007],[18.65317,30.42231],[18.78053,30.37592],[18.92595,30.29336],[19.05681,30.26618],[19.23976,30.27399],[19.33855,30.29881],[19.53053,30.3968],[19.61638,30.42137],[19.74887,30.51093],[19.91432,30.68293],[19.98219,30.77863],[20.03647,30.81908],[20.09986,30.935],[20.14666,31.04556],[20.14666,31.21678],[20.10328,31.30874],[20.02223,31.3968],[19.95484,31.55947],[19.91725,31.75922],[19.94011,31.95775],[20.07154,32.17642],[20.32545,32.40982],[20.56267,32.55785],[20.79656,32.64301],[21.05095,32.77228],[21.28679,32.77114],[21.41481,32.7934],[21.62322,32.93675],[21.71632,32.95038],[21.78745,32.91596],[21.87745,32.90322],[22.0962,32.92308],[22.14959,32.94794],[22.2068,32.88813],[22.33961,32.88215],[22.51384,32.79096],[23.10613,32.63984],[23.12094,32.61522],[23.09441,32.57738],[23.10385,32.51634],[23.14894,32.4781],[23.12843,32.39549],[23.09441,32.43647],[23.08058,32.33405],[23.19508,32.29165],[23.31218,32.16275],[23.29908,32.22419],[23.36199,32.21711],[23.40528,32.19066],[23.66969,32.18325],[23.99871,32.0939],[23.97071,32.0666],[24.09067,32.00576],[24.54607,31.99144],[24.67026,32.03242],[24.73373,32.03315],[25.01791,31.94904],[25.03338,31.91633],[25.02955,31.8369],[25.11687,31.73798],[25.15626,31.66307],[25.06041,31.57937],[25.02372,31.49441],[24.86125,31.38036],[24.84895,31.34863],[24.88265,31.03909],[24.99489,30.7851],[24.90766,30.49866],[24.76286,30.31706],[24.68865,30.18276],[24.68834,30.14416],[24.81164,29.89089],[24.79821,29.79642],[24.87066,29.63835],[24.86384,29.5029],[24.95665,29.29268],[24.98125,29.18137],[24.9768,19.99596],[23.98131,19.99542],[23.98131,19.49612],[15.9851,23.44472],[14.97927,22.99537],[14.21622,22.6163],[13.59956,23.11903],[13.48226,23.17967],[11.96886,23.51735],[11.56713,24.26684],[11.50863,24.31381],[10.72067,24.5523],[10.67736,24.55385],[10.41051,24.47329],[10.26033,24.57664],[10.19336,24.74994],[10.04453,24.82962],[10.03203,24.85634],[10.00795,25.33143],[9.40116,26.11339],[9.3778,26.16895],[9.47764,26.31555],[9.4826,26.35255],[9.85457,26.52438],[9.89633,26.65279],[9.88258,26.70178],[9.91059,26.84312],[9.82553,26.92058],[9.72187,27.30846],[9.75628,27.42303],[9.8216,27.50569],[9.7939,27.56974],[9.86336,27.61925],[9.93591,27.86672],[9.77695,28.26758],[9.85126,28.786],[9.82615,29.12853],[9.66771,29.60832],[9.54968,29.80232],[9.28654,30.11713],[9.74347,30.33133],[9.87131,30.35515],[10.19223,30.73125],[10.25393,30.84179],[10.27015,30.91563],[10.24504,30.98571],[10.24483,31.07816],[10.10623,31.42919],[10.11688,31.49441],[10.26395,31.6805],[10.31542,31.71584],[10.42777,31.7146],[10.49887,31.74432],[10.58455,31.84028],[10.60595,31.95361],[10.62848,31.97412],[10.7031,31.96219],[10.77286,32.00451],[10.87322,32.1367],[11.44403,32.36849],[11.54635,32.43427],[11.56062,32.50758],[11.44993,32.63796],[11.45654,32.9021],[11.50511,33.18122],[11.57496,33.15794],[11.63575,33.10871]]]}},{"type":"Feature","id":"SDN-all","properties":{"id":"SDN-all","iso3":"SDN","country_ja":"スーダン","un_region_ja":"北アフリカ","area_ja":"全域（住民の生活圏）","level":"高い","source_ids":["PEW2025"],"clothing_evidence":"宗教人口・地域分布からの弱い定性推定／着用率未取得","geometry_kind_ja":"国・地域全体","geometry_method":{"type":"country"},"map_number":6},"geometry":{"type":"MultiPolygon","coordinates":[[[[22.91481,11.3961],[22.77187,11.40318],[22.76877,11.44233],[22.74303,11.4661],[22.62811,11.50984],[22.59235,11.54366],[22.5417,11.63299],[22.53705,11.68089],[22.6124,12.0728],[22.45809,12.03043],[22.48403,12.16474],[22.37282,12.46312],[22.44569,12.61107],[22.20488,12.74336],[22.10587,12.65039],[22.01967,12.63143],[21.93595,12.63954],[21.88014,12.67628],[21.80945,12.79367],[21.96407,13.09835],[22.01605,13.14023],[22.13997,13.19351],[22.26761,13.33456],[22.27598,13.37632],[22.21562,13.46499],[22.19589,13.58046],[22.13212,13.63865],[22.11289,13.72983],[22.07496,13.78032],[22.21469,13.95662],[22.54635,14.13971],[22.53188,14.22063],[22.42905,14.26461],[22.41809,14.30595],[22.45096,14.34579],[22.42491,14.47044],[22.36352,14.54353],[22.38233,14.57911],[22.46543,14.62929],[22.67658,14.68897],[22.65084,14.81615],[22.65891,14.85741],[22.71534,14.89943],[22.7389,14.97981],[22.84877,15.0875],[22.90551,15.11257],[22.95801,15.20163],[22.97641,15.37364],[22.90685,15.48141],[22.90675,15.5414],[23.09464,15.70426],[23.16678,15.71294],[23.32057,15.68132],[23.5927,15.74901],[23.82907,15.73103],[23.94555,15.69222],[23.97262,15.69108],[23.98441,15.72116],[23.98131,19.99542],[24.98052,20.00206],[24.98125,21.99535],[31.24841,21.99437],[31.35951,22.1881],[31.42328,22.22696],[31.4609,22.21549],[31.4918,22.17322],[31.43548,21.99535],[33.18114,21.99541],[33.56088,21.70912],[33.99912,21.76735],[34.08418,21.99545],[36.88364,21.99571],[36.87794,21.97602],[36.8401,21.96613],[36.87355,21.9361],[36.88787,21.65013],[36.98406,21.46581],[37.11362,21.27806],[37.19899,21.20213],[37.313,21.05768],[37.30397,21.0209],[37.25196,21.00605],[37.1893,21.09724],[37.27215,21.05427],[37.22975,21.12783],[37.17514,21.15672],[37.15919,21.14802],[37.14861,21.21874],[37.12143,21.22427],[37.10499,21.20751],[37.11785,21.08613],[37.08644,21.04059],[37.14731,20.94086],[37.16912,20.7464],[37.22804,20.56501],[37.22242,20.46825],[37.17888,20.44994],[37.17514,20.34919],[37.22489,20.11953],[37.18881,20.01317],[37.26531,19.78685],[37.26336,19.70376],[37.23829,19.65526],[37.24383,19.57616],[37.28582,19.47529],[37.33351,19.15965],[37.36085,19.12832],[37.35524,19.10163],[37.37956,19.0693],[37.43434,18.86172],[37.53981,18.71589],[37.67473,18.74095],[37.70167,18.71117],[37.74073,18.70917],[37.76557,18.66729],[37.75807,18.62865],[37.78516,18.64016],[37.81276,18.61563],[37.92551,18.58504],[38.0382,18.46109],[38.12186,18.4133],[38.08296,18.38288],[38.07612,18.34812],[38.10362,18.29166],[38.15167,18.24933],[38.24543,18.24391],[38.25116,18.28083],[38.30616,18.30654],[38.27622,18.24201],[38.2173,18.21772],[38.26515,18.22394],[38.37623,18.19062],[38.39145,18.22419],[38.44321,18.15571],[38.43385,18.14228],[38.49171,18.14143],[38.51222,18.07372],[38.54168,18.08588],[38.52589,18.12836],[38.54282,18.11839],[38.58448,18.07713],[38.60385,18.01386],[38.45929,17.89074],[38.37133,17.69882],[38.34374,17.65593],[38.25661,17.60254],[38.23336,17.5257],[38.20969,17.52229],[38.1606,17.55733],[38.11946,17.5456],[38.10799,17.49382],[38.07647,17.47986],[38.0712,17.5381],[38.03885,17.54818],[37.94686,17.49573],[37.89591,17.44255],[37.84919,17.444],[37.79886,17.47713],[37.76393,17.45909],[37.72042,17.38385],[37.49604,17.31217],[37.49469,17.17461],[37.45976,17.09472],[37.40343,17.02992],[37.3098,17.05534],[37.23342,17.02465],[37.13399,17.01643],[37.00046,17.0726],[36.97348,17.06253],[36.99705,16.99953],[36.96811,16.94662],[36.99064,16.91365],[36.99974,16.84213],[36.96036,16.70565],[36.89235,16.63687],[36.87654,16.51357],[36.93369,16.41807],[36.92822,16.36112],[36.95426,16.27828],[36.88594,16.18485],[36.75954,15.83748],[36.67097,15.72312],[36.61671,15.53153],[36.62787,15.44562],[36.57558,15.39343],[36.52493,15.24791],[36.42509,15.13344],[36.52638,14.26352],[36.43212,13.96992],[36.45817,13.82014],[36.39843,13.67604],[36.3913,13.59935],[36.23358,13.36164],[36.13695,13.03244],[36.14986,12.98024],[36.11442,12.93389],[36.14304,12.85694],[36.12361,12.72145],[36.09943,12.69566],[36.02998,12.71716],[35.68767,12.65923],[35.67238,12.6043],[35.61688,12.57515],[35.42877,12.26695],[35.41255,12.19864],[35.35374,12.14603],[35.31736,12.02371],[35.25142,11.97172],[35.24573,11.92987],[35.21556,11.89659],[35.12667,11.86295],[35.07272,11.81887],[35.04058,11.7274],[35.07314,11.54896],[34.94425,11.25324],[34.98415,11.1864],[34.91356,10.95298],[34.95831,10.90342],[34.93382,10.84531],[34.86157,10.78759],[34.83852,10.72914],[34.79853,10.72966],[34.7544,10.68413],[34.75067,10.74395],[34.57477,10.88414],[34.42005,10.78082],[34.27949,10.56551],[34.27618,10.48871],[34.32589,10.22356],[34.30347,10.11354],[34.22192,10.02603],[34.09821,9.67972],[34.06689,9.53118],[34.0707,9.45459],[33.90085,9.45529],[33.88143,9.49921],[33.90489,9.7107],[33.97325,9.85485],[33.9561,9.93399],[33.96679,10.04727],[33.91698,10.17452],[33.46899,10.54391],[33.3813,10.64579],[33.14002,10.73904],[33.18209,10.84324],[33.08323,11.59916],[33.13243,11.68621],[33.14498,11.93467],[33.20302,12.1281],[33.20922,12.21037],[32.73178,12.21616],[32.74666,12.00273],[32.08221,11.99981],[32.34834,11.70316],[32.34875,11.30758],[32.36415,11.24001],[32.43536,11.10702],[32.43071,11.08219],[32.41407,11.05085],[31.94289,10.65555],[31.86418,10.47213],[31.66482,10.21424],[31.23482,9.79232],[31.16438,9.764],[30.83696,9.74935],[30.76528,9.72429],[30.48458,9.97203],[30.01298,10.27049],[29.61543,10.05815],[29.61388,9.91446],[29.56732,9.84136],[29.48309,9.76168],[29.13226,9.66773],[28.91383,9.52903],[28.82875,9.42747],[28.84384,9.32455],[28.04511,9.33141],[27.99708,9.38493],[27.89507,9.59541],[27.7696,9.58332],[27.33924,9.6128],[27.08039,9.60683],[26.69432,9.47694],[26.62574,9.48066],[26.55686,9.52045],[26.17947,9.95898],[26.10262,9.98784],[26.01079,10.12269],[25.90543,10.18127],[25.89364,10.35133],[25.82848,10.41955],[25.32743,10.31658],[25.23275,10.32232],[25.07695,10.28687],[25.01706,10.16801],[25.02899,10.09205],[24.97628,9.96735],[24.91386,9.89072],[24.7964,9.81886],[24.79252,9.5204],[24.68018,9.37336],[24.65987,9.17699],[24.55931,8.99986],[24.55838,8.88675],[24.49383,8.85835],[24.38009,8.84422],[24.24057,8.76153],[24.17033,8.68933],[24.11401,8.68164],[23.80344,8.72213],[23.72127,8.702],[23.59642,8.73414],[23.52573,8.70148],[23.49007,8.73259],[23.48232,8.78339],[23.55363,8.88315],[23.56748,8.97483],[23.54257,8.99728],[23.50547,8.96108],[23.47808,8.95891],[23.45142,8.97418],[23.43571,9.01893],[23.47426,9.17068],[23.5495,9.18525],[23.63218,9.27757],[23.62185,9.34062],[23.64634,9.42503],[23.61998,9.44772],[23.60613,9.53717],[23.67404,9.69034],[23.64479,9.86307],[23.29122,10.43973],[23.10942,10.61449],[23.00555,10.68682],[22.86323,10.89182],[22.95201,11.19105],[22.95367,11.25094],[22.91481,11.3961]]],[[[37.24342,20.80402],[37.26531,20.85505],[37.28354,20.83275],[37.2544,20.74982],[37.24342,20.80402]]]]}},{"type":"Feature","id":"ESH-all","properties":{"id":"ESH-all","iso3":"ESH","country_ja":"西サハラ","un_region_ja":"北アフリカ","area_ja":"全域（住民の生活圏）","level":"やや高い","source_ids":["PEW2025"],"clothing_evidence":"宗教人口・地域分布からの弱い定性推定／着用率未取得","geometry_kind_ja":"国・地域全体","geometry_method":{"type":"country"},"map_number":7},"geometry":{"type":"Polygon","coordinates":[[[-8.68766,26.00002],[-12.01531,25.9949],[-12.01934,23.461],[-12.35389,23.32248],[-12.61943,23.27083],[-13.01525,23.018],[-13.15229,22.82],[-13.15498,22.6888],[-13.09333,22.49548],[-13.01525,21.33343],[-16.95883,21.33286],[-17.07743,20.90451],[-17.05687,20.76691],[-17.10464,20.86249],[-17.01374,21.41997],[-16.72996,21.4698],[-16.18989,21.48055],[-16.04002,21.50008],[-15.74996,21.49032],[-15.45993,21.45027],[-14.97017,21.4405],[-14.83981,21.45027],[-14.74997,21.50008],[-14.66987,21.59967],[-14.60983,21.75007],[-14.62985,21.86042],[-14.43991,22.08015],[-14.31005,22.19051],[-14.22019,22.30965],[-14.1899,22.45026],[-14.16991,22.75985],[-14.10007,23.09968],[-14.01999,23.41025],[-13.89013,23.69049],[-13.8398,23.75008],[-13.76998,23.79012],[-13.31001,23.98055],[-13.22996,24.0899],[-13.06002,24.40048],[-12.99018,24.4698],[-12.62984,24.67976],[-12.43014,24.83017],[-12.31002,25.11043],[-12.16987,25.63973],[-12.08006,25.8702],[-12.06001,25.9903],[-12.02975,26.03035],[-11.71724,26.10358],[-11.68355,26.21298],[-11.51069,26.46981],[-11.3369,26.6329],[-11.31587,26.74421],[-11.36031,26.79304],[-11.39157,26.88291],[-10.92183,27.00982],[-10.75678,27.01959],[-10.55028,26.99029],[-10.25046,26.86043],[-10.18844,26.86043],[-10.03171,26.91022],[-9.89936,26.84968],[-9.81686,26.84968],[-9.73436,26.86043],[-9.41206,27.08796],[-9.00092,27.08992],[-8.7939,27.12018],[-8.75287,27.15046],[-8.75287,27.19049],[-8.79584,27.30769],[-8.80171,27.36042],[-8.77339,27.46003],[-8.81704,27.66146],[-8.68239,27.66144],[-8.68766,26.00002]]]}},{"type":"Feature","id":"MRT-all","properties":{"id":"MRT-all","iso3":"MRT","country_ja":"モーリタニア","un_region_ja":"西アフリカ","area_ja":"全域（住民の生活圏）","level":"やや高い","source_ids":["PEW2025","IRF-MRT"],"clothing_evidence":"宗教人口・地域分布からの弱い定性推定／着用率未取得","geometry_kind_ja":"国・地域全体","geometry_method":{"type":"country"},"map_number":8},"geometry":{"type":"MultiPolygon","coordinates":[[[[-16.32091,19.7285],[-16.30163,19.7226],[-16.39769,19.59992],[-16.35855,19.67744],[-16.32091,19.7285]]],[[[-16.47716,19.73151],[-16.47155,19.69965],[-16.48424,19.67772],[-16.4969,19.70551],[-16.47716,19.73151]]],[[[-16.46398,19.68464],[-16.42626,19.74897],[-16.4182,19.80561],[-16.39094,19.82612],[-16.3778,19.81354],[-16.34594,19.86835],[-16.36706,19.7211],[-16.43248,19.60126],[-16.46398,19.68464]]],[[[-16.4464,20.60733],[-16.45417,20.57111],[-16.47423,20.59418],[-16.4593,20.61469],[-16.4464,20.60733]]],[[[-5.62335,16.52783],[-5.60588,16.49589],[-5.35329,16.31198],[-5.51095,15.4942],[-9.34922,15.49564],[-9.32932,15.65525],[-9.33242,15.68757],[-9.35645,15.69785],[-9.45169,15.58833],[-9.42389,15.44053],[-9.67212,15.43066],[-9.8356,15.3711],[-9.9514,15.38121],[-10.06762,15.36475],[-10.32265,15.43709],[-10.72536,15.43306],[-10.74681,15.34113],[-10.82722,15.2877],[-10.91517,15.1029],[-11.04539,15.27021],[-11.29819,15.45105],[-11.40956,15.6022],[-11.45824,15.63295],[-11.52438,15.64347],[-11.51539,15.61008],[-11.61487,15.54117],[-11.64412,15.52644],[-11.72706,15.54117],[-11.84566,15.17907],[-11.8609,15.049],[-11.81377,15.02854],[-11.82038,14.89997],[-11.87749,14.84152],[-11.93599,14.82362],[-11.99149,14.76804],[-12.04967,14.76721],[-12.07039,14.7344],[-12.13887,14.78453],[-12.24679,14.76701],[-12.3825,14.84602],[-12.44763,14.90744],[-12.48489,15.01728],[-12.62295,15.10226],[-12.71705,15.10342],[-12.77976,15.14639],[-12.78722,15.21416],[-12.85678,15.22199],[-12.88836,15.25088],[-12.8842,15.27083],[-12.83345,15.27],[-12.82805,15.28387],[-12.91897,15.36537],[-12.96432,15.50916],[-13.08385,15.49275],[-13.09181,15.57512],[-13.10971,15.59641],[-13.17824,15.62819],[-13.23784,15.62344],[-13.24875,15.65672],[-13.22826,15.71129],[-13.28613,15.76963],[-13.27996,15.82286],[-13.31603,15.88177],[-13.31593,15.93045],[-13.36977,15.98549],[-13.38856,16.0521],[-13.44003,16.10186],[-13.5017,16.09514],[-13.48493,16.15498],[-13.66895,16.10574],[-13.71957,16.13561],[-13.71058,16.18888],[-13.72942,16.1895],[-13.79494,16.13121],[-13.83577,16.12057],[-13.88382,16.19374],[-13.96408,16.23007],[-13.97785,16.33797],[-14.07304,16.40065],[-14.21417,16.53496],[-14.26806,16.54788],[-14.27796,16.58126],[-14.33532,16.58648],[-14.33553,16.63154],[-14.40663,16.66079],[-14.49309,16.63247],[-14.9125,16.64064],[-14.9743,16.69139],[-15.03693,16.63258],[-15.10757,16.66539],[-15.11827,16.6426],[-15.09321,16.60018],[-15.12509,16.58271],[-15.32803,16.57196],[-15.41453,16.54803],[-15.46399,16.58147],[-15.52481,16.5222],[-15.60966,16.52132],[-15.67219,16.48137],[-15.89693,16.51842],[-16.05377,16.49543],[-16.13227,16.55475],[-16.19536,16.52271],[-16.27381,16.52318],[-16.33494,16.45579],[-16.38538,16.23493],[-16.45876,16.19415],[-16.50754,16.01039],[-16.51974,15.84637],[-16.54235,15.80882],[-16.52929,16.33271],[-16.46715,16.49286],[-16.45922,16.64395],[-16.34309,16.94229],[-16.1726,17.26236],[-16.07897,17.54483],[-16.04898,17.66718],[-16.02416,17.96015],[-16.03523,18.14143],[-16.06941,18.48404],[-16.13199,18.62865],[-16.20458,18.98273],[-16.28279,19.13044],[-16.36828,19.2215],[-16.46719,19.25926],[-16.53547,19.3808],[-16.52184,19.39643],[-16.40779,19.38923],[-16.3592,19.41584],[-16.2849,19.52928],[-16.30728,19.54361],[-16.39147,19.46406],[-16.35049,19.54662],[-16.36465,19.53925],[-16.42626,19.48249],[-16.43993,19.41324],[-16.46508,19.41254],[-16.46719,19.46406],[-16.42252,19.54385],[-16.38463,19.57392],[-16.2338,19.79365],[-16.24804,19.82783],[-16.2338,19.86197],[-16.25487,19.84829],[-16.2578,19.86416],[-16.24804,19.9029],[-16.26651,19.91372],[-16.30557,19.87303],[-16.3133,19.88972],[-16.22248,20.00357],[-16.21837,20.05793],[-16.26114,20.13569],[-16.21166,20.17561],[-16.20226,20.2333],[-16.23762,20.28998],[-16.29507,20.33055],[-16.34789,20.41755],[-16.33995,20.44107],[-16.39118,20.56949],[-16.4239,20.60126],[-16.42956,20.64423],[-16.46719,20.6496],[-16.40868,20.67504],[-16.48082,20.67512],[-16.50133,20.72598],[-16.52929,20.73896],[-16.54235,20.56086],[-16.67268,20.67756],[-16.65901,20.69798],[-16.67113,20.73713],[-16.71019,20.77001],[-16.77505,20.93765],[-16.78869,20.92398],[-16.80321,20.93745],[-16.91759,21.15917],[-17.01586,21.03124],[-16.99718,21.0185],[-17.00438,20.93244],[-17.04943,20.90351],[-17.0279,20.85423],[-17.05687,20.76691],[-17.07743,20.90451],[-16.96834,21.32459],[-13.01525,21.33343],[-13.09333,22.49548],[-13.15498,22.6888],[-13.15229,22.82],[-13.01525,23.018],[-12.61943,23.27083],[-12.35389,23.32248],[-12.01934,23.461],[-12.01531,25.9949],[-8.68766,26.00002],[-8.68239,27.28542],[-5.51596,25.42326],[-4.82161,24.99507],[-6.59311,24.99413],[-5.94911,19.49563],[-5.62335,16.52783]]]]}},{"type":"Feature","id":"SEN-all","properties":{"id":"SEN-all","iso3":"SEN","country_ja":"セネガル","un_region_ja":"西アフリカ","area_ja":"全域（住民の生活圏）","level":"やや高い","source_ids":["PEW2025"],"clothing_evidence":"宗教人口・地域分布からの弱い定性推定／着用率未取得","geometry_kind_ja":"国・地域全体","geometry_method":{"type":"country"},"map_number":9},"geometry":{"type":"Polygon","coordinates":[[[-12.18031,14.69282],[-12.18982,14.65595],[-12.16502,14.64187],[-12.23643,14.51945],[-12.22173,14.39124],[-12.11561,14.35512],[-12.11959,14.31058],[-12.0443,14.26492],[-11.99758,14.16616],[-12.02533,13.98525],[-11.96291,13.90915],[-11.96291,13.82947],[-12.01231,13.75118],[-12.09763,13.70441],[-12.01515,13.56444],[-11.89041,13.46515],[-11.89759,13.37117],[-11.85459,13.35056],[-11.82814,13.30728],[-11.77512,13.34335],[-11.74122,13.40781],[-11.70401,13.38037],[-11.6498,13.38412],[-11.64396,13.35559],[-11.61311,13.36081],[-11.60582,13.31965],[-11.55425,13.25687],[-11.57234,13.2171],[-11.53854,13.16297],[-11.53306,13.11181],[-11.45028,13.07509],[-11.45896,13.05468],[-11.42299,13.00941],[-11.4387,12.9589],[-11.39343,12.98081],[-11.38444,12.93311],[-11.42723,12.91862],[-11.41514,12.89666],[-11.4325,12.83552],[-11.40847,12.80449],[-11.40217,12.73173],[-11.4619,12.67313],[-11.43684,12.63747],[-11.43736,12.57076],[-11.4678,12.54353],[-11.42981,12.50833],[-11.417,12.52931],[-11.40051,12.47955],[-11.39044,12.49753],[-11.37778,12.48022],[-11.38842,12.4039],[-11.51539,12.43164],[-11.7578,12.38333],[-11.83961,12.38669],[-11.92394,12.41878],[-11.99758,12.38638],[-12.10398,12.40736],[-12.19204,12.34876],[-12.36092,12.30561],[-12.40552,12.35646],[-12.46675,12.38447],[-12.50507,12.39025],[-12.59367,12.36157],[-12.64801,12.42575],[-12.77327,12.43506],[-12.83862,12.46637],[-12.84921,12.495],[-12.91314,12.53634],[-12.94949,12.53593],[-12.98104,12.46699],[-13.05199,12.47226],[-13.08271,12.51567],[-13.06364,12.62228],[-13.0917,12.6382],[-13.2019,12.63339],[-13.28415,12.65334],[-13.33861,12.63923],[-13.40476,12.66176],[-13.72828,12.67339],[-15.19511,12.67943],[-15.67705,12.43929],[-15.97326,12.43723],[-16.09051,12.4643],[-16.18188,12.44338],[-16.22239,12.45505],[-16.4123,12.36173],[-16.66887,12.35671],[-16.72844,12.33253],[-16.74413,12.37885],[-16.79874,12.43089],[-16.80077,12.49445],[-16.73168,12.55207],[-16.67882,12.55024],[-16.64538,12.57075],[-16.57974,12.6328],[-16.53332,12.56533],[-16.50475,12.59805],[-16.37096,12.55024],[-16.30956,12.59805],[-16.24669,12.58796],[-16.21223,12.60635],[-16.19286,12.57758],[-16.02978,12.63296],[-15.93961,12.58063],[-15.86388,12.57758],[-15.84,12.55707],[-15.76879,12.5926],[-15.7296,12.5915],[-15.64476,12.53726],[-15.58772,12.55801],[-15.50984,12.63581],[-15.52986,12.66576],[-15.5349,12.78303],[-15.46642,12.79645],[-15.44616,12.82461],[-15.40681,12.79971],[-15.39159,12.8382],[-15.40705,12.82233],[-15.45303,12.83145],[-15.54947,12.79434],[-15.54247,12.6494],[-15.64102,12.55948],[-15.67211,12.57075],[-15.66641,12.60065],[-15.76769,12.62539],[-15.83348,12.59125],[-15.86046,12.61172],[-15.91332,12.60122],[-15.98119,12.65265],[-16.02212,12.72899],[-16.0489,12.6564],[-16.07681,12.63898],[-16.15502,12.61172],[-16.32384,12.60956],[-16.37096,12.56452],[-16.48957,12.63182],[-16.46719,12.67377],[-16.4923,12.68171],[-16.50133,12.70791],[-16.50817,12.62539],[-16.57022,12.69359],[-16.59878,12.66401],[-16.63467,12.66938],[-16.63793,12.69359],[-16.59073,12.76203],[-16.59691,12.79731],[-16.65103,12.70527],[-16.64721,12.63223],[-16.75463,12.57221],[-16.78087,12.60883],[-16.77709,12.67805],[-16.73546,12.7329],[-16.70055,12.72158],[-16.69896,12.7364],[-16.73396,12.75137],[-16.79621,12.71532],[-16.77013,12.79336],[-16.77505,12.81094],[-16.79406,12.79499],[-16.80297,12.81403],[-16.75524,12.90347],[-16.75212,13.08804],[-16.70841,13.15669],[-15.83332,13.15685],[-15.81869,13.33353],[-15.6925,13.36035],[-15.59612,13.35583],[-15.51954,13.3866],[-15.37924,13.36252],[-15.27707,13.3803],[-15.22777,13.42518],[-15.20395,13.5369],[-15.13765,13.58997],[-14.9497,13.46308],[-14.79033,13.41735],[-14.73158,13.359],[-14.66161,13.34092],[-14.59215,13.35314],[-14.36883,13.2357],[-14.20169,13.22955],[-14.11681,13.28216],[-13.90057,13.31456],[-13.85104,13.33575],[-13.82256,13.3782],[-13.81871,13.42936],[-13.90134,13.54163],[-13.9885,13.57915],[-14.36555,13.45484],[-14.47028,13.52235],[-14.5426,13.64082],[-14.62667,13.66351],[-14.74093,13.61545],[-14.80294,13.65232],[-14.83131,13.73562],[-14.87927,13.78058],[-15.07631,13.81895],[-15.26726,13.7418],[-15.30446,13.78187],[-15.39407,13.77151],[-15.4675,13.70829],[-15.50249,13.58827],[-15.5182,13.5831],[-16.5614,13.58691],[-16.57575,13.64033],[-16.50817,13.68797],[-16.52929,13.701],[-16.5089,13.74022],[-16.52929,13.74262],[-16.5421,13.69367],[-16.59887,13.6542],[-16.63557,13.67805],[-16.62975,13.76048],[-16.57641,13.83881],[-16.54914,13.82453],[-16.55655,13.84565],[-16.52184,13.85179],[-16.51293,13.8133],[-16.48705,13.80463],[-16.5157,13.87979],[-16.48705,14.00263],[-16.54943,13.86929],[-16.63793,13.84565],[-16.70006,13.76903],[-16.74242,13.83942],[-16.74682,13.95136],[-16.7025,13.98998],[-16.64631,13.98298],[-16.63793,13.96166],[-16.59899,13.99681],[-16.57641,13.98896],[-16.57677,14.01097],[-16.54235,14.03734],[-16.59073,14.04361],[-16.44148,14.15656],[-16.40469,14.14541],[-16.36473,14.16779],[-16.42772,14.17011],[-16.45474,14.18016],[-16.45295,14.20185],[-16.46874,14.19383],[-16.46036,14.15412],[-16.51317,14.15103],[-16.55655,14.07152],[-16.65416,14.00275],[-16.72106,14.0163],[-16.69685,14.06468],[-16.68,14.0694],[-16.65225,14.09951],[-16.7279,14.06468],[-16.71711,14.04238],[-16.76887,13.96166],[-16.77505,13.83881],[-16.786,14.05972],[-16.82079,14.14346],[-16.87873,14.17455],[-16.89891,14.25995],[-16.94546,14.30142],[-16.93957,14.35586],[-16.95653,14.39012],[-17.07046,14.4654],[-17.13785,14.59903],[-17.22411,14.69042],[-17.33056,14.73631],[-17.41739,14.7377],[-17.43981,14.72207],[-17.41934,14.70897],[-17.43981,14.68846],[-17.42683,14.67487],[-17.43981,14.65375],[-17.53604,14.75739],[-17.37096,14.80028],[-17.32213,14.83902],[-17.17296,14.90082],[-16.87824,15.2331],[-16.53429,15.78437],[-16.50754,16.01039],[-16.47044,16.10636],[-16.46599,16.17405],[-16.44419,16.2063],[-16.38538,16.23493],[-16.33494,16.45579],[-16.2951,16.51062],[-16.19536,16.52271],[-16.13227,16.55475],[-16.05377,16.49543],[-15.89693,16.51842],[-15.67219,16.48137],[-15.60966,16.52132],[-15.52481,16.5222],[-15.46399,16.58147],[-15.41453,16.54803],[-15.32803,16.57196],[-15.12509,16.58271],[-15.09321,16.60018],[-15.11827,16.6426],[-15.10757,16.66539],[-15.03693,16.63258],[-14.9743,16.69139],[-14.9125,16.64064],[-14.49309,16.63247],[-14.40663,16.66079],[-14.33553,16.63154],[-14.33532,16.58648],[-14.27796,16.58126],[-14.26806,16.54788],[-14.21417,16.53496],[-14.07304,16.40065],[-13.97785,16.33797],[-13.96408,16.23007],[-13.88382,16.19374],[-13.83577,16.12057],[-13.79494,16.13121],[-13.72942,16.1895],[-13.71058,16.18888],[-13.71957,16.13561],[-13.66895,16.10574],[-13.48493,16.15498],[-13.5017,16.09514],[-13.44003,16.10186],[-13.38856,16.0521],[-13.36977,15.98549],[-13.31593,15.93045],[-13.31603,15.88177],[-13.27996,15.82286],[-13.28613,15.76963],[-13.22826,15.71129],[-13.24875,15.65672],[-13.23784,15.62344],[-13.17824,15.62819],[-13.10971,15.59641],[-13.09181,15.57512],[-13.08385,15.49275],[-12.96432,15.50916],[-12.91897,15.36537],[-12.82805,15.28387],[-12.83345,15.27],[-12.8842,15.27083],[-12.88836,15.25088],[-12.85678,15.22199],[-12.78722,15.21416],[-12.77976,15.14639],[-12.71705,15.10342],[-12.62295,15.10226],[-12.48489,15.01728],[-12.44763,14.90744],[-12.26413,14.77494],[-12.22282,14.70329],[-12.18031,14.69282]]]}},{"type":"Feature","id":"GMB-all","properties":{"id":"GMB-all","iso3":"GMB","country_ja":"ガンビア","un_region_ja":"西アフリカ","area_ja":"全域（住民の生活圏）","level":"やや高い","source_ids":["PEW2025"],"clothing_evidence":"宗教人口・地域分布からの弱い定性推定／着用率未取得","geometry_kind_ja":"国・地域全体","geometry_method":{"type":"country"},"map_number":10},"geometry":{"type":"Polygon","coordinates":[[[-16.7755,13.11274],[-16.79503,13.23591],[-16.8297,13.33853],[-16.80997,13.37987],[-16.76293,13.40498],[-16.67882,13.49616],[-16.65225,13.46825],[-16.61685,13.47818],[-16.59073,13.46137],[-16.58532,13.44335],[-16.62426,13.42723],[-16.59073,13.33853],[-16.54577,13.29011],[-16.41967,13.25556],[-16.41942,13.2082],[-16.39977,13.22431],[-16.3778,13.21503],[-16.43993,13.27643],[-16.38463,13.28388],[-16.37475,13.26386],[-16.25796,13.3249],[-16.23013,13.31639],[-16.22761,13.25601],[-16.20971,13.25117],[-16.15127,13.27643],[-16.19929,13.2591],[-16.22712,13.33369],[-16.21622,13.37275],[-16.1612,13.4287],[-15.99486,13.41303],[-15.87133,13.4409],[-15.76447,13.43692],[-15.66869,13.47574],[-15.62084,13.45482],[-15.54345,13.50967],[-15.5004,13.48819],[-15.45108,13.49091],[-15.41885,13.45458],[-15.34057,13.44082],[-15.3048,13.45531],[-15.29475,13.49616],[-15.32185,13.45824],[-15.35167,13.45673],[-15.41576,13.47321],[-15.46524,13.51016],[-15.49083,13.503],[-15.55614,13.52831],[-15.61067,13.48932],[-15.67211,13.503],[-15.76989,13.46507],[-16.09024,13.4405],[-16.14159,13.45458],[-16.27302,13.36262],[-16.28913,13.36587],[-16.28913,13.40681],[-16.3164,13.36587],[-16.30211,13.35277],[-16.39053,13.33686],[-16.52184,13.35904],[-16.50353,13.41694],[-16.55655,13.48558],[-16.5614,13.58691],[-15.5182,13.5831],[-15.50249,13.58827],[-15.4675,13.70829],[-15.39407,13.77151],[-15.30446,13.78187],[-15.26726,13.7418],[-15.0977,13.81998],[-14.87927,13.78058],[-14.83131,13.73562],[-14.80294,13.65232],[-14.74093,13.61545],[-14.62667,13.66351],[-14.5426,13.64082],[-14.47028,13.52235],[-14.36555,13.45484],[-13.9885,13.57915],[-13.90134,13.54163],[-13.81871,13.42936],[-13.82256,13.3782],[-13.85104,13.33575],[-13.90057,13.31456],[-14.11681,13.28216],[-14.20169,13.22955],[-14.36883,13.2357],[-14.59215,13.35314],[-14.66161,13.34092],[-14.73158,13.359],[-14.79033,13.41735],[-14.9497,13.46308],[-15.13765,13.58997],[-15.20395,13.5369],[-15.22777,13.42518],[-15.27707,13.3803],[-15.37924,13.36252],[-15.51954,13.3866],[-15.59612,13.35583],[-15.6925,13.36035],[-15.81869,13.33353],[-15.83332,13.15685],[-16.67353,13.16431],[-16.70841,13.15669],[-16.75365,13.06501],[-16.78673,13.09007],[-16.7755,13.11274]]]}},{"type":"Feature","id":"NER-all","properties":{"id":"NER-all","iso3":"NER","country_ja":"ニジェール","un_region_ja":"西アフリカ","area_ja":"全域（住民の生活圏）","level":"やや高い","source_ids":["PEW2025"],"clothing_evidence":"宗教人口・地域分布からの弱い定性推定／着用率未取得","geometry_kind_ja":"国・地域全体","geometry_method":{"type":"country"},"map_number":11},"geometry":{"type":"Polygon","coordinates":[[[3.38091,11.89504],[3.34164,11.88289],[3.30701,11.90237],[3.25203,12.02412],[3.06341,12.19378],[3.00936,12.27631],[2.94497,12.29248],[2.91262,12.34633],[2.8443,12.39924],[2.70043,12.3471],[2.66385,12.29155],[2.58613,12.29403],[2.5237,12.26918],[2.49507,12.28323],[2.47771,12.2576],[2.45952,12.26675],[2.37001,12.23626],[2.37188,12.14045],[2.40557,12.04671],[2.45735,11.99622],[2.45673,11.97906],[2.38087,11.9479],[2.39017,11.89654],[2.33808,11.9401],[2.05179,12.34193],[2.06926,12.38333],[2.24496,12.42415],[2.2,12.59592],[2.10905,12.70563],[1.97169,12.72424],[1.93449,12.69354],[1.91144,12.69664],[1.84374,12.6061],[1.56386,12.63215],[1.11397,12.99624],[0.98354,13.03236],[0.97041,13.32833],[0.98354,13.36841],[1.16068,13.31131],[1.18766,13.36412],[1.24151,13.33554],[1.26869,13.34606],[1.23427,13.37758],[1.15717,13.39265],[1.01527,13.46566],[0.99139,13.54111],[0.89693,13.61493],[0.77569,13.63529],[0.7635,13.68203],[0.59431,13.68888],[0.58046,13.71379],[0.60051,13.76872],[0.45481,13.90236],[0.4567,13.94685],[0.36916,14.03907],[0.37846,14.07043],[0.33916,14.12578],[0.38879,14.25161],[0.18865,14.44775],[0.15294,14.54671],[0.21971,14.73122],[0.1841,14.81956],[0.18576,14.84819],[0.22084,14.88821],[0.22126,14.99593],[0.35319,14.96343],[0.51483,14.99356],[0.67007,14.93974],[0.76918,14.96906],[0.94933,14.97955],[1.27086,15.2599],[1.33153,15.28362],[3.00016,15.33912],[3.01029,15.41766],[3.03354,15.42645],[3.5071,15.35397],[3.52653,15.49595],[3.61407,15.54773],[3.69221,15.63145],[3.8461,15.6853],[3.88651,15.7501],[3.90987,15.90477],[3.98325,15.98399],[3.97116,16.0861],[4.06056,16.29833],[4.18396,16.41605],[4.182,16.80962],[4.20205,16.84889],[4.19781,16.96522],[4.23564,16.99586],[4.22861,19.14224],[5.7943,19.4498],[7.48273,20.87258],[11.96886,23.51735],[13.48226,23.17967],[13.59956,23.11903],[14.21622,22.6163],[14.97991,22.99566],[15.17202,21.99339],[15.18453,21.4912],[15.30101,21.40133],[15.60931,20.95066],[15.5443,20.8903],[15.5442,20.79899],[15.57024,20.75191],[15.66946,20.67187],[15.95399,20.37457],[15.97032,20.33633],[15.73602,19.90354],[15.47195,16.91675],[15.45242,16.87623],[14.36897,15.74963],[13.83391,15.0196],[13.75516,14.84721],[13.76436,14.71908],[13.70999,14.70512],[13.64473,14.64425],[13.66674,14.58552],[13.65785,14.54872],[13.62426,14.52131],[13.48226,14.48359],[13.44949,14.43904],[13.44918,14.38013],[13.60731,13.7041],[13.32991,13.70942],[13.25922,13.62896],[13.22811,13.54804],[13.15018,13.52266],[13.14398,13.55062],[13.12352,13.52266],[13.12352,13.53695],[13.08828,13.5306],[13.08249,13.55062],[13.05489,13.54837],[12.93934,13.49507],[12.8423,13.48913],[12.8702,13.46125],[12.82927,13.40663],[12.79455,13.39606],[12.80519,13.37298],[12.77739,13.3867],[12.67435,13.28371],[12.63001,13.31038],[12.62019,13.28144],[12.56107,13.24276],[12.53834,13.19336],[12.55425,13.18754],[12.54795,13.16545],[12.49978,13.13597],[12.47271,13.06416],[12.32574,13.07882],[12.30104,13.09812],[12.2692,13.08587],[12.2014,13.12543],[12.11645,13.10285],[12.05764,13.11677],[11.8528,13.24539],[11.44,13.36443],[10.67499,13.3751],[10.11978,13.2501],[9.93012,13.14597],[9.89178,13.07623],[9.81933,13.02921],[9.64073,12.82253],[9.5903,12.80139],[9.37791,12.82578],[9.26939,12.80979],[8.94279,12.8472],[8.67935,12.92358],[8.53351,13.06463],[8.48267,13.08155],[8.40515,13.07086],[8.25984,13.20522],[8.20144,13.22638],[8.10512,13.29965],[7.824,13.34529],[7.75558,13.32715],[7.39198,13.11253],[7.1982,13.11739],[7.06869,12.99608],[6.93713,12.99541],[6.87418,13.0305],[6.77869,13.13029],[6.67254,13.32118],[6.5093,13.49605],[6.36894,13.62627],[6.30218,13.66384],[6.22983,13.67919],[6.14239,13.64082],[5.52176,13.88029],[5.37407,13.85525],[5.34627,13.84156],[5.3042,13.77394],[5.22762,13.74133],[4.92511,13.73309],[4.85689,13.7741],[4.82485,13.77074],[4.45258,13.67377],[4.24845,13.49414],[4.12577,13.47298],[4.12371,13.23359],[4.08877,12.99624],[3.92909,12.75039],[3.64156,12.518],[3.65149,12.26902],[3.62399,12.09425],[3.65355,11.98681],[3.60394,11.90558],[3.61294,11.83897],[3.66699,11.7597],[3.64777,11.726],[3.5964,11.69577],[3.49542,11.83752],[3.38091,11.89504]]]}},{"type":"Feature","id":"MLI-all","properties":{"id":"MLI-all","iso3":"MLI","country_ja":"マリ共和国","un_region_ja":"西アフリカ","area_ja":"全域（住民の生活圏）","level":"やや高い","source_ids":["PEW2025"],"clothing_evidence":"宗教人口・地域分布からの弱い定性推定／着用率未取得","geometry_kind_ja":"国・地域全体","geometry_method":{"type":"country"},"map_number":12},"geometry":{"type":"Polygon","coordinates":[[[-12.13887,14.78453],[-12.07039,14.7344],[-12.04967,14.76721],[-11.99149,14.76804],[-11.93599,14.82362],[-11.87749,14.84152],[-11.82038,14.89997],[-11.81377,15.02854],[-11.8609,15.049],[-11.84566,15.17907],[-11.72706,15.54117],[-11.64412,15.52644],[-11.61487,15.54117],[-11.51539,15.61008],[-11.52438,15.64347],[-11.45824,15.63295],[-11.40956,15.6022],[-11.29819,15.45105],[-11.04539,15.27021],[-10.91517,15.1029],[-10.82722,15.2877],[-10.74681,15.34113],[-10.72536,15.43306],[-10.32265,15.43709],[-10.06762,15.36475],[-9.9514,15.38121],[-9.8356,15.3711],[-9.67212,15.43066],[-9.42389,15.44053],[-9.45169,15.58833],[-9.35645,15.69785],[-9.33242,15.68757],[-9.32932,15.65525],[-9.34922,15.49564],[-5.51095,15.4942],[-5.35329,16.31198],[-5.60588,16.49589],[-5.62335,16.52783],[-5.94911,19.49563],[-6.59311,24.99413],[-4.82161,24.99507],[1.14652,21.10171],[1.18011,20.99531],[1.14528,20.79589],[1.15458,20.73879],[1.2967,20.73346],[1.36398,20.65771],[1.55973,20.5975],[1.64396,20.52268],[1.65915,20.39752],[1.77811,20.30429],[1.85501,20.29483],[1.89139,20.23179],[1.95526,20.25492],[2.07122,20.21326],[2.16135,20.27494],[2.20083,20.27391],[2.31648,20.18016],[2.4004,20.05655],[2.51481,20.01594],[2.946,19.94165],[3.1988,19.82052],[3.21678,19.79406],[3.19942,19.55377],[3.26081,19.38833],[3.19291,19.3258],[3.17441,19.25164],[3.13927,19.22193],[3.10413,19.13553],[3.2849,18.99574],[3.35869,18.97685],[4.22861,19.14224],[4.23564,16.99586],[4.19781,16.96522],[4.20205,16.84889],[4.182,16.80962],[4.18396,16.41605],[4.06056,16.29833],[3.97116,16.0861],[3.98325,15.98399],[3.90987,15.90477],[3.87121,15.7148],[3.80838,15.66558],[3.69221,15.63145],[3.61407,15.54773],[3.52653,15.49595],[3.5071,15.35397],[3.03354,15.42645],[3.01029,15.41766],[3.00016,15.33912],[1.33153,15.28362],[1.27086,15.2599],[0.97372,14.99126],[0.76918,14.96906],[0.67007,14.93974],[0.51483,14.99356],[0.35319,14.96343],[0.22126,14.99593],[0.21847,14.91098],[-0.2367,15.06562],[-0.42573,15.0026],[-0.4679,15.07991],[-0.71972,15.07846],[-0.78282,15.04838],[-1.07856,14.79636],[-1.35027,14.71497],[-1.69692,14.49612],[-1.99706,14.47069],[-2.03592,14.18123],[-2.10434,14.15118],[-2.15188,14.15614],[-2.38561,14.26471],[-2.46168,14.28091],[-2.59738,14.22231],[-2.69319,14.1232],[-2.84085,14.04299],[-2.86729,14.00054],[-2.85538,13.99617],[-2.89447,13.86657],[-2.92806,13.79962],[-2.89525,13.65165],[-2.97232,13.62447],[-3.01911,13.63752],[-3.06751,13.60677],[-3.08221,13.64622],[-3.1251,13.67728],[-3.19582,13.6749],[-3.26706,13.71705],[-3.28695,13.69777],[-3.25972,13.65831],[-3.28396,13.5422],[-3.24863,13.29278],[-3.44854,13.26578],[-3.44948,13.16881],[-3.54505,13.17449],[-3.79863,13.34714],[-3.97161,13.38676],[-3.98404,13.39647],[-3.91797,13.45107],[-3.95606,13.46166],[-3.98125,13.49897],[-3.99797,13.48052],[-3.97691,13.46063],[-4.08755,13.39799],[-4.16602,13.27816],[-4.2055,13.27299],[-4.25351,13.22909],[-4.2348,13.1756],[-4.32704,13.16855],[-4.35107,13.11832],[-4.22932,12.94895],[-4.21188,12.81919],[-4.23413,12.74235],[-4.25764,12.72093],[-4.29723,12.71214],[-4.36885,12.73899],[-4.48525,12.71468],[-4.48254,12.64626],[-4.42249,12.59722],[-4.38725,12.53397],[-4.45164,12.43531],[-4.40613,12.30747],[-4.48817,12.3207],[-4.49355,12.27284],[-4.58553,12.19724],[-4.56047,12.14949],[-4.63612,12.11756],[-4.65372,12.06913],[-4.71462,12.05901],[-4.76128,12.00661],[-4.95375,12.00511],[-5.0047,11.98067],[-5.08932,11.97927],[-5.16782,11.94366],[-5.27515,11.83742],[-5.41235,11.82853],[-5.37065,11.79106],[-5.33427,11.79081],[-5.28714,11.75892],[-5.28068,11.69949],[-5.3076,11.61764],[-5.23391,11.57599],[-5.21831,11.4222],[-5.26347,11.39018],[-5.26285,11.25159],[-5.30673,11.1994],[-5.33251,11.12157],[-5.50423,11.07268],[-5.5018,10.97021],[-5.47912,10.97553],[-5.43142,10.84469],[-5.48263,10.68423],[-5.46057,10.64457],[-5.48165,10.53533],[-5.52258,10.42549],[-5.59405,10.45394],[-5.80628,10.41347],[-5.87806,10.37606],[-5.90483,10.34828],[-5.90473,10.27529],[-5.96302,10.28273],[-6.01593,10.18987],[-6.10533,10.18928],[-6.24,10.25193],[-6.24067,10.30258],[-6.20615,10.31082],[-6.18057,10.42022],[-6.20037,10.44877],[-6.19029,10.49114],[-6.26129,10.51409],[-6.23137,10.56024],[-6.23866,10.59798],[-6.20445,10.62961],[-6.24662,10.65762],[-6.25597,10.72648],[-6.3417,10.69144],[-6.42702,10.68609],[-6.43586,10.62871],[-6.39922,10.59248],[-6.40278,10.56912],[-6.44598,10.55225],[-6.53756,10.56969],[-6.59858,10.60491],[-6.63398,10.65302],[-6.66918,10.65416],[-6.69754,10.4883],[-6.68308,10.45169],[-6.64778,10.4327],[-6.66892,10.36102],[-6.70034,10.34167],[-6.78209,10.37304],[-6.86275,10.34384],[-6.96125,10.34487],[-6.99711,10.25276],[-6.95939,10.1855],[-7.01577,10.14088],[-7.04052,10.14005],[-7.10636,10.20726],[-7.3634,10.25219],[-7.37234,10.34477],[-7.44442,10.3342],[-7.46618,10.42949],[-7.50148,10.45864],[-7.55638,10.41727],[-7.66441,10.43714],[-7.67904,10.40593],[-7.73604,10.37828],[-7.73534,10.3471],[-7.77758,10.32986],[-7.76441,10.31291],[-7.77825,10.27834],[-7.829,10.21165],[-7.92905,10.16096],[-7.98966,10.16199],[-7.96258,10.23325],[-7.99628,10.32826],[-8.11549,10.36025],[-8.13544,10.42732],[-8.22887,10.42342],[-8.29553,10.53745],[-8.31114,10.73529],[-8.34194,10.76325],[-8.30365,10.87489],[-8.3051,10.97825],[-8.32659,11.02385],[-8.36933,11.05424],[-8.50576,11.05279],[-8.55955,10.97161],[-8.69623,10.96274],[-8.69691,10.99605],[-8.63368,11.07129],[-8.62461,11.12204],[-8.57815,11.14206],[-8.5518,11.21074],[-8.49878,11.2335],[-8.49258,11.27779],[-8.40669,11.27528],[-8.37672,11.29466],[-8.37103,11.32055],[-8.42607,11.34047],[-8.37532,11.36765],[-8.42772,11.40008],[-8.52756,11.42339],[-8.54958,11.49013],[-8.57521,11.47028],[-8.65675,11.49643],[-8.72652,11.64947],[-8.77721,11.63593],[-8.84723,11.65795],[-8.797,11.91323],[-8.81979,12.01265],[-8.92211,12.04536],[-8.9139,12.16985],[-8.94201,12.19585],[-8.97384,12.18758],[-8.99756,12.23481],[-8.96309,12.32421],[-8.97591,12.3687],[-9.14732,12.46549],[-9.32731,12.49753],[-9.39815,12.47325],[-9.40725,12.44513],[-9.30917,12.35775],[-9.33682,12.26985],[-9.36017,12.24664],[-9.43888,12.25476],[-9.51562,12.20706],[-9.62817,12.17016],[-9.67514,12.13399],[-9.6863,12.06815],[-9.72299,12.02542],[-9.87074,12.05208],[-10.06018,12.14753],[-10.26694,12.21781],[-10.31102,12.19104],[-10.32358,12.202],[-10.35339,12.16649],[-10.3814,12.18014],[-10.44569,12.12071],[-10.51163,12.11807],[-10.51509,12.05291],[-10.56651,12.01725],[-10.55948,11.99519],[-10.61379,11.96769],[-10.65508,11.89897],[-10.71136,11.89039],[-10.80779,12.02283],[-10.80494,12.09596],[-10.86964,12.13843],[-10.90979,12.20013],[-10.95212,12.21946],[-11.05232,12.20251],[-11.07278,12.14949],[-11.15939,12.07751],[-11.19117,12.01441],[-11.27499,11.99627],[-11.33468,12.02619],[-11.39173,12.09373],[-11.4896,12.1512],[-11.50779,12.19161],[-11.44459,12.28948],[-11.44723,12.37454],[-11.38863,12.38447],[-11.37778,12.48022],[-11.39044,12.49753],[-11.40051,12.47955],[-11.417,12.52931],[-11.42981,12.50833],[-11.4678,12.54353],[-11.43736,12.57076],[-11.43684,12.63747],[-11.4619,12.67313],[-11.40217,12.73173],[-11.40847,12.80449],[-11.4325,12.83552],[-11.41514,12.89666],[-11.42723,12.91862],[-11.3878,12.92712],[-11.38884,12.97055],[-11.40181,12.98949],[-11.41152,12.96071],[-11.4387,12.9589],[-11.42299,13.00941],[-11.45896,13.05468],[-11.45028,13.07509],[-11.53306,13.11181],[-11.53854,13.16297],[-11.57234,13.2171],[-11.55425,13.25687],[-11.60582,13.31965],[-11.61311,13.36081],[-11.64396,13.35559],[-11.6498,13.38412],[-11.70401,13.38037],[-11.74122,13.40781],[-11.77512,13.34335],[-11.82814,13.30728],[-11.85459,13.35056],[-11.89759,13.37117],[-11.89041,13.46515],[-12.01515,13.56444],[-12.09763,13.70441],[-12.01231,13.75118],[-11.96291,13.82947],[-11.96291,13.90915],[-12.02533,13.98525],[-11.99758,14.16616],[-12.0443,14.26492],[-12.11959,14.31058],[-12.11561,14.35512],[-12.22173,14.39124],[-12.23643,14.51945],[-12.16502,14.64187],[-12.18982,14.65595],[-12.18031,14.69282],[-12.22282,14.70329],[-12.26413,14.77494],[-12.22478,14.76344],[-12.13887,14.78453]]]}},{"type":"Feature","id":"BFA-all","properties":{"id":"BFA-all","iso3":"BFA","country_ja":"ブルキナファソ","un_region_ja":"西アフリカ","area_ja":"全域（住民の生活圏）","level":"やや高い","source_ids":["PEW2025"],"clothing_evidence":"宗教人口・地域分布からの弱い定性推定／着用率未取得","geometry_kind_ja":"国・地域全体","geometry_method":{"type":"country"},"map_number":13},"geometry":{"type":"Polygon","coordinates":[[[2.3016,11.73153],[2.28744,11.66528],[2.14698,11.56374],[2.01076,11.4269],[1.94802,11.41672],[1.84064,11.44548],[1.60159,11.38869],[1.58061,11.42706],[1.56324,11.42602],[1.56934,11.45331],[1.43963,11.47377],[1.38982,11.4284],[1.39809,11.39869],[1.33907,11.3661],[1.34786,11.3035],[1.33039,11.28885],[1.30248,11.28885],[1.27334,11.31822],[1.28264,11.27887],[1.26838,11.24789],[1.21897,11.26805],[1.17216,11.26148],[1.15634,11.28554],[1.13061,11.24758],[1.15841,11.16593],[1.11748,11.17898],[1.10043,11.15162],[1.06229,11.14206],[1.09702,11.10449],[1.11748,11.0322],[0.98137,11.08013],[0.95243,11.0424],[0.96328,10.97414],[0.90147,10.99274],[0.67534,10.98853],[0.48765,10.93324],[0.49974,10.97569],[0.48362,10.97969],[0.48662,11.0032],[-0.30168,11.16294],[-0.2983,11.12839],[-0.31881,11.10136],[-0.36894,11.06522],[-0.42522,11.10147],[-0.45669,11.02961],[-0.51296,10.98974],[-0.59058,10.98243],[-0.63476,10.90797],[-0.68277,10.9536],[-0.67393,10.98352],[-0.82777,11.00584],[-0.90059,10.96623],[-0.89392,10.9799],[-0.93247,11.0031],[-1.07034,11.0139],[-1.10755,10.99434],[-1.35529,10.99672],[-1.43606,11.02271],[-1.56241,11.02659],[-1.59868,10.99713],[-2.75071,10.98584],[-2.83734,10.99801],[-2.8214,10.90626],[-2.86424,10.86427],[-2.92232,10.72121],[-2.90511,10.69273],[-2.9325,10.63431],[-2.85956,10.46562],[-2.81215,10.42882],[-2.76755,10.4212],[-2.82233,10.38758],[-2.8413,10.34327],[-2.83318,10.30599],[-2.75494,10.2608],[-2.79892,10.16961],[-2.78848,10.03877],[-2.75438,9.96678],[-2.76052,9.87054],[-2.73391,9.82279],[-2.7953,9.72],[-2.74016,9.65083],[-2.76626,9.57652],[-2.68921,9.48872],[-2.76368,9.39188],[-2.81042,9.41111],[-2.91015,9.54273],[-2.98999,9.70843],[-3.09456,9.73385],[-3.13694,9.82953],[-3.20001,9.84537],[-3.21476,9.91562],[-3.27786,9.84346],[-3.30173,9.84113],[-3.31718,9.90133],[-3.34834,9.887],[-3.38917,9.91325],[-3.60626,9.91818],[-3.66166,9.94893],[-3.67964,9.93221],[-3.75504,9.93588],[-3.80426,9.90139],[-3.91009,9.88849],[-3.98404,9.85116],[-3.99461,9.82077],[-4.05368,9.79762],[-4.15026,9.81829],[-4.19697,9.76496],[-4.28364,9.73202],[-4.26751,9.72726],[-4.3033,9.68672],[-4.31593,9.61662],[-4.36503,9.62417],[-4.37118,9.58296],[-4.40911,9.64773],[-4.50171,9.65502],[-4.51592,9.67569],[-4.50995,9.74507],[-4.5391,9.7447],[-4.5522,9.69646],[-4.57832,9.69651],[-4.60403,9.72716],[-4.68108,9.68207],[-4.73834,9.75315],[-4.76996,9.73737],[-4.79645,9.7545],[-4.81011,9.78178],[-4.7759,9.78801],[-4.79846,9.84253],[-4.81756,9.83646],[-4.83846,9.86945],[-4.89802,9.88891],[-4.92802,9.87095],[-4.96608,9.90103],[-4.95295,9.95337],[-4.9814,10.00774],[-4.96021,10.00849],[-4.96334,10.04032],[-5.01558,10.09711],[-5.04834,10.08535],[-5.04287,10.10334],[-5.0701,10.11016],[-5.03946,10.13434],[-5.07072,10.16101],[-5.06395,10.17904],[-5.09072,10.17793],[-5.08441,10.22744],[-5.11707,10.20803],[-5.11919,10.29353],[-5.29665,10.32304],[-5.32709,10.30258],[-5.40253,10.30056],[-5.43783,10.34002],[-5.47416,10.35032],[-5.52258,10.42549],[-5.46811,10.58783],[-5.47741,10.61956],[-5.46057,10.64457],[-5.48263,10.68423],[-5.43142,10.84469],[-5.47912,10.97553],[-5.5018,10.97021],[-5.50423,11.07268],[-5.33251,11.12157],[-5.30673,11.1994],[-5.26285,11.25159],[-5.26347,11.39018],[-5.21831,11.4222],[-5.23391,11.57599],[-5.3076,11.61764],[-5.28068,11.69949],[-5.28714,11.75892],[-5.33427,11.79081],[-5.37065,11.79106],[-5.41235,11.82853],[-5.27515,11.83742],[-5.16782,11.94366],[-5.08932,11.97927],[-5.0047,11.98067],[-4.95375,12.00511],[-4.76128,12.00661],[-4.71462,12.05901],[-4.65372,12.06913],[-4.63612,12.11756],[-4.56047,12.14949],[-4.58553,12.19724],[-4.49355,12.27284],[-4.48817,12.3207],[-4.40613,12.30747],[-4.45164,12.43531],[-4.38725,12.53397],[-4.42249,12.59722],[-4.48254,12.64626],[-4.48525,12.71468],[-4.36885,12.73899],[-4.29723,12.71214],[-4.25764,12.72093],[-4.23413,12.74235],[-4.21188,12.81919],[-4.22932,12.94895],[-4.35107,13.10608],[-4.32704,13.16855],[-4.2348,13.1756],[-4.25351,13.22909],[-4.2055,13.27299],[-4.16602,13.27816],[-4.08755,13.39799],[-3.97691,13.46063],[-3.99797,13.48052],[-3.97774,13.49993],[-3.95606,13.46166],[-3.91797,13.45107],[-3.98404,13.39647],[-3.97161,13.38676],[-3.79863,13.34714],[-3.54505,13.17449],[-3.44948,13.16881],[-3.44854,13.26578],[-3.24863,13.29278],[-3.28396,13.5422],[-3.25972,13.65831],[-3.28695,13.69777],[-3.26706,13.71705],[-3.19582,13.6749],[-3.1251,13.67728],[-3.08221,13.64622],[-3.06751,13.60677],[-3.01911,13.63752],[-2.97232,13.62447],[-2.89525,13.65165],[-2.92806,13.79962],[-2.89447,13.86657],[-2.85538,13.99617],[-2.86729,14.00054],[-2.84085,14.04299],[-2.69319,14.1232],[-2.59738,14.22231],[-2.46168,14.28091],[-2.38561,14.26471],[-2.15188,14.15614],[-2.10434,14.15118],[-2.03592,14.18123],[-1.99706,14.47069],[-1.69692,14.49612],[-1.35027,14.71497],[-1.07856,14.79636],[-0.78282,15.04838],[-0.71972,15.07846],[-0.4679,15.07991],[-0.42573,15.0026],[-0.2367,15.06562],[0.21847,14.91098],[0.1841,14.81956],[0.21971,14.73122],[0.15294,14.54671],[0.15883,14.49612],[0.38879,14.25161],[0.33916,14.12578],[0.37846,14.07043],[0.36916,14.03907],[0.4567,13.94685],[0.45481,13.90236],[0.60051,13.76872],[0.58046,13.71379],[0.59431,13.68888],[0.7635,13.68203],[0.77569,13.63529],[0.89693,13.61493],[0.99139,13.54111],[1.01527,13.46566],[1.15717,13.39265],[1.23427,13.37758],[1.26869,13.34606],[1.24151,13.33554],[1.18766,13.36412],[1.16068,13.31131],[0.98354,13.36841],[0.97041,13.32833],[0.98354,13.03236],[1.11397,12.99624],[1.56386,12.63215],[1.84374,12.6061],[1.91144,12.69664],[1.93449,12.69354],[1.97169,12.72424],[2.10905,12.70563],[2.2,12.59592],[2.24496,12.42415],[2.06926,12.38333],[2.05179,12.34193],[2.33808,11.9401],[2.39017,11.89654],[2.3541,11.79985],[2.3016,11.73153]]]}},{"type":"Feature","id":"GIN-north","properties":{"id":"GIN-north","iso3":"GIN","country_ja":"ギニア","un_region_ja":"西アフリカ","area_ja":"北部・中部・西部（南東部の森林地帯を除く）","level":"やや高い","source_ids":["PEW2025","IRF-GIN"],"clothing_evidence":"宗教人口・地域分布からの弱い定性推定／着用率未取得","geometry_kind_ja":"緯度経度で囲った概略","geometry_method":{"type":"bbox","bounds":[-15.2,9.1,-8.0,12.8]},"map_number":14},"geometry":{"type":"Polygon","coordinates":[[[-10.74257,9.16329],[-10.68521,9.2245],[-10.67513,9.30646],[-10.76546,9.38522],[-10.83176,9.39214],[-10.81145,9.40826],[-10.85486,9.45526],[-10.85259,9.51208],[-10.88633,9.56841],[-10.9685,9.65424],[-11.04493,9.78713],[-11.16027,9.87276],[-11.1996,9.98216],[-11.27267,9.99601],[-11.9101,9.99252],[-11.92177,9.92221],[-12.14135,9.87488],[-12.27674,9.92927],[-12.47233,9.88126],[-12.51432,9.85131],[-12.52246,9.73447],[-12.58225,9.68336],[-12.60682,9.60071],[-12.63385,9.59787],[-12.66863,9.54236],[-12.7016,9.42023],[-12.72294,9.39209],[-12.75976,9.38284],[-12.76415,9.34767],[-12.83583,9.28197],[-12.91753,9.26701],[-12.93701,9.28708],[-12.95791,9.27243],[-12.97835,9.21285],[-12.95915,9.17784],[-12.98416,9.17231],[-13.02651,9.1],[-13.29025,9.1],[-13.24307,9.16975],[-13.1577,9.18549],[-13.25951,9.19636],[-13.23282,9.2674],[-13.28063,9.16502],[-13.3153,9.18207],[-13.30793,9.25031],[-13.32535,9.31102],[-13.31867,9.32949],[-13.3011,9.31586],[-13.3011,9.35684],[-13.35285,9.33877],[-13.3745,9.27277],[-13.40779,9.28701],[-13.432,9.37108],[-13.39664,9.43936],[-13.4654,9.41816],[-13.51399,9.44961],[-13.52074,9.4951],[-13.48668,9.56908],[-13.54748,9.50019],[-13.58845,9.56908],[-13.72623,9.51105],[-13.6258,9.64728],[-13.6232,9.72736],[-13.56111,9.78824],[-13.60412,9.78018],[-13.65119,9.84284],[-13.66478,9.83662],[-13.66128,9.75454],[-13.72891,9.74409],[-13.74983,9.79987],[-13.682,9.91348],[-13.68529,9.94648],[-13.74975,9.86347],[-13.78869,9.85004],[-13.84284,9.86078],[-13.94538,9.96695],[-14.05834,10.02529],[-14.04613,10.07949],[-14.02033,10.09443],[-13.99376,10.07616],[-14.02819,10.1166],[-14.04162,10.1013],[-14.06835,10.11811],[-13.99991,10.19969],[-14.08934,10.13825],[-14.10057,10.05829],[-14.15319,10.05565],[-14.17878,10.1103],[-14.12365,10.16258],[-14.13777,10.17919],[-14.2224,10.10611],[-14.2506,10.14053],[-14.24389,10.18232],[-14.27013,10.15973],[-14.3767,10.23444],[-14.43196,10.23444],[-14.45255,10.21459],[-14.46304,10.33002],[-14.548,10.4256],[-14.53502,10.50821],[-14.59642,10.47598],[-14.65779,10.47956],[-14.65046,10.57026],[-14.59642,10.60375],[-14.62865,10.61726],[-14.61522,10.69131],[-14.56851,10.73102],[-14.50023,10.8911],[-14.57348,10.81241],[-14.62971,10.70645],[-14.69982,10.64313],[-14.70373,10.67084],[-14.67833,10.6931],[-14.71935,10.69937],[-14.69909,10.75625],[-14.65136,10.80996],[-14.6647,10.81664],[-14.72313,10.76512],[-14.76032,10.69937],[-14.79507,10.76826],[-14.75414,10.80297],[-14.74047,10.87189],[-14.8087,10.82347],[-14.79507,10.89859],[-14.81973,10.91201],[-14.8087,10.9396],[-14.73176,10.96646],[-14.7163,11.00096],[-14.6647,11.03579],[-14.68517,11.06367],[-14.74153,10.98908],[-14.80126,10.98054],[-14.81066,11.01447],[-14.8435,10.96748],[-14.87462,10.97329],[-14.89444,11.03026],[-14.91857,11.02896],[-14.89879,10.99323],[-14.91112,10.96003],[-14.95958,10.98054],[-14.91112,10.92593],[-14.93981,10.88911],[-14.98005,10.87499],[-14.97321,10.82005],[-14.94591,10.79279],[-14.95958,10.76826],[-15.03157,10.79279],[-15.07946,10.85871],[-15.07433,10.89688],[-15.02782,10.92935],[-15.02098,10.96748],[-14.95906,11.03576],[-14.86314,11.21865],[-14.82821,11.33479],[-14.71106,11.49757],[-14.64538,11.51506],[-14.52094,11.51289],[-14.33922,11.61061],[-14.28969,11.66885],[-14.01514,11.63712],[-13.94542,11.67567],[-13.88641,11.67557],[-13.87005,11.74368],[-13.84628,11.73727],[-13.81577,11.68683],[-13.72993,11.70983],[-13.72394,12.00278],[-13.80776,12.04428],[-13.84241,12.0913],[-13.9184,12.13776],[-13.97253,12.15156],[-13.94393,12.21864],[-13.84,12.27713],[-13.79569,12.27873],[-13.80856,12.2561],[-13.74084,12.25693],[-13.69502,12.29295],[-13.66071,12.45867],[-13.73464,12.58533],[-13.72828,12.67339],[-13.07646,12.63592],[-13.05933,12.60347],[-13.08271,12.51567],[-13.05199,12.47226],[-12.98104,12.46699],[-12.94949,12.53593],[-12.91314,12.53634],[-12.84921,12.495],[-12.83862,12.46637],[-12.77327,12.43506],[-12.64801,12.42575],[-12.59367,12.36157],[-12.50507,12.39025],[-12.46675,12.38447],[-12.40552,12.35646],[-12.36092,12.30561],[-12.19204,12.34876],[-12.10398,12.40736],[-11.99758,12.38638],[-11.92394,12.41878],[-11.83961,12.38669],[-11.7578,12.38333],[-11.60154,12.42524],[-11.48165,12.42824],[-11.38842,12.4039],[-11.38863,12.38447],[-11.44723,12.37454],[-11.44459,12.28948],[-11.50779,12.19161],[-11.4896,12.1512],[-11.39173,12.09373],[-11.33468,12.02619],[-11.27499,11.99627],[-11.19117,12.01441],[-11.15939,12.07751],[-11.07278,12.14949],[-11.05232,12.20251],[-10.95212,12.21946],[-10.90979,12.20013],[-10.86964,12.13843],[-10.80494,12.09596],[-10.80779,12.02283],[-10.71136,11.89039],[-10.65508,11.89897],[-10.61379,11.96769],[-10.55948,11.99519],[-10.56651,12.01725],[-10.51509,12.05291],[-10.51163,12.11807],[-10.44569,12.12071],[-10.3814,12.18014],[-10.35339,12.16649],[-10.32358,12.202],[-10.31102,12.19104],[-10.26694,12.21781],[-10.06018,12.14753],[-9.87074,12.05208],[-9.72299,12.02542],[-9.6863,12.06815],[-9.67514,12.13399],[-9.62817,12.17016],[-9.51562,12.20706],[-9.43888,12.25476],[-9.36017,12.24664],[-9.33682,12.26985],[-9.30917,12.35775],[-9.41257,12.45537],[-9.33418,12.49629],[-9.26586,12.49521],[-9.14732,12.46549],[-8.97591,12.3687],[-8.96309,12.32421],[-8.99591,12.26101],[-8.99428,12.22484],[-8.97384,12.18758],[-8.94201,12.19585],[-8.9139,12.16985],[-8.92211,12.04536],[-8.81979,12.01265],[-8.79783,11.92511],[-8.84723,11.65795],[-8.77721,11.63593],[-8.72652,11.64947],[-8.65675,11.49643],[-8.57521,11.47028],[-8.54958,11.49013],[-8.52756,11.42339],[-8.42772,11.40008],[-8.37532,11.36765],[-8.42607,11.34047],[-8.37103,11.32055],[-8.37672,11.29466],[-8.40669,11.27528],[-8.49258,11.27779],[-8.49878,11.2335],[-8.5518,11.21074],[-8.57815,11.14206],[-8.61541,11.13405],[-8.63368,11.07129],[-8.70073,10.97845],[-8.68094,10.9523],[-8.55955,10.97161],[-8.50576,11.05279],[-8.36933,11.05424],[-8.32659,11.02385],[-8.3051,10.97825],[-8.30365,10.87489],[-8.34194,10.76325],[-8.31114,10.73529],[-8.28443,10.51125],[-8.22887,10.42342],[-8.13544,10.42732],[-8.11549,10.36025],[-8.01571,10.33934],[-8.0,10.31903],[-8.0,10.14318],[-8.01571,10.11037],[-8.12753,10.03712],[-8.15849,9.98492],[-8.14009,9.9597],[-8.17384,9.94187],[-8.14955,9.90534],[-8.151,9.86614],[-8.1281,9.86625],[-8.1235,9.84485],[-8.15761,9.53087],[-8.05405,9.38909],[-8.0,9.38583],[-8.0,9.1],[-10.74557,9.1],[-10.74257,9.16329]]]}},{"type":"Feature","id":"GNB-interior","properties":{"id":"GNB-interior","iso3":"GNB","country_ja":"ギニアビサウ","un_region_ja":"西アフリカ","area_ja":"北東部・東部（セネガル／ギニア国境寄り）","level":"やや高い","source_ids":["PEW2025","IRF-GNB"],"clothing_evidence":"宗教人口・地域分布からの弱い定性推定／着用率未取得","geometry_kind_ja":"緯度経度で囲った概略","geometry_method":{"type":"bbox","bounds":[-15.25,11.1,-13.5,12.75]},"map_number":15},"geometry":{"type":"Polygon","coordinates":[[[-13.72828,12.67339],[-13.73464,12.58533],[-13.66071,12.45867],[-13.69502,12.29295],[-13.74084,12.25693],[-13.80856,12.2561],[-13.79569,12.27873],[-13.84,12.27713],[-13.94393,12.21864],[-13.97253,12.15156],[-13.9184,12.13776],[-13.84241,12.0913],[-13.80776,12.04428],[-13.72394,12.00278],[-13.72993,11.70983],[-13.81577,11.68683],[-13.84628,11.73727],[-13.87005,11.74368],[-13.88641,11.67557],[-13.94542,11.67567],[-14.01514,11.63712],[-14.28969,11.66885],[-14.33922,11.61061],[-14.52094,11.51289],[-14.64538,11.51506],[-14.71106,11.49757],[-14.82821,11.33479],[-14.86314,11.21865],[-14.92537,11.1],[-15.06949,11.1],[-15.0421,11.13882],[-15.00056,11.14224],[-15.02098,11.16608],[-15.00089,11.21678],[-15.0148,11.22752],[-15.03873,11.1826],[-15.08308,11.16608],[-15.08186,11.1402],[-15.12462,11.13199],[-15.13085,11.10366],[-15.13419,11.1],[-15.21355,11.1],[-15.20661,11.23379],[-15.23498,11.21556],[-15.23351,11.12255],[-15.25,11.12542],[-15.25,11.5773],[-15.2401,11.57697],[-15.25,11.58852],[-15.25,11.62128],[-15.22647,11.6186],[-15.23388,11.59125],[-15.20914,11.57396],[-15.19229,11.59125],[-15.21276,11.62173],[-15.19445,11.64281],[-15.14843,11.62881],[-15.14395,11.59809],[-15.11588,11.61774],[-15.08991,11.59125],[-15.14395,11.58381],[-15.12328,11.54548],[-15.10509,11.5729],[-15.02375,11.58267],[-15.00731,11.61176],[-15.07995,11.59797],[-15.062,11.6459],[-15.08239,11.64326],[-15.08991,11.6186],[-15.12462,11.6385],[-15.1029,11.66641],[-15.11034,11.68684],[-15.13085,11.65274],[-15.17186,11.65957],[-15.13085,11.70795],[-15.17186,11.70112],[-15.18932,11.66547],[-15.21276,11.68008],[-15.22802,11.6586],[-15.23135,11.6813],[-15.20661,11.69367],[-15.21276,11.72785],[-15.18615,11.72162],[-15.22647,11.75511],[-15.25,11.69908],[-15.25,11.87538],[-15.1892,11.87124],[-15.08991,11.94013],[-15.06286,11.92499],[-15.08715,11.87035],[-15.06945,11.80362],[-15.00255,11.78351],[-14.98241,11.75414],[-14.9359,11.753],[-14.9254,11.76944],[-14.9514,11.76065],[-14.99682,11.81037],[-15.0467,11.82347],[-15.07022,11.86074],[-15.02306,11.95108],[-14.99376,11.95722],[-15.00723,11.97834],[-15.09386,11.98371],[-15.21508,11.90961],[-15.25,11.91788],[-15.25,12.65208],[-15.19511,12.67943],[-13.72828,12.67339]]]}},{"type":"Feature","id":"SLE-all","properties":{"id":"SLE-all","iso3":"SLE","country_ja":"シエラレオネ","un_region_ja":"西アフリカ","area_ja":"全域（住民の生活圏）","level":"やや高い","source_ids":["PEW2025"],"clothing_evidence":"宗教人口・地域分布からの弱い定性推定／着用率未取得","geometry_kind_ja":"国・地域全体","geometry_method":{"type":"country"},"map_number":16},"geometry":{"type":"MultiPolygon","coordinates":[[[[-12.54967,7.38964],[-12.60554,7.47866],[-12.95165,7.57543],[-12.88329,7.6164],[-12.62141,7.63972],[-12.58113,7.63007],[-12.58605,7.60761],[-12.52965,7.60383],[-12.49299,7.56802],[-12.52644,7.46556],[-12.51964,7.40412],[-12.54967,7.38964]]],[[[-10.38456,8.14211],[-10.52925,8.12429],[-10.56718,8.0632],[-10.61214,8.03186],[-10.61519,7.76904],[-10.73058,7.70547],[-10.8746,7.53086],[-10.9779,7.48492],[-11.12632,7.36803],[-11.21789,7.25408],[-11.31721,7.21357],[-11.37323,7.13884],[-11.35514,7.08406],[-11.38971,7.07352],[-11.39772,7.0128],[-11.43467,6.98081],[-11.43674,6.93854],[-11.47619,6.91942],[-11.588,6.97895],[-11.56749,6.99262],[-11.62214,6.98578],[-11.69815,7.06704],[-11.83959,7.14899],[-12.50658,7.38984],[-12.47619,7.41511],[-12.43961,7.41649],[-12.36946,7.38984],[-12.41723,7.43081],[-12.48925,7.44505],[-12.42833,7.5336],[-12.29507,7.53311],[-12.23225,7.5537],[-12.23843,7.56802],[-12.1881,7.58308],[-12.18383,7.60273],[-12.25626,7.60517],[-12.26928,7.58637],[-12.40355,7.54751],[-12.46373,7.562],[-12.49299,7.6164],[-12.4855,7.65054],[-12.51964,7.64427],[-12.51964,7.63007],[-12.54393,7.65355],[-12.49299,7.73994],[-12.465,7.7331],[-12.47179,7.75995],[-12.45197,7.77407],[-12.47216,7.78766],[-12.51964,7.72626],[-12.60188,7.68378],[-12.71142,7.71198],[-12.77807,7.7558],[-12.78751,7.80459],[-12.75984,7.82184],[-12.82873,7.79828],[-12.93786,7.88638],[-12.9591,7.9112],[-12.90551,7.93415],[-12.82128,7.91743],[-12.88842,7.97529],[-12.91177,8.03067],[-12.87589,8.10301],[-12.90807,8.10741],[-12.98107,8.18623],[-12.97208,8.25385],[-13.09044,8.2246],[-13.16393,8.17129],[-13.16393,8.27436],[-13.28677,8.42451],[-13.26696,8.46271],[-13.28677,8.50023],[-13.19298,8.48778],[-13.1444,8.43122],[-13.06037,8.37271],[-13.03356,8.37669],[-13.06383,8.39916],[-13.05407,8.41767],[-13.1256,8.44904],[-13.11612,8.47297],[-13.02672,8.5207],[-13.01305,8.56171],[-12.90722,8.54804],[-12.8697,8.56916],[-12.93114,8.58283],[-12.87589,8.68521],[-12.93643,8.607],[-13.06184,8.5832],[-13.08878,8.60269],[-13.02672,8.65107],[-13.05407,8.66474],[-13.08194,8.61693],[-13.1577,8.67097],[-13.16259,8.654],[-13.12291,8.63056],[-13.13659,8.62377],[-13.10749,8.581],[-13.14411,8.5174],[-13.16242,8.51765],[-13.2412,8.67219],[-13.24022,8.82583],[-13.20092,8.85981],[-13.18497,8.84349],[-12.98571,8.85712],[-13.13036,8.86408],[-13.1577,8.88447],[-13.14265,8.91673],[-13.0751,8.93911],[-13.18098,8.92304],[-13.22574,8.94253],[-13.23282,8.96638],[-13.26696,8.95209],[-13.28844,8.96947],[-13.3011,9.04149],[-13.20754,9.07671],[-13.11591,9.04395],[-13.02886,9.09598],[-12.98416,9.17231],[-12.95915,9.17784],[-12.97835,9.21285],[-12.95791,9.27243],[-12.93701,9.28708],[-12.91753,9.26701],[-12.83583,9.28197],[-12.76415,9.34767],[-12.75976,9.38284],[-12.72294,9.39209],[-12.7016,9.42023],[-12.66863,9.54236],[-12.63385,9.59787],[-12.60682,9.60071],[-12.58225,9.68336],[-12.52246,9.73447],[-12.51432,9.85131],[-12.47233,9.88126],[-12.27674,9.92927],[-12.14135,9.87488],[-11.92177,9.92221],[-11.9101,9.99252],[-11.24729,9.9934],[-11.18854,9.9726],[-11.16027,9.87276],[-11.04493,9.78713],[-10.9685,9.65424],[-10.88633,9.56841],[-10.85259,9.51208],[-10.85486,9.45526],[-10.81145,9.40826],[-10.83176,9.39214],[-10.76546,9.38522],[-10.67513,9.30646],[-10.68521,9.2245],[-10.74257,9.16329],[-10.74634,9.08381],[-10.5941,9.0541],[-10.61188,8.94514],[-10.59968,8.81538],[-10.48186,8.67247],[-10.50331,8.63157],[-10.56542,8.61278],[-10.63188,8.53201],[-10.66909,8.39907],[-10.73528,8.2873],[-10.71518,8.2696],[-10.7079,8.30314],[-10.65978,8.33327],[-10.55436,8.31184],[-10.46021,8.39215],[-10.38978,8.4891],[-10.28224,8.48462],[-10.33128,8.27229],[-10.32094,8.18312],[-10.38456,8.14211]]]]}},{"type":"Feature","id":"CIV-north","properties":{"id":"CIV-north","iso3":"CIV","country_ja":"コートジボワール","un_region_ja":"西アフリカ","area_ja":"北部（マリ・ブルキナファソ国境寄り）","level":"やや高い","source_ids":["PEW2025","IRF-CIV"],"clothing_evidence":"宗教人口・地域分布からの弱い定性推定／着用率未取得","geometry_kind_ja":"緯度経度で囲った概略","geometry_method":{"type":"bbox","bounds":[-8.7,8.0,-2.4,10.8]},"map_number":17},"geometry":{"type":"Polygon","coordinates":[[[-8.01199,8.03556],[-7.96264,8.01517],[-8.02129,8.10266],[-8.0033,8.18405],[-8.08552,8.16203],[-8.18293,8.19167],[-8.26598,8.24598],[-8.23528,8.37951],[-8.2544,8.44651],[-8.2003,8.49183],[-7.97054,8.49695],[-7.89858,8.42628],[-7.84859,8.42863],[-7.84574,8.47432],[-7.82383,8.47786],[-7.77102,8.38652],[-7.72074,8.36853],[-7.66245,8.37486],[-7.68958,8.43866],[-7.67924,8.50509],[-7.69681,8.62485],[-7.80368,8.74905],[-7.95892,8.782],[-7.96894,8.81285],[-7.93184,8.99656],[-7.82704,9.05782],[-7.74678,9.07645],[-7.84791,9.16856],[-7.92956,9.18389],[-7.86538,9.40992],[-7.91189,9.41865],[-7.99158,9.38532],[-8.05405,9.38909],[-8.15761,9.53087],[-8.1235,9.84485],[-8.1281,9.86625],[-8.151,9.86614],[-8.14955,9.90534],[-8.17384,9.94187],[-8.14009,9.9597],[-8.15849,9.98492],[-8.12753,10.03712],[-8.03488,10.08579],[-7.98966,10.16199],[-7.92905,10.16096],[-7.829,10.21165],[-7.77825,10.27834],[-7.76441,10.31291],[-7.77758,10.32986],[-7.73534,10.3471],[-7.73604,10.37828],[-7.67904,10.40593],[-7.66441,10.43714],[-7.55638,10.41727],[-7.50148,10.45864],[-7.46618,10.42949],[-7.44442,10.3342],[-7.37234,10.34477],[-7.3634,10.25219],[-7.10636,10.20726],[-7.04052,10.14005],[-7.01577,10.14088],[-6.95939,10.1855],[-6.99711,10.25276],[-6.96125,10.34487],[-6.86275,10.34384],[-6.78209,10.37304],[-6.70034,10.34167],[-6.66892,10.36102],[-6.64778,10.4327],[-6.68308,10.45169],[-6.69754,10.4883],[-6.66918,10.65416],[-6.63398,10.65302],[-6.59858,10.60491],[-6.53756,10.56969],[-6.44598,10.55225],[-6.40278,10.56912],[-6.39922,10.59248],[-6.43586,10.62871],[-6.42702,10.68609],[-6.3417,10.69144],[-6.25597,10.72648],[-6.24662,10.65762],[-6.20445,10.62961],[-6.23866,10.59798],[-6.23137,10.56024],[-6.26129,10.51409],[-6.19029,10.49114],[-6.20037,10.44877],[-6.18057,10.42022],[-6.20615,10.31082],[-6.24067,10.30258],[-6.24,10.25193],[-6.10533,10.18928],[-6.01593,10.18987],[-5.96302,10.28273],[-5.90473,10.27529],[-5.90483,10.34828],[-5.87806,10.37606],[-5.80628,10.41347],[-5.59405,10.45394],[-5.50511,10.41557],[-5.47416,10.35032],[-5.43783,10.34002],[-5.40253,10.30056],[-5.32709,10.30258],[-5.29665,10.32304],[-5.21758,10.31994],[-5.16844,10.29134],[-5.13568,10.30428],[-5.1118,10.27865],[-5.11707,10.20803],[-5.08441,10.22744],[-5.09072,10.17793],[-5.06395,10.17904],[-5.07072,10.16101],[-5.03946,10.13434],[-5.0701,10.11016],[-5.04287,10.10334],[-5.04834,10.08535],[-5.01558,10.09711],[-4.96334,10.04032],[-4.96021,10.00849],[-4.9814,10.00774],[-4.95295,9.95337],[-4.96608,9.90103],[-4.92802,9.87095],[-4.89802,9.88891],[-4.83846,9.86945],[-4.81756,9.83646],[-4.79846,9.84253],[-4.7759,9.78801],[-4.81011,9.78178],[-4.79645,9.7545],[-4.76996,9.73737],[-4.73834,9.75315],[-4.68108,9.68207],[-4.60403,9.72716],[-4.57832,9.69651],[-4.5522,9.69646],[-4.5391,9.7447],[-4.50995,9.74507],[-4.51592,9.67569],[-4.50171,9.65502],[-4.40911,9.64773],[-4.37118,9.58296],[-4.36503,9.62417],[-4.31593,9.61662],[-4.3033,9.68672],[-4.26751,9.72726],[-4.28364,9.73202],[-4.19697,9.76496],[-4.15026,9.81829],[-4.05368,9.79762],[-3.99461,9.82077],[-3.98404,9.85116],[-3.91009,9.88849],[-3.80426,9.90139],[-3.75504,9.93588],[-3.67964,9.93221],[-3.66166,9.94893],[-3.60626,9.91818],[-3.38917,9.91325],[-3.34834,9.887],[-3.31718,9.90133],[-3.30173,9.84113],[-3.27786,9.84346],[-3.21476,9.91562],[-3.20001,9.84537],[-3.13694,9.82953],[-3.09456,9.73385],[-2.98999,9.70843],[-2.91015,9.54273],[-2.81042,9.41111],[-2.76368,9.39188],[-2.68921,9.48872],[-2.67242,9.37403],[-2.715,9.31106],[-2.65981,9.2729],[-2.66115,9.25391],[-2.7552,9.14314],[-2.77484,9.05498],[-2.66079,9.0149],[-2.63769,8.93147],[-2.61945,8.92362],[-2.59557,8.82807],[-2.61723,8.78918],[-2.59836,8.76947],[-2.50633,8.20927],[-2.55811,8.16769],[-2.61066,8.16485],[-2.61056,8.04],[-2.69087,8.00975],[-2.70078,8.0],[-8.07319,8.0],[-8.06909,8.02928],[-8.01199,8.03556]]]}},{"type":"Feature","id":"CIV-abidjan","properties":{"id":"CIV-abidjan","iso3":"CIV","country_ja":"コートジボワール","un_region_ja":"西アフリカ","area_ja":"南部アビジャンの一部","level":"やや高い","source_ids":["PEW2025","IRF-CIV"],"clothing_evidence":"宗教人口・地域分布からの弱い定性推定／着用率未取得","geometry_kind_ja":"位置の目印（面積を持たない）","geometry_method":{"type":"point","coordinates":[-4.03,5.35]},"map_number":18},"geometry":{"type":"Point","coordinates":[-4.03,5.35]}},{"type":"Feature","id":"GHA-north","properties":{"id":"GHA-north","iso3":"GHA","country_ja":"ガーナ","un_region_ja":"西アフリカ","area_ja":"北部（タマレ周辺とその北）","level":"やや高い","source_ids":["PEW2025","IRF-GHA"],"clothing_evidence":"宗教人口・地域分布からの弱い定性推定／着用率未取得","geometry_kind_ja":"緯度経度で囲った概略","geometry_method":{"type":"bbox","bounds":[-2.9,8.55,0.6,11.2]},"map_number":19},"geometry":{"type":"Polygon","coordinates":[[[-2.8214,10.90626],[-2.83734,10.99801],[-2.75071,10.98584],[-1.59868,10.99713],[-1.56241,11.02659],[-1.43606,11.02271],[-1.35529,10.99672],[-1.10755,10.99434],[-1.07034,11.0139],[-0.93247,11.0031],[-0.89392,10.9799],[-0.90059,10.96623],[-0.82777,11.00584],[-0.67393,10.98352],[-0.68277,10.9536],[-0.63476,10.90797],[-0.59058,10.98243],[-0.51296,10.98974],[-0.45669,11.02961],[-0.42522,11.10147],[-0.36894,11.06522],[-0.31881,11.10136],[-0.2983,11.12839],[-0.30168,11.16294],[-0.16611,11.13498],[-0.12175,11.09219],[-0.03227,11.09857],[0.01621,11.06258],[0.01419,10.98367],[-0.01444,10.9536],[-0.03206,10.81316],[-0.08281,10.75622],[-0.08813,10.63349],[0.02943,10.58253],[0.12602,10.49161],[0.17986,10.39417],[0.19707,10.41027],[0.27324,10.4066],[0.27882,10.36663],[0.31758,10.31733],[0.3088,10.2971],[0.3666,10.30449],[0.3966,10.28322],[0.35719,10.22],[0.3536,10.11551],[0.39815,10.05213],[0.39391,10.03249],[0.34978,10.02882],[0.36957,9.93883],[0.34171,9.90379],[0.32244,9.76067],[0.34709,9.66316],[0.31872,9.64861],[0.27529,9.68559],[0.26097,9.65716],[0.27764,9.60699],[0.34936,9.61391],[0.37773,9.58942],[0.35461,9.5711],[0.2302,9.57575],[0.22591,9.53193],[0.30192,9.50746],[0.22805,9.47397],[0.22681,9.43234],[0.26849,9.42064],[0.32182,9.44284],[0.33378,9.47947],[0.41166,9.49224],[0.48351,9.47002],[0.48279,9.42788],[0.53137,9.40111],[0.52661,9.29765],[0.49292,9.25861],[0.5047,9.18717],[0.46365,9.13709],[0.43127,9.02759],[0.50563,8.86633],[0.47349,8.79355],[0.41959,8.79125],[0.40781,8.75905],[0.38528,8.78608],[0.36587,8.77427],[0.37443,8.72477],[0.44352,8.60687],[0.52672,8.55],[-2.56231,8.55],[-2.59836,8.76947],[-2.61723,8.78918],[-2.59557,8.82807],[-2.61945,8.92362],[-2.63769,8.93147],[-2.66079,9.0149],[-2.77484,9.05498],[-2.7552,9.14314],[-2.65981,9.2729],[-2.715,9.31106],[-2.67242,9.37403],[-2.67567,9.47172],[-2.76626,9.57652],[-2.74016,9.65083],[-2.7953,9.72],[-2.73391,9.82279],[-2.76052,9.87054],[-2.75438,9.96678],[-2.78848,10.03877],[-2.79892,10.16961],[-2.75494,10.2608],[-2.83318,10.30599],[-2.8413,10.34327],[-2.82233,10.38758],[-2.76755,10.4212],[-2.81215,10.42882],[-2.85956,10.46562],[-2.9,10.55915],[-2.9,10.77619],[-2.86424,10.86427],[-2.8214,10.90626]]]}},{"type":"Feature","id":"GHA-accra","properties":{"id":"GHA-accra","iso3":"GHA","country_ja":"ガーナ","un_region_ja":"西アフリカ","area_ja":"南部アクラのゾンゴ地区など","level":"やや高い","source_ids":["PEW2025","IRF-GHA"],"clothing_evidence":"宗教人口・地域分布からの弱い定性推定／着用率未取得","geometry_kind_ja":"位置の目印（面積を持たない）","geometry_method":{"type":"point","coordinates":[-0.21,5.57]},"map_number":20},"geometry":{"type":"Point","coordinates":[-0.21,5.57]}},{"type":"Feature","id":"TGO-north","properties":{"id":"TGO-north","iso3":"TGO","country_ja":"トーゴ","un_region_ja":"西アフリカ","area_ja":"北部（ブルキナファソ国境寄り）","level":"やや高い","source_ids":["PEW2025","IRF-TGO"],"clothing_evidence":"宗教人口・地域分布からの弱い定性推定／着用率未取得","geometry_kind_ja":"緯度経度で囲った概略","geometry_method":{"type":"bbox","bounds":[-0.2,9.1,1.5,11.2]},"map_number":21},"geometry":{"type":"Polygon","coordinates":[[[0.46365,9.13709],[0.5047,9.18717],[0.49292,9.25861],[0.52661,9.29765],[0.53137,9.40111],[0.48279,9.42788],[0.48351,9.47002],[0.41166,9.49224],[0.33378,9.47947],[0.32182,9.44284],[0.26849,9.42064],[0.22681,9.43234],[0.22805,9.47397],[0.30192,9.50746],[0.22591,9.53193],[0.2302,9.57575],[0.35461,9.5711],[0.37773,9.58942],[0.34936,9.61391],[0.27764,9.60699],[0.26097,9.65716],[0.27529,9.68559],[0.31872,9.64861],[0.34709,9.66316],[0.32244,9.76067],[0.34171,9.90379],[0.36957,9.93883],[0.34978,10.02882],[0.39391,10.03249],[0.39815,10.05213],[0.3536,10.11551],[0.35719,10.22],[0.3966,10.28322],[0.3666,10.30449],[0.3088,10.2971],[0.31758,10.31733],[0.27882,10.36663],[0.27324,10.4066],[0.19707,10.41027],[0.17986,10.39417],[0.12602,10.49161],[0.02943,10.58253],[-0.08813,10.63349],[-0.08281,10.75622],[-0.03206,10.81316],[-0.01444,10.9536],[0.01419,10.98367],[0.01621,11.06258],[-0.03227,11.09857],[-0.12175,11.09219],[-0.16611,11.13498],[0.48662,11.0032],[0.48362,10.97969],[0.49974,10.97569],[0.48765,10.93324],[0.67534,10.98853],[0.90147,10.99274],[0.87584,10.93117],[0.88514,10.86939],[0.86292,10.79609],[0.78128,10.69304],[0.78851,10.56385],[0.76071,10.38216],[1.33101,9.99647],[1.34383,9.96244],[1.35602,9.64747],[1.32636,9.52195],[1.3799,9.46247],[1.40118,9.32127],[1.5,9.21147],[1.5,9.1],[0.45268,9.1],[0.46365,9.13709]]]}},{"type":"Feature","id":"BEN-north","properties":{"id":"BEN-north","iso3":"BEN","country_ja":"ベナン","un_region_ja":"西アフリカ","area_ja":"北部・北東部（ニジェール／ナイジェリア国境寄り）","level":"やや高い","source_ids":["PEW2025","IRF-BEN"],"clothing_evidence":"宗教人口・地域分布からの弱い定性推定／着用率未取得","geometry_kind_ja":"行政区を束ねた概略","geometry_method":{"type":"admin1","names":["Alibori","Borgou","Donga"]},"map_number":22},"geometry":{"type":"Polygon","coordinates":[[[1.60965,9.94689],[1.80793,10.04045],[2.09189,10.03153],[2.08058,9.80545],[2.10047,10.01128],[2.08724,10.05417],[2.12032,10.08972],[2.20114,10.09786],[2.26759,10.13494],[2.24522,10.30012],[2.18222,10.40099],[2.22754,10.5007],[2.36063,10.52481],[2.25498,10.51783],[2.26305,10.8589],[2.35617,10.96008],[2.31193,10.9991],[2.26398,11.01215],[2.01543,11.43159],[2.14698,11.56374],[2.27359,11.65206],[2.27592,11.65696],[2.28744,11.66528],[2.29357,11.69396],[2.32765,11.76543],[2.3541,11.79985],[2.39017,11.89654],[2.38087,11.9479],[2.45673,11.97906],[2.45528,12.00867],[2.40557,12.04671],[2.3711,12.18058],[2.3702,12.22659],[2.38897,12.24272],[2.40673,12.24877],[2.47771,12.2576],[2.49507,12.28323],[2.5237,12.26918],[2.58613,12.29403],[2.66385,12.29155],[2.70043,12.3471],[2.8443,12.39924],[2.91262,12.34633],[2.94497,12.29248],[3.00936,12.27631],[3.06341,12.19378],[3.25203,12.02412],[3.30701,11.90237],[3.34164,11.88289],[3.38091,11.89504],[3.49542,11.83752],[3.5964,11.69577],[3.50493,11.55656],[3.46845,11.41948],[3.66255,11.14315],[3.72208,11.11235],[3.71184,11.05186],[3.75412,10.90714],[3.73003,10.80771],[3.78326,10.71697],[3.82295,10.70325],[3.83463,10.61982],[3.81036,10.51975],[3.77616,10.41845],[3.76347,10.40975],[3.7356,10.41627],[3.69283,10.43838],[3.65211,10.4358],[3.57242,10.2857],[3.66751,10.14657],[3.6549,10.10112],[3.60581,10.05412],[3.58948,9.94882],[3.5131,9.84661],[3.45295,9.85309],[3.32593,9.80173],[3.31487,9.7591],[3.33161,9.65202],[3.24572,9.6337],[3.24355,9.5844],[3.13255,9.45728],[3.15136,9.28863],[3.07602,9.09516],[2.9831,9.06061],[2.92988,9.07836],[2.84626,9.05077],[2.76916,9.05705],[2.75108,8.80342],[2.72317,8.78293],[2.72397,8.77239],[2.72295,8.77122],[2.19463,8.77667],[2.19463,8.77672],[2.18718,8.74572],[2.2201,8.63071],[2.21173,8.50313],[2.1599,8.47646],[2.05484,8.49044],[1.9566,8.55591],[1.89842,8.56289],[1.82969,8.61487],[1.71424,8.58803],[1.6072,8.58862],[1.60718,8.5896],[1.60117,9.04953],[1.59613,9.06248],[1.5958,9.07681],[1.56727,9.13673],[1.40118,9.32127],[1.3799,9.46247],[1.36842,9.49084],[1.35863,9.48611],[1.33971,9.50712],[1.32849,9.53096],[1.35602,9.64747],[1.34394,9.95476],[1.41318,9.97048],[1.60965,9.94689]],[[2.15955,9.65969],[2.16114,9.67068],[2.1373,9.70076],[2.15955,9.65969]],[[2.11981,9.39696],[2.12187,9.39974],[2.13757,9.50809],[2.11981,9.39696]],[[1.99014,9.35095],[2.09985,9.37002],[2.11054,9.38444],[1.99014,9.35095]],[[1.97025,9.21703],[1.9778,9.18163],[1.97344,9.23849],[1.97025,9.21703]],[[1.98451,9.15014],[2.04942,9.09841],[1.98337,9.15547],[1.98451,9.15014]],[[2.02735,8.98893],[2.02954,8.96811],[2.04942,9.09841],[2.02735,8.98893]],[[2.03805,8.88729],[2.04789,8.87999],[2.03536,8.91282],[2.03805,8.88729]],[[2.06648,8.8662],[2.08802,8.85021],[2.19696,8.81398],[2.19721,8.81802],[2.06648,8.8662]],[[2.775,10.5522],[2.53604,10.53641],[2.61455,10.53057],[2.775,10.5522]]]}},{"type":"Feature","id":"NGA-north","properties":{"id":"NGA-north","iso3":"NGA","country_ja":"ナイジェリア","un_region_ja":"西アフリカ","area_ja":"北部（北西部と北東部の中心域）","level":"高い","source_ids":["PEW2025","IRF-NGA","PEW_DRESS2010"],"clothing_evidence":"服装調査あり（地図の各範囲を直接測定したものではない）","geometry_kind_ja":"行政区を束ねた概略","geometry_method":{"type":"admin1","names":["Sokoto","Zamfara","Kebbi","Katsina","Kano","Jigawa","Yobe","Borno","Bauchi","Gombe"]},"map_number":23},"geometry":{"type":"Polygon","coordinates":[[[12.55425,13.18754],[12.53834,13.19336],[12.56107,13.24276],[12.62019,13.28144],[12.63001,13.31038],[12.67435,13.28371],[12.77739,13.3867],[12.80519,13.37298],[12.79455,13.39606],[12.82927,13.40663],[12.8702,13.46125],[12.8423,13.48913],[12.93934,13.49507],[13.05489,13.54837],[13.08249,13.55062],[13.08828,13.5306],[13.12352,13.53695],[13.12352,13.52266],[13.14398,13.55062],[13.15018,13.52266],[13.22811,13.54804],[13.25922,13.62896],[13.32991,13.70942],[13.60731,13.7041],[14.06491,13.07799],[14.17736,12.54559],[14.18893,12.37041],[14.4871,12.3378],[14.51439,12.32354],[14.51439,12.28938],[14.56214,12.25584],[14.5485,12.24158],[14.61061,12.18355],[14.65154,12.19378],[14.66607,12.17297],[14.60431,12.03043],[14.62715,11.95007],[14.59066,11.78316],[14.54188,11.70983],[14.62136,11.62978],[14.62756,11.58436],[14.60575,11.51473],[14.44628,11.41168],[14.36825,11.383],[14.27916,11.30184],[14.23213,11.29029],[14.16547,11.23833],[13.98233,11.27626],[13.87319,11.1665],[13.82007,11.06927],[13.76591,11.0339],[13.76422,11.02427],[13.75485,11.01672],[13.74577,10.94173],[13.54639,10.90711],[13.42216,10.93029],[13.40045,10.7357],[13.30971,10.46789],[13.25917,10.44003],[13.19106,10.455],[13.00926,10.56969],[12.92296,10.58147],[12.8409,10.56315],[12.72835,10.4481],[12.66624,10.42761],[12.62014,10.36138],[12.5479,10.32947],[12.39473,10.30498],[12.23422,10.12432],[12.10689,10.03603],[11.94556,10.04471],[11.94039,9.82573],[11.92509,9.78421],[11.88778,9.75382],[11.61782,9.60665],[11.17485,9.57766],[11.06861,9.58639],[10.93032,9.60264],[10.86428,9.59169],[10.74077,9.53446],[10.61406,9.53061],[10.56042,9.49666],[10.3624,9.61189],[9.8723,9.83713],[9.81339,9.79777],[9.86548,9.70812],[9.85607,9.6754],[9.76522,9.62866],[9.73535,9.56725],[9.66084,9.54461],[9.5024,9.53658],[9.2991,9.58215],[9.22004,9.69388],[9.15968,9.72889],[9.20298,9.8457],[9.17725,9.99595],[9.11327,10.01879],[8.99731,9.99861],[8.96052,10.02311],[8.96176,10.18269],[8.93685,10.28679],[8.90109,10.33014],[8.84249,10.34539],[8.78502,10.33565],[8.69666,10.42376],[8.74131,10.54905],[8.65945,10.56419],[8.61563,10.61592],[8.53532,10.62607],[8.48065,10.67116],[8.50153,10.69878],[8.5439,10.70911],[8.55837,10.74668],[8.54277,10.86631],[8.56189,10.94285],[8.54235,11.08201],[8.43983,11.18968],[8.2943,11.23577],[8.23725,11.29427],[8.13432,11.34014],[8.11396,11.37269],[8.13876,11.47894],[8.10321,11.4955],[7.96254,11.45114],[7.84513,11.36504],[7.7762,11.35915],[7.74168,11.30716],[7.66065,11.27458],[7.57807,11.33786],[7.46676,11.36884],[7.40402,11.33259],[7.3818,11.26464],[7.35431,11.25014],[7.24217,11.26337],[7.22543,11.20996],[7.24383,11.15568],[7.18647,11.11224],[7.15329,11.11627],[7.1013,11.16999],[6.99309,11.20978],[6.99185,11.23766],[7.03495,11.2789],[7.02627,11.32117],[6.88178,11.3661],[6.88418,11.37975],[6.86566,11.33616],[6.75445,11.24802],[6.70184,11.0895],[6.57596,11.02938],[6.47405,11.00946],[6.32285,11.03219],[6.28027,10.96499],[6.23593,10.94318],[6.22239,10.89117],[6.16193,10.86275],[6.14643,10.92926],[6.02705,11.11121],[5.96132,11.12896],[5.88515,11.05341],[5.64299,10.96887],[5.4767,10.95719],[5.44972,10.96641],[5.43701,11.00155],[5.44146,11.11757],[5.42554,11.15097],[5.39371,11.17092],[5.35805,11.23466],[5.34431,11.30931],[5.28519,11.34448],[5.21232,11.34665],[4.91673,11.28763],[4.77938,11.22694],[4.76305,11.16381],[4.82651,11.11656],[4.99198,11.07473],[5.05409,11.03344],[5.07827,10.92378],[5.03032,10.86376],[5.09305,10.74777],[4.92831,10.67488],[4.82713,10.6731],[4.81018,10.60667],[4.81658,10.46329],[4.8942,10.33467],[4.8694,10.26917],[4.84056,10.24826],[4.65535,10.20114],[4.63189,10.09931],[4.56368,10.10305],[4.5395,10.12439],[4.56099,10.27092],[4.49836,10.3481],[4.50063,10.46042],[4.53836,10.52424],[4.65473,10.58904],[4.68905,10.64581],[4.72212,10.90422],[4.65784,10.92352],[4.53681,11.00178],[4.43542,11.02853],[4.00516,11.0122],[3.80424,11.11757],[3.70939,11.11892],[3.68564,11.13121],[3.5284,11.33414],[3.47956,11.40366],[3.47106,11.4293],[3.50493,11.55656],[3.59276,11.69023],[3.60254,11.69938],[3.64777,11.726],[3.66699,11.7597],[3.61294,11.83897],[3.60394,11.90558],[3.65355,11.98681],[3.62399,12.09425],[3.65149,12.26902],[3.64156,12.518],[3.92909,12.75039],[4.08877,12.99624],[4.12033,13.21061],[4.12033,13.21063],[4.12371,13.23359],[4.12577,13.47298],[4.24845,13.49414],[4.40576,13.64124],[4.50673,13.69467],[4.85689,13.7741],[4.92511,13.73309],[5.22762,13.74133],[5.3042,13.77394],[5.34627,13.84156],[5.37407,13.85525],[5.52176,13.88029],[6.14239,13.64082],[6.22983,13.67919],[6.36894,13.62627],[6.67254,13.32118],[6.75388,13.1749],[6.75389,13.17488],[6.77869,13.13029],[6.83791,13.06349],[6.90664,13.00686],[6.92214,13.0057],[6.93713,12.99541],[7.05155,12.99599],[7.06292,12.99514],[7.06393,12.99606],[7.06869,12.99608],[7.1982,13.11739],[7.39198,13.11253],[7.75558,13.32715],[7.824,13.34529],[8.10512,13.29965],[8.20144,13.22638],[8.25984,13.20522],[8.40515,13.07086],[8.48267,13.08155],[8.53351,13.06463],[8.67935,12.92358],[8.97273,12.83567],[8.97787,12.84318],[9.26939,12.80979],[9.37791,12.82578],[9.5903,12.80139],[9.64073,12.82253],[9.64765,12.83053],[9.64766,12.83054],[9.81933,13.02921],[9.89178,13.07623],[9.8941,13.08046],[9.89974,13.08432],[9.93012,13.14597],[10.11978,13.2501],[10.73018,13.37433],[10.86027,13.37252],[10.953,13.3619],[11.44,13.36443],[11.8528,13.24539],[12.05764,13.11677],[12.11645,13.10285],[12.2014,13.12543],[12.2692,13.08587],[12.30104,13.09812],[12.32574,13.07882],[12.47271,13.06416],[12.47554,13.07167],[12.48666,13.07081],[12.49978,13.13597],[12.54795,13.16545],[12.55425,13.18754]],[[11.58423,10.62682],[11.59302,10.59721],[11.58419,10.65462],[11.58423,10.62682]],[[11.70102,10.59419],[11.73978,10.60486],[11.59302,10.59721],[11.70102,10.59419]],[[5.06453,11.68797],[5.0235,11.6806],[4.98205,11.66632],[5.06453,11.68797]],[[5.21821,11.66921],[5.22387,11.67584],[5.14246,11.65482],[5.21821,11.66921]],[[5.91326,11.57312],[5.86634,11.61823],[5.83756,11.62469],[5.91326,11.57312]],[[8.84867,12.70776],[8.76807,12.67835],[8.82203,12.69047],[8.84867,12.70776]],[[8.9558,12.81092],[8.88294,12.73001],[8.91442,12.75044],[8.9558,12.81092]]]}},{"type":"Feature","id":"NGA-transition","properties":{"id":"NGA-transition","iso3":"NGA","country_ja":"ナイジェリア","un_region_ja":"西アフリカ","area_ja":"中北部・北東部南縁（アブジャ周辺など）","level":"やや高い","source_ids":["PEW2025","IRF-NGA","PEW_DRESS2010"],"clothing_evidence":"服装調査あり（地図の各範囲を直接測定したものではない）","geometry_kind_ja":"行政区を束ねた概略","geometry_method":{"type":"admin1","names":["Kaduna","Niger","Kwara","Nassarawa","Federal Capital Territory","Adamawa","Taraba"]},"map_number":24},"geometry":{"type":"Polygon","coordinates":[[[11.80887,7.07192],[11.74107,6.99751],[11.69249,6.99162],[11.56175,6.87607],[11.53809,6.8239],[11.56661,6.78419],[11.56888,6.7391],[11.53344,6.6451],[11.50977,6.61231],[11.41675,6.572],[11.37253,6.46244],[11.35923,6.45337],[11.30735,6.44166],[11.11351,6.434],[11.07744,6.49674],[11.05594,6.70037],[11.03672,6.74055],[11.00262,6.76726],[10.90939,6.78426],[10.87745,6.8161],[10.83188,6.94521],[10.62062,7.04376],[10.57866,7.13083],[10.53742,6.95214],[10.50073,6.91281],[10.49598,6.87467],[10.21083,6.87917],[10.14293,7.00769],[9.87462,6.7877],[9.78853,6.79475],[9.69303,6.53131],[9.645,6.5227],[9.70962,7.02412],[9.78031,7.13251],[9.87467,7.20899],[9.88139,7.32658],[9.92098,7.44639],[9.87664,7.56248],[9.68471,7.76438],[9.57123,7.84234],[9.26479,7.85539],[9.12609,7.81064],[9.1141,7.83298],[9.16939,7.91445],[8.97892,8.05545],[8.83257,8.05075],[8.55796,8.13335],[8.42618,8.1185],[8.37058,8.07155],[8.35435,8.00117],[8.42484,7.82647],[8.41823,7.77508],[8.29337,7.85554],[8.0353,7.92846],[7.96823,7.9644],[7.63667,8.03005],[7.49518,8.01636],[7.28579,8.02809],[7.08404,7.96008],[6.93842,7.87443],[6.98183,8.01579],[6.99733,8.16271],[6.99309,8.2281],[6.94483,8.31296],[6.97811,8.41176],[6.78938,8.4121],[6.83496,8.40677],[6.82163,8.36716],[6.75559,8.31631],[6.75311,8.27764],[6.72644,8.27567],[6.69141,8.20694],[6.57224,8.35357],[6.46537,8.43173],[6.3705,8.68094],[6.27737,8.73668],[6.21373,8.72721],[6.1735,8.67575],[6.10715,8.40458],[6.05341,8.3737],[5.80505,8.40517],[5.60579,8.46563],[5.51566,8.53069],[5.35691,8.34817],[5.34916,8.31533],[5.42141,8.20756],[5.52879,8.12948],[5.53602,8.06959],[5.39309,8.05527],[5.35371,7.97427],[5.2302,7.97559],[5.16395,8.01641],[5.10153,7.99801],[5.06412,8.03057],[4.99198,8.02628],[4.94092,8.08044],[4.68533,8.03065],[4.55562,8.03411],[4.52234,8.04788],[4.48079,8.16273],[4.35914,8.31102],[4.32535,8.4447],[4.20101,8.69342],[4.18768,8.75414],[4.2004,8.81481],[4.33134,8.95411],[4.31408,8.99258],[4.2374,8.96242],[4.04547,9.02069],[3.9631,9.0766],[3.91142,9.15699],[3.86605,9.17753],[3.81799,9.1727],[3.77303,9.14027],[3.7381,9.02648],[3.69562,8.98922],[3.24366,8.74766],[3.18371,8.77778],[3.14496,8.76887],[2.91934,8.59464],[2.8011,8.57775],[2.74255,8.52757],[2.72317,8.78293],[2.75108,8.80342],[2.76916,9.05705],[2.84626,9.05077],[2.92988,9.07836],[2.9831,9.06061],[3.07602,9.09516],[3.15136,9.28863],[3.13255,9.45728],[3.24355,9.5844],[3.24572,9.6337],[3.33161,9.65202],[3.31487,9.7591],[3.32593,9.80173],[3.45295,9.85309],[3.5131,9.84661],[3.58948,9.94882],[3.61004,10.05817],[3.6549,10.10112],[3.66152,10.12497],[3.66483,10.12865],[3.66478,10.13672],[3.66751,10.14657],[3.66469,10.1507],[3.66461,10.1622],[3.63603,10.19263],[3.57242,10.2857],[3.65211,10.4358],[3.7356,10.41627],[3.75691,10.40526],[3.76157,10.4102],[3.77251,10.40764],[3.77994,10.42964],[3.79432,10.44487],[3.80839,10.51392],[3.83742,10.5999],[3.83273,10.63336],[3.83711,10.65483],[3.82295,10.70325],[3.78326,10.71697],[3.73003,10.80771],[3.75412,10.90714],[3.71184,11.05186],[3.72208,11.11235],[3.71265,11.11723],[3.71267,11.11887],[3.80424,11.11757],[4.00516,11.0122],[4.43542,11.02853],[4.53681,11.00178],[4.65784,10.92352],[4.72212,10.90422],[4.68905,10.64581],[4.65473,10.58904],[4.53836,10.52424],[4.50063,10.46042],[4.49836,10.3481],[4.56099,10.27092],[4.5395,10.12439],[4.56368,10.10305],[4.63189,10.09931],[4.65535,10.20114],[4.84056,10.24826],[4.8694,10.26917],[4.8942,10.33467],[4.81658,10.46329],[4.81018,10.60667],[4.82713,10.6731],[4.92831,10.67488],[5.09305,10.74777],[5.03032,10.86376],[5.07827,10.92378],[5.05409,11.03344],[4.99198,11.07473],[4.82651,11.11656],[4.76305,11.16381],[4.77938,11.22694],[4.91673,11.28763],[5.21232,11.34665],[5.28519,11.34448],[5.34431,11.30931],[5.35805,11.23466],[5.39371,11.17092],[5.42554,11.15097],[5.44146,11.11757],[5.43701,11.00155],[5.44972,10.96641],[5.4767,10.95719],[5.64299,10.96887],[5.88515,11.05341],[5.96132,11.12896],[6.01156,11.11539],[6.0497,11.07669],[6.14643,10.92926],[6.16193,10.86275],[6.14894,10.84752],[6.22239,10.89117],[6.23593,10.94318],[6.28027,10.96499],[6.32285,11.03219],[6.47405,11.00946],[6.57596,11.02938],[6.65056,11.06501],[6.68644,11.0763],[6.69315,11.08535],[6.70184,11.0895],[6.70638,11.10319],[6.72458,11.12772],[6.75445,11.24802],[6.86566,11.33616],[6.87617,11.3609],[6.88178,11.3661],[7.02627,11.32117],[7.03495,11.2789],[6.99185,11.23766],[6.99309,11.20978],[7.0816,11.17723],[7.15329,11.11627],[7.18647,11.11224],[7.24383,11.15568],[7.22543,11.20996],[7.24217,11.26337],[7.35431,11.25014],[7.3818,11.26464],[7.40402,11.33259],[7.46676,11.36884],[7.57807,11.33786],[7.66065,11.27458],[7.74168,11.30716],[7.7762,11.35915],[7.84513,11.36504],[7.96254,11.45114],[8.10321,11.4955],[8.13876,11.47894],[8.11396,11.37269],[8.13432,11.34014],[8.23725,11.29427],[8.2943,11.23577],[8.43983,11.18968],[8.54235,11.08201],[8.56189,10.94285],[8.54277,10.86631],[8.55837,10.74668],[8.5439,10.70911],[8.50153,10.69878],[8.48065,10.67116],[8.53532,10.62607],[8.61563,10.61592],[8.65945,10.56419],[8.67112,10.56203],[8.67888,10.5545],[8.74131,10.54905],[8.69666,10.42376],[8.78502,10.33565],[8.77118,10.27315],[8.66007,10.16917],[8.64188,10.09478],[8.66782,10.01916],[8.62834,9.88769],[8.63155,9.73868],[8.59,9.68233],[8.58752,9.64732],[8.55899,9.62683],[8.5593,9.48454],[8.68498,9.32279],[8.68064,9.26192],[8.61415,9.1378],[8.65997,9.20476],[8.76663,9.14071],[8.78223,9.07239],[8.83009,9.02389],[8.96393,9.01221],[9.02759,9.03015],[9.07307,8.98974],[9.05323,8.9262],[8.9878,8.84701],[8.9508,8.83512],[8.88466,8.72743],[8.92848,8.64534],[8.92982,8.55565],[8.95163,8.51442],[9.09581,8.4545],[9.40773,8.48638],[9.57878,8.4036],[9.61547,8.35117],[9.74507,8.35285],[9.81752,8.37313],[10.10536,8.59147],[10.22886,8.74673],[10.46027,8.80277],[10.61851,8.88013],[10.65302,8.94462],[10.646,9.10508],[10.59225,9.25703],[10.58202,9.44836],[10.56042,9.49666],[10.61406,9.53061],[10.74077,9.53446],[10.86428,9.59169],[10.93032,9.60264],[11.06861,9.58639],[11.17485,9.57766],[11.52594,9.59197],[11.56383,9.60312],[11.61782,9.60665],[11.66701,9.63347],[11.70268,9.64396],[11.80746,9.71003],[11.88778,9.75382],[11.92509,9.78421],[11.94039,9.82573],[11.94556,10.04471],[12.10689,10.03603],[12.23422,10.12432],[12.39473,10.30498],[12.5479,10.32947],[12.62014,10.36138],[12.66624,10.42761],[12.72835,10.4481],[12.8409,10.56315],[12.92296,10.58147],[13.00926,10.56969],[13.19106,10.455],[13.25917,10.44003],[13.30971,10.46789],[13.40045,10.7357],[13.42216,10.93029],[13.54639,10.90711],[13.74577,10.94173],[13.74496,10.93501],[13.53879,10.62142],[13.43492,10.15341],[13.35978,10.10055],[13.24796,10.07941],[13.23018,10.04533],[13.2464,9.97348],[13.21271,9.87015],[13.26294,9.80173],[13.19545,9.54221],[12.98244,9.47459],[12.92901,9.41612],[12.85542,9.37811],[12.84839,9.35995],[12.89128,9.33199],[12.89842,9.26243],[12.82214,9.09681],[12.80571,8.8315],[12.77295,8.75905],[12.70887,8.75091],[12.66039,8.65932],[12.55797,8.60568],[12.48252,8.62325],[12.42444,8.59979],[12.36884,8.60958],[12.40387,8.49654],[12.33132,8.42429],[12.27179,8.42778],[12.22704,8.38631],[12.23675,8.19699],[12.18259,8.09349],[12.19169,7.96642],[12.01899,7.71886],[12.02105,7.57623],[11.90354,7.45356],[11.73663,7.26328],[11.78024,7.24106],[11.86892,7.12711],[11.87223,7.07936],[11.80887,7.07192]],[[7.40578,9.30765],[7.26171,9.29527],[7.3108,9.29744],[7.40578,9.30765]],[[7.62582,9.3107],[7.65393,9.32372],[7.59419,9.30419],[7.62582,9.3107]],[[3.91762,10.15036],[3.84412,10.14405],[3.98604,10.1414],[3.91762,10.15036]],[[4.35036,9.72507],[4.01405,10.11799],[3.98604,10.1414],[4.35036,9.72507]],[[5.79979,8.74495],[5.74593,8.81119],[5.79048,8.74572],[5.79979,8.74495]],[[6.11969,10.81322],[6.11366,10.80614],[6.11134,10.7504],[6.11969,10.81322]],[[6.10973,10.71187],[6.10912,10.69728],[6.12638,10.62299],[6.10973,10.71187]],[[7.04702,10.2479],[6.89212,10.10517],[7.04105,10.23305],[7.04702,10.2479]]]}},{"type":"Feature","id":"NGA-southwest","properties":{"id":"NGA-southwest","iso3":"NGA","country_ja":"ナイジェリア","un_region_ja":"西アフリカ","area_ja":"南西部（ラゴス・イバダン周辺）","level":"やや高い","source_ids":["PEW2025","IRF-NGA","PEW_DRESS2010"],"clothing_evidence":"服装調査あり（地図の各範囲を直接測定したものではない）","geometry_kind_ja":"行政区を束ねた概略","geometry_method":{"type":"admin1","names":["Lagos","Ogun","Oyo","Osun"]},"map_number":25},"geometry":{"type":"Polygon","coordinates":[[[2.7733,6.75504],[2.7363,6.76985],[2.72358,6.79971],[2.73692,6.8633],[2.71511,6.97983],[2.77971,7.04133],[2.73526,7.096],[2.76214,7.1622],[2.74116,7.40818],[2.75128,7.42363],[2.78332,7.41924],[2.78366,7.42144],[2.78653,7.42125],[2.79231,7.47763],[2.72059,7.58657],[2.7272,7.79332],[2.72426,7.79881],[2.72441,7.80769],[2.68576,7.87057],[2.67209,7.89604],[2.70839,8.13798],[2.73444,8.18997],[2.69713,8.32071],[2.70374,8.41789],[2.73692,8.46452],[2.73887,8.48672],[2.74477,8.49829],[2.74255,8.52757],[2.8011,8.57775],[2.91934,8.59464],[3.14496,8.76887],[3.18371,8.77778],[3.24366,8.74766],[3.69562,8.98922],[3.7381,9.02648],[3.77303,9.14027],[3.81799,9.1727],[3.86605,9.17753],[3.91142,9.15699],[3.9631,9.0766],[4.04547,9.02069],[4.2374,8.96242],[4.31408,8.99258],[4.33134,8.95411],[4.2004,8.81481],[4.18768,8.75414],[4.20101,8.69342],[4.32535,8.4447],[4.35914,8.31102],[4.48079,8.16273],[4.51004,8.06829],[4.51679,8.06323],[4.52234,8.04788],[4.55562,8.03411],[4.68533,8.03065],[4.94092,8.08044],[4.99198,8.02628],[5.06412,8.03057],[5.04138,7.94928],[4.97234,7.90376],[4.92614,7.84306],[4.91239,7.62721],[4.99146,7.41484],[4.99073,7.37485],[4.89823,7.33914],[4.87229,7.24467],[4.8693,7.0982],[4.8323,7.09251],[4.73215,7.14651],[4.69256,7.13546],[4.65008,7.10169],[4.59975,7.00833],[4.5611,6.98828],[4.53846,6.85731],[4.37951,6.71375],[4.35491,6.6174],[4.38302,6.58213],[4.48306,6.56738],[4.56709,6.62885],[4.58601,6.60306],[4.59231,6.47183],[4.51459,6.4171],[4.46601,6.40638],[4.56864,6.36266],[4.57019,6.33576],[4.55438,6.31685],[4.493,6.32055],[4.46357,6.3303],[4.40553,6.35887],[4.34212,6.37054],[4.34197,6.37059],[4.34157,6.37064],[4.12582,6.41035],[3.87029,6.43163],[3.44361,6.41035],[3.38494,6.44452],[3.42848,6.45873],[3.4402,6.42341],[3.47535,6.45555],[3.54135,6.45482],[3.57057,6.4787],[3.57081,6.50934],[3.70021,6.52709],[3.74269,6.5478],[3.76222,6.58515],[3.85792,6.6022],[3.84401,6.61083],[3.77369,6.62238],[3.52194,6.52953],[3.47853,6.54145],[3.48121,6.6022],[3.40235,6.55215],[3.40602,6.51284],[3.3698,6.45002],[3.38453,6.39769],[2.70384,6.36835],[2.73733,6.55802],[2.73113,6.64184],[2.77857,6.69876],[2.7733,6.75504]],[[4.08764,6.54433],[4.04805,6.60422],[4.05922,6.5673],[4.08764,6.54433]],[[4.54826,7.95681],[4.51752,7.9348],[4.54735,7.94721],[4.54826,7.95681]]]}},{"type":"Feature","id":"TCD-north","properties":{"id":"TCD-north","iso3":"TCD","country_ja":"チャド","un_region_ja":"中部アフリカ","area_ja":"北部・中部（首都ンジャメナを含む）","level":"やや高い","source_ids":["PEW2025","IRF-TCD"],"clothing_evidence":"宗教人口・地域分布からの弱い定性推定／着用率未取得","geometry_kind_ja":"緯度経度で囲った概略","geometry_method":{"type":"bbox","bounds":[13.4,11.6,24.1,23.5]},"map_number":26},"geometry":{"type":"Polygon","coordinates":[[[15.11094,11.7829],[15.07983,11.85122],[15.04418,11.87731],[15.0634,11.92728],[15.04831,11.96279],[15.08118,11.97167],[15.04945,12.01193],[15.04945,12.08459],[15.01183,12.10862],[14.9648,12.09244],[14.89804,12.1528],[14.90827,12.3269],[14.87747,12.44704],[14.84956,12.45702],[14.86383,12.49547],[14.83075,12.61825],[14.81918,12.63882],[14.76885,12.63324],[14.73412,12.68042],[14.71365,12.65251],[14.70993,12.71824],[14.66446,12.71597],[14.61836,12.7592],[14.57526,12.74491],[14.56937,12.7694],[14.5548,12.7669],[14.54901,12.81821],[14.4901,12.87361],[14.50468,12.969],[14.41817,13.08114],[14.06491,13.07799],[13.60731,13.7041],[13.44918,14.38013],[13.44949,14.43904],[13.48226,14.48359],[13.62426,14.52131],[13.65785,14.54872],[13.66674,14.58552],[13.64473,14.64425],[13.70999,14.70512],[13.76436,14.71908],[13.75516,14.84721],[13.83391,15.0196],[14.36897,15.74963],[15.46555,16.89468],[15.73602,19.90354],[15.97032,20.33633],[15.95399,20.37457],[15.66946,20.67187],[15.57024,20.75191],[15.5442,20.79899],[15.5443,20.8903],[15.60931,20.95066],[15.30101,21.40133],[15.18453,21.4912],[15.17202,21.99339],[14.97991,22.99566],[15.9851,23.44472],[23.98131,19.49612],[23.98441,15.72116],[23.97262,15.69108],[23.94555,15.69222],[23.82907,15.73103],[23.5927,15.74901],[23.32057,15.68132],[23.16678,15.71294],[23.09464,15.70426],[22.90675,15.5414],[22.90685,15.48141],[22.97641,15.37364],[22.95801,15.20163],[22.90551,15.11257],[22.84877,15.0875],[22.7389,14.97981],[22.71534,14.89943],[22.65891,14.85741],[22.65084,14.81615],[22.67658,14.68897],[22.46543,14.62929],[22.38233,14.57911],[22.36352,14.54353],[22.42491,14.47044],[22.45096,14.34579],[22.41809,14.30595],[22.42905,14.26461],[22.53188,14.22063],[22.54635,14.13971],[22.21469,13.95662],[22.07496,13.78032],[22.11289,13.72983],[22.13212,13.63865],[22.19589,13.58046],[22.21562,13.46499],[22.27598,13.37632],[22.26761,13.33456],[22.13997,13.19351],[22.01605,13.14023],[21.96407,13.09835],[21.80945,12.79367],[21.88014,12.67628],[21.93595,12.63954],[22.01967,12.63143],[22.10587,12.65039],[22.20488,12.74336],[22.44569,12.61107],[22.37282,12.46312],[22.48403,12.16474],[22.45809,12.03043],[22.6124,12.0728],[22.53705,11.68089],[22.5417,11.63299],[22.56041,11.6],[15.10371,11.6],[15.0665,11.68063],[15.11094,11.7829]]]}},{"type":"Feature","id":"CMR-north","properties":{"id":"CMR-north","iso3":"CMR","country_ja":"カメルーン","un_region_ja":"中部アフリカ","area_ja":"北部の細長い部分（ナイジェリア／チャド寄り）","level":"やや高い","source_ids":["PEW2025","IRF-CMR"],"clothing_evidence":"宗教人口・地域分布からの弱い定性推定／着用率未取得","geometry_kind_ja":"緯度経度で囲った概略","geometry_method":{"type":"bbox","bounds":[12.0,7.0,16.3,13.1]},"map_number":27},"geometry":{"type":"Polygon","coordinates":[[[12.02105,7.57623],[12.01899,7.71886],[12.1921,7.96065],[12.18259,8.09349],[12.23675,8.19699],[12.22704,8.38631],[12.27179,8.42778],[12.33132,8.42429],[12.40387,8.49654],[12.36884,8.60958],[12.42444,8.59979],[12.48252,8.62325],[12.55797,8.60568],[12.66039,8.65932],[12.70887,8.75091],[12.77295,8.75905],[12.79455,8.78861],[12.82824,9.01997],[12.82214,9.09681],[12.89842,9.26243],[12.89128,9.33199],[12.84839,9.35995],[12.85542,9.37811],[12.92901,9.41612],[12.98244,9.47459],[13.19545,9.54221],[13.26294,9.80173],[13.21271,9.87015],[13.2464,9.97348],[13.23018,10.04533],[13.24796,10.07941],[13.35978,10.10055],[13.43492,10.15341],[13.53879,10.62142],[13.74441,10.9305],[13.75485,11.01672],[13.82007,11.06927],[13.87319,11.1665],[13.98233,11.27626],[14.16547,11.23833],[14.23213,11.29029],[14.27916,11.30184],[14.36825,11.383],[14.59376,11.49643],[14.61619,11.53868],[14.62136,11.62978],[14.54188,11.70983],[14.59066,11.78316],[14.62715,11.95007],[14.60431,12.03043],[14.66828,12.17807],[14.65154,12.19378],[14.61061,12.18355],[14.5485,12.24158],[14.56214,12.25584],[14.51439,12.28938],[14.51439,12.32354],[14.4871,12.3378],[14.18893,12.37041],[14.17736,12.54559],[14.06491,13.07799],[14.41817,13.08114],[14.50468,12.969],[14.4901,12.87361],[14.54901,12.81821],[14.5548,12.7669],[14.56937,12.7694],[14.57526,12.74491],[14.61836,12.7592],[14.66446,12.71597],[14.70993,12.71824],[14.71365,12.65251],[14.73412,12.68042],[14.76885,12.63324],[14.81918,12.63882],[14.86383,12.49547],[14.84956,12.45702],[14.87747,12.44704],[14.90827,12.3269],[14.89804,12.1528],[14.9648,12.09244],[15.01183,12.10862],[15.04945,12.08459],[15.04945,12.01193],[15.08118,11.97167],[15.04831,11.96279],[15.0634,11.92728],[15.04418,11.87731],[15.07983,11.85122],[15.11094,11.7829],[15.08355,11.74817],[15.0972,11.72766],[15.07611,11.72146],[15.0694,11.66079],[15.13564,11.53082],[15.06061,11.41613],[15.04945,11.33727],[15.06309,11.30993],[15.03332,11.26027],[15.02123,11.18255],[15.03519,10.99463],[15.07901,10.89815],[15.06588,10.79312],[15.14991,10.62312],[15.13823,10.52166],[15.21833,10.48722],[15.27837,10.39428],[15.30142,10.31175],[15.4764,10.13274],[15.68124,9.99128],[15.4394,9.93169],[15.38297,9.9302],[15.15549,9.98652],[15.03302,9.94286],[14.89814,9.96048],[14.77257,9.92175],[14.44049,9.99531],[14.1817,9.97818],[14.11979,9.85201],[13.94595,9.65264],[14.32133,9.24316],[14.34954,9.16836],[14.79386,8.81362],[14.84605,8.81099],[14.89938,8.77432],[14.9401,8.72965],[14.95509,8.67622],[15.05193,8.64379],[15.1837,8.47915],[15.34535,8.13599],[15.44074,7.83942],[15.48787,7.80495],[15.56291,7.79244],[15.54895,7.6308],[15.41945,7.43655],[15.43278,7.38973],[15.40323,7.38637],[15.22391,7.24752],[15.1866,7.16633],[15.18753,7.08861],[15.13616,7.04531],[15.11902,7.0],[12.0,7.0],[12.0,7.55307],[12.02105,7.57623]]]}},{"type":"Feature","id":"SOM-all","properties":{"id":"SOM-all","iso3":"SOM","country_ja":"ソマリア","un_region_ja":"東アフリカ","area_ja":"全域（住民の生活圏）","level":"高い","source_ids":["PEW2025","SOM_DRESS"],"clothing_evidence":"服装の質的資料あり／地域の率は未取得","geometry_kind_ja":"国・地域全体","geometry_method":{"type":"country"},"map_number":28},"geometry":{"type":"Polygon","coordinates":[[[44.02385,8.98553],[43.6215,9.3369],[43.54823,9.33607],[43.41903,9.41302],[43.37067,9.54423],[43.24881,9.65233],[43.18721,9.88333],[43.06769,9.92252],[43.03988,9.94999],[42.9819,10.09163],[42.83628,10.20809],[42.76579,10.45195],[42.6952,10.52471],[42.64859,10.61103],[42.64725,10.63222],[42.71164,10.67516],[42.73809,10.75978],[42.80124,10.82079],[42.81943,10.87257],[42.89354,10.91967],[42.92372,10.99879],[43.24073,11.48786],[43.28834,11.46035],[43.28272,11.49893],[43.37599,11.39159],[43.45973,11.35106],[43.48943,11.38093],[43.48813,11.23892],[43.563,11.17032],[43.65895,10.98798],[43.8296,10.80297],[44.34755,10.41451],[44.58615,10.38359],[44.75066,10.42787],[44.96201,10.4158],[44.99415,10.44269],[44.98797,10.4604],[45.15724,10.54108],[45.32057,10.6621],[45.40919,10.65949],[45.48707,10.68472],[45.57301,10.75812],[45.67311,10.79621],[45.7693,10.87812],[45.8169,10.86921],[45.85564,10.82396],[45.88445,10.84121],[46.10222,10.77066],[46.23756,10.79243],[46.33513,10.7097],[46.44776,10.6931],[46.65968,10.75434],[46.88649,10.89859],[47.00807,10.93895],[47.18068,11.08047],[47.40593,11.18464],[47.52272,11.18696],[47.71046,11.10126],[47.76734,11.13019],[48.13038,11.13666],[48.16082,11.14566],[48.2199,11.21113],[48.30421,11.22752],[48.34278,11.27546],[48.52198,11.31928],[48.6548,11.33063],[48.88885,11.25056],[48.93911,11.24913],[49.23959,11.30028],[49.30348,11.34544],[49.4192,11.34479],[49.52174,11.39378],[49.57683,11.46003],[49.68678,11.47435],[49.85125,11.46491],[49.94215,11.51557],[50.07252,11.50873],[50.16188,11.56338],[50.26832,11.5893],[50.37232,11.66893],[50.43702,11.69062],[50.51271,11.77123],[50.52947,11.85952],[50.56121,11.9079],[50.64112,11.95441],[50.79786,11.98912],[50.86706,11.94289],[50.97008,11.93232],[51.04884,11.87865],[51.1277,11.87865],[51.2927,11.83311],[51.24936,11.72878],[51.2478,11.65239],[51.12086,11.50532],[51.12501,11.44798],[51.08131,11.3415],[51.07252,11.23379],[51.08595,11.18797],[51.1895,11.13831],[51.12379,11.03876],[51.11508,10.99335],[51.13819,10.67674],[51.16065,10.59846],[51.10743,10.57657],[51.0923,10.48216],[51.03582,10.46752],[51.0101,10.43403],[51.0381,10.41608],[51.22039,10.44204],[51.17612,10.56281],[51.29253,10.48007],[51.39517,10.47902],[51.41704,10.44749],[51.39751,10.39579],[51.36742,10.36773],[51.27287,10.37791],[51.24098,10.4256],[51.0901,10.40731],[50.92739,10.32784],[50.9017,10.23444],[50.91281,10.17685],[50.8838,10.10126],[50.9017,10.01166],[50.80616,9.62446],[50.84034,9.45612],[50.83033,9.41962],[50.76832,9.31928],[50.68946,9.27485],[50.64698,9.21137],[50.63364,9.07319],[50.43971,8.88817],[50.37428,8.69888],[50.32651,8.6411],[50.30348,8.50458],[50.2562,8.47256],[50.15642,8.32062],[50.09107,8.16104],[49.92937,8.05174],[49.82423,7.93391],[49.80323,7.82689],[49.82342,7.80532],[49.82504,7.75776],[49.75221,7.65029],[49.74415,7.58906],[49.5866,7.31477],[49.36704,7.0257],[49.24732,6.81061],[49.07472,6.41527],[49.08562,6.30736],[49.03614,6.14423],[48.64674,5.48005],[48.54811,5.37507],[48.44801,5.20873],[48.2024,4.90892],[48.05568,4.61294],[47.9485,4.4571],[46.83424,3.23249],[46.62574,3.02391],[46.35157,2.78864],[46.2894,2.69623],[46.2365,2.66763],[46.04762,2.45506],[45.82635,2.30882],[45.23219,1.96768],[45.00147,1.86636],[44.55006,1.55907],[44.33277,1.38996],[44.22136,1.27562],[44.15789,1.24079],[44.13803,1.1916],[43.97877,1.06867],[43.93263,1.00983],[43.78191,0.92162],[43.73422,0.85497],[43.65895,0.80492],[42.77027,-0.12933],[42.58033,-0.29754],[42.55079,-0.3576],[42.5193,-0.36932],[42.47975,-0.42205],[42.47641,-0.466],[42.46599,-0.44939],[42.41261,-0.49098],[42.16651,-0.80267],[42.07154,-0.82871],[42.07195,-0.88445],[42.01637,-0.96803],[41.97193,-0.99977],[41.95281,-0.89446],[41.94646,-0.95477],[41.97169,-1.02361],[41.87387,-1.17604],[41.87289,-1.19549],[41.89747,-1.1832],[41.88543,-1.20965],[41.8628,-1.21233],[41.82911,-1.16888],[41.8366,-1.2623],[41.65211,-1.56512],[41.61061,-1.59319],[41.53509,-1.6963],[41.52287,-1.57277],[40.97975,-0.8708],[40.96538,2.81414],[40.97975,2.8419],[41.34273,3.20115],[41.9122,4.00797],[41.92347,4.07055],[42.06837,4.17455],[42.13534,4.20008],[42.29729,4.20173],[42.83163,4.30232],[42.89963,4.3611],[42.96041,4.51737],[43.11926,4.6477],[43.52849,4.84157],[43.93228,4.9452],[44.91259,4.89939],[44.94152,4.91148],[45.93599,5.99669],[46.46696,6.53829],[47.97917,7.99657],[46.97923,7.99657],[44.02385,8.98553]]]}},{"type":"Feature","id":"DJI-all","properties":{"id":"DJI-all","iso3":"DJI","country_ja":"ジブチ","un_region_ja":"東アフリカ","area_ja":"全域（住民の生活圏）","level":"高い","source_ids":["PEW2025","IRF-DJI"],"clothing_evidence":"宗教人口・地域分布からの弱い定性推定／着用率未取得","geometry_kind_ja":"国・地域全体","geometry_method":{"type":"country"},"map_number":29},"geometry":{"type":"Polygon","coordinates":[[[42.87328,10.97825],[42.77179,10.99646],[42.72962,11.06501],[42.61562,11.08966],[42.47971,11.05912],[42.39176,11.00589],[42.33853,11.0155],[42.22164,10.98434],[42.09627,10.99026],[42.0384,10.95044],[41.93752,10.92982],[41.76131,10.9962],[41.78559,11.06739],[41.78797,11.25973],[41.74911,11.53795],[41.79241,11.70445],[41.80823,11.73624],[41.93639,11.82745],[42.3192,12.38638],[42.43093,12.52032],[42.52157,12.49624],[42.67825,12.36002],[42.79225,12.42916],[42.78522,12.51722],[42.86883,12.62616],[42.90036,12.61639],[43.11769,12.70791],[43.28321,12.49653],[43.313,12.47769],[43.32936,12.48876],[43.36785,12.30687],[43.41432,12.22492],[43.41334,12.05927],[43.37713,12.00483],[43.28834,11.96743],[43.20655,11.95783],[43.05551,11.80362],[42.94264,11.77383],[42.8965,11.78059],[42.77719,11.73225],[42.66798,11.56855],[42.51515,11.57412],[42.53875,11.503],[42.60377,11.46776],[42.68165,11.48452],[42.66529,11.51557],[42.6941,11.54597],[42.8558,11.59577],[43.10336,11.57697],[43.15187,11.61176],[43.18385,11.52656],[43.24073,11.48786],[42.92372,10.99879],[42.87328,10.97825]]]}},{"type":"Feature","id":"ERI-lowlands","properties":{"id":"ERI-lowlands","iso3":"ERI","country_ja":"エリトリア","un_region_ja":"東アフリカ","area_ja":"西部の低地と紅海沿岸","level":"やや高い","source_ids":["PEW2025"],"clothing_evidence":"宗教人口・地域分布からの弱い定性推定／着用率未取得","geometry_kind_ja":"行政区を束ねた概略","geometry_method":{"type":"admin1","names":["Gash Barka","Anseba","Semenawi Keyih Bahri","Debubawi Keyih Bahri"]},"map_number":30},"geometry":{"type":"MultiPolygon","coordinates":[[[[42.67825,12.36002],[42.52157,12.49624],[42.47568,12.51634],[42.43093,12.52032],[42.37946,12.46591],[42.18495,12.73305],[41.94662,12.87617],[41.78477,13.16457],[41.7118,13.24793],[41.53073,13.39378],[41.19204,13.61586],[41.04362,13.87249],[40.8332,14.10596],[40.77232,14.14836],[40.58587,14.19469],[40.47983,14.2444],[40.35369,14.33524],[40.59109,14.73879],[40.57233,14.95121],[40.61638,14.94868],[40.6277,14.89199],[40.65659,14.88032],[40.66041,14.90257],[40.69451,14.89623],[40.67091,14.88032],[40.73243,14.82567],[40.72389,14.75707],[40.76645,14.6953],[40.80812,14.70283],[40.80812,14.72207],[40.88445,14.71454],[40.97267,14.66962],[41.16749,14.63695],[41.20875,14.5681],[41.30681,14.48892],[41.33595,14.402],[41.37664,14.37629],[41.41277,14.30654],[41.50587,14.21345],[41.54176,14.12617],[41.62094,14.06363],[41.67652,13.94025],[41.75343,13.92072],[41.79811,13.93439],[41.84897,13.87617],[41.90431,13.87979],[41.96974,13.84565],[41.99366,13.7836],[42.0892,13.68797],[42.10662,13.64354],[42.14381,13.65038],[42.22389,13.55394],[42.19874,13.5987],[42.21901,13.60602],[42.21974,13.63255],[42.15992,13.65656],[42.18482,13.66747],[42.28842,13.57461],[42.30592,13.47614],[42.34254,13.41812],[42.3794,13.22264],[42.47682,13.19453],[42.53395,13.23257],[42.65545,13.07233],[42.72975,13.03315],[42.78126,12.85187],[42.83579,12.86494],[42.86891,12.82136],[42.93214,12.81094],[42.92799,12.78974],[42.97804,12.82396],[43.00099,12.90029],[43.08644,12.82087],[43.11769,12.70791],[42.90036,12.61639],[42.86883,12.62616],[42.78522,12.51722],[42.79225,12.42916],[42.67825,12.36002]]],[[[36.61671,15.53153],[36.67097,15.72312],[36.75954,15.83748],[36.88594,16.18485],[36.95426,16.27828],[36.93247,16.40533],[36.93369,16.41807],[36.92891,16.42606],[36.92731,16.43539],[36.87654,16.51357],[36.89235,16.63687],[36.96036,16.70565],[36.99974,16.84213],[36.99064,16.91365],[36.96811,16.94662],[36.99705,16.99953],[36.97348,17.06253],[37.00046,17.0726],[37.13399,17.01643],[37.23342,17.02465],[37.3098,17.05534],[37.40343,17.02992],[37.45976,17.09472],[37.49469,17.17461],[37.49604,17.31217],[37.72042,17.38385],[37.76393,17.45909],[37.79886,17.47713],[37.84919,17.444],[37.86033,17.44365],[37.87203,17.43728],[37.88007,17.44304],[37.89591,17.44255],[37.93214,17.48036],[37.9797,17.51446],[38.01434,17.53421],[38.00624,17.00733],[37.98593,16.91352],[38.04892,16.81081],[38.03833,16.66134],[38.08582,16.62601],[38.32462,16.5778],[38.40301,16.39347],[38.47453,16.32009],[38.51551,16.23601],[38.52249,16.18356],[38.49613,16.09129],[38.50931,15.97706],[38.62661,15.89867],[38.8218,15.85968],[38.92468,15.69806],[38.95869,15.57569],[39.0915,15.35023],[39.19795,15.2469],[39.32626,15.17602],[39.29479,15.15378],[38.78816,15.15561],[38.72144,15.16303],[38.45841,15.11145],[38.33676,14.98653],[38.25914,14.94353],[38.21289,14.83597],[38.25294,14.71644],[38.24584,14.65247],[38.24089,14.65765],[38.22933,14.67972],[38.2197,14.67983],[38.21393,14.68587],[38.11522,14.68102],[38.0067,14.7244],[37.89146,14.87953],[37.55371,14.1055],[37.52528,14.12883],[37.5165,14.18056],[37.47537,14.19957],[37.45263,14.26058],[37.39775,14.30174],[37.3902,14.35817],[37.29377,14.45744],[37.18422,14.44956],[37.12107,14.42083],[37.091,14.31422],[37.0602,14.27683],[36.9954,14.26409],[36.94692,14.30474],[36.74807,14.33207],[36.56565,14.29293],[36.52638,14.26352],[36.42509,15.13344],[36.52493,15.24791],[36.57558,15.39343],[36.62787,15.44562],[36.61671,15.53153]],[[37.00258,16.27474],[37.00695,16.26827],[36.97483,16.40298],[37.00258,16.27474]],[[37.06991,16.1749],[37.07958,16.17199],[37.03287,16.22982],[37.06991,16.1749]],[[38.74569,15.55585],[38.78629,15.5568],[38.84681,15.55073],[38.80629,15.56662],[38.74569,15.55585]]]]}},{"type":"Feature","id":"ETH-east","properties":{"id":"ETH-east","iso3":"ETH","country_ja":"エチオピア","un_region_ja":"東アフリカ","area_ja":"東部（ソマリア国境寄り）","level":"高い","source_ids":["PEW2025","IRF-ETH"],"clothing_evidence":"宗教人口・地域分布からの弱い定性推定／着用率未取得","geometry_kind_ja":"行政区を束ねた概略","geometry_method":{"type":"admin1","names":["Somali"]},"map_number":31},"geometry":{"type":"Polygon","coordinates":[[[44.94152,4.91148],[44.91259,4.89939],[43.96898,4.95396],[43.52849,4.84157],[43.11926,4.6477],[42.96041,4.51737],[42.89963,4.3611],[42.83163,4.30232],[42.29729,4.20173],[42.10289,4.19189],[41.92347,4.07055],[41.9122,4.00797],[41.83593,3.94945],[41.69981,3.99691],[41.64297,3.96945],[41.58633,3.98415],[41.42954,3.94888],[41.163,3.94268],[41.07008,3.99691],[41.0059,4.08668],[40.89769,4.14592],[40.76374,4.28493],[40.7007,4.24352],[40.38268,4.12138],[40.36573,4.09487],[40.16719,4.03547],[39.84845,3.86728],[39.76422,3.68574],[39.57498,3.4979],[39.53632,3.40501],[39.50439,3.40333],[39.46698,3.45201],[39.43618,3.46237],[39.31133,3.46609],[39.31587,3.4949],[39.21945,3.4687],[39.09044,3.51833],[39.09522,3.53627],[39.30068,3.64257],[39.46977,3.91754],[39.4986,3.97965],[39.48382,4.04097],[39.54149,4.2345],[39.58511,4.29382],[39.742,4.657],[39.77042,4.85149],[39.82044,5.01507],[39.91945,5.2465],[40.01454,5.38319],[40.05113,5.3997],[40.18745,5.35456],[40.52882,5.41554],[40.70432,5.56542],[40.92249,5.6995],[40.88012,5.81169],[40.86555,6.1104],[40.88363,6.23799],[40.85852,6.41992],[40.90441,6.51226],[41.02843,6.65631],[41.07349,6.69019],[41.12197,6.69274],[41.34138,6.57275],[41.41611,6.55686],[41.62199,6.364],[41.76368,6.54125],[41.84585,6.56994],[41.86115,6.53715],[41.90879,6.54345],[41.99313,6.60644],[42.07912,6.79571],[42.06878,6.81442],[42.09307,6.91916],[42.13699,6.95159],[42.18288,7.04461],[42.22712,7.22266],[42.20748,7.29304],[41.90145,7.41234],[41.8751,7.51076],[41.95344,7.75144],[41.91768,7.8736],[41.93132,8.11558],[41.96119,8.21999],[42.0293,8.32515],[42.0323,8.43372],[42.20707,8.60477],[42.27414,8.62278],[42.32675,8.5387],[42.50359,8.49253],[42.53335,8.45036],[42.58038,8.23082],[42.63453,8.14757],[42.66844,8.14077],[42.70388,8.1819],[42.74378,8.3273],[42.77044,8.36546],[42.89695,8.41238],[42.91162,8.5654],[42.84403,8.66229],[42.83328,8.70732],[42.86553,8.80029],[42.85695,8.84037],[42.70533,8.9832],[42.64404,9.08022],[42.62585,9.1643],[42.59226,9.21019],[42.55185,9.35152],[42.48736,9.47927],[42.41884,9.56159],[42.38711,9.56774],[42.38091,9.70832],[42.34101,9.72036],[42.30267,9.76258],[42.2543,9.78057],[42.20314,9.77439],[42.04036,9.629],[41.89205,9.68388],[41.76296,9.64014],[41.74064,9.58494],[41.73692,9.47376],[41.7117,9.46821],[41.61517,9.51759],[41.56649,9.50924],[41.49321,9.45971],[41.26986,9.50588],[41.01107,9.35821],[40.84643,9.30708],[40.80922,9.32873],[40.79775,9.39462],[40.91051,9.39591],[40.91454,9.42922],[40.86689,9.45699],[40.69512,9.44439],[40.73708,9.6236],[40.82596,9.75971],[41.02182,9.95112],[40.95205,9.9967],[40.94317,10.04704],[41.08662,10.59116],[41.08331,10.6793],[41.20413,10.81557],[41.27048,10.96013],[41.69113,10.96429],[41.76652,10.98947],[41.93752,10.92982],[42.0384,10.95044],[42.09627,10.99026],[42.22164,10.98434],[42.33853,11.0155],[42.39176,11.00589],[42.47971,11.05912],[42.61562,11.08966],[42.72962,11.06501],[42.77179,10.99646],[42.87328,10.97825],[42.92372,10.99879],[42.89354,10.91967],[42.81943,10.87257],[42.80124,10.82079],[42.73809,10.75978],[42.69965,10.65855],[42.64725,10.63222],[42.6952,10.52471],[42.76579,10.45195],[42.83628,10.20809],[42.9819,10.09163],[43.03988,9.94999],[43.06769,9.92252],[43.18721,9.88333],[43.24881,9.65233],[43.37067,9.54423],[43.41903,9.41302],[43.54823,9.33607],[43.6215,9.3369],[43.98479,9.00831],[46.97923,7.99657],[47.97917,7.99657],[46.42392,6.49674],[45.93599,5.99669],[44.94152,4.91148]]]}},{"type":"Feature","id":"ETH-northeast","properties":{"id":"ETH-northeast","iso3":"ETH","country_ja":"エチオピア","un_region_ja":"東アフリカ","area_ja":"北東部（ジブチ・エリトリア国境寄りの低地）","level":"やや高い","source_ids":["PEW2025","IRF-ETH"],"clothing_evidence":"宗教人口・地域分布からの弱い定性推定／着用率未取得","geometry_kind_ja":"行政区を束ねた概略","geometry_method":{"type":"admin1","names":["Afar"]},"map_number":32},"geometry":{"type":"Polygon","coordinates":[[[41.79241,11.70445],[41.74911,11.53795],[41.78797,11.25973],[41.78559,11.06739],[41.76131,10.9962],[41.76759,10.99383],[41.76652,10.98947],[41.69113,10.96429],[41.29229,10.96711],[41.28176,10.96024],[41.27048,10.96013],[41.26573,10.94978],[41.25043,10.9398],[41.20413,10.81557],[41.08331,10.6793],[41.08662,10.59116],[40.94317,10.04704],[40.95205,9.9967],[41.02182,9.95112],[40.82596,9.75971],[40.73708,9.6236],[40.69512,9.44439],[40.64169,9.40255],[40.52789,9.38242],[40.46361,9.34289],[40.26083,9.08981],[40.23685,9.00632],[40.155,8.9677],[40.10022,8.88468],[40.02643,8.84646],[40.0442,8.97852],[40.0258,8.99855],[39.94994,9.00588],[39.91129,9.13407],[39.81073,9.13898],[39.89424,9.26825],[39.89527,9.31535],[39.79471,9.37679],[39.88835,9.50464],[39.89217,9.60675],[39.85238,9.74106],[39.89269,9.75163],[40.01537,9.72809],[40.02911,9.75594],[40.01278,9.80423],[40.08523,9.91934],[40.07697,9.97846],[39.99201,10.0451],[40.00059,10.09086],[40.04069,10.10902],[40.13174,10.10406],[40.12089,10.20305],[40.17794,10.48921],[40.15376,10.56757],[40.16399,10.66253],[40.11489,10.76198],[40.16513,10.88693],[40.12864,10.94083],[40.1922,11.03959],[40.19665,11.07568],[40.17205,11.21061],[40.06735,11.35233],[40.06126,11.46581],[40.00017,11.58061],[39.98767,11.65358],[39.93651,11.69133],[39.88318,11.77507],[39.88349,11.91932],[39.83274,11.98234],[39.82644,12.05547],[39.76215,12.24315],[39.77972,12.32501],[39.80566,12.36038],[39.79264,12.52451],[39.87553,12.66819],[39.89186,12.76106],[39.86034,12.83348],[39.7545,12.89418],[39.76536,13.03843],[39.80783,13.08775],[39.77311,13.19377],[39.72319,13.2526],[39.74417,13.39076],[39.72412,13.4815],[39.75616,13.57145],[39.79409,13.5539],[39.82303,13.57165],[39.7976,13.73526],[39.81962,13.93023],[39.79212,13.97362],[39.78489,14.0802],[39.73125,14.08289],[39.7236,14.10123],[39.76143,14.14529],[39.69042,14.16511],[39.76835,14.29546],[39.69198,14.30396],[39.66872,14.31592],[39.67554,14.33383],[39.73476,14.37357],[39.80442,14.38672],[39.96359,14.36837],[39.99201,14.45183],[40.10456,14.46597],[40.27705,14.40457],[40.42165,14.27375],[40.47983,14.2444],[40.58587,14.19469],[40.77232,14.14836],[40.8332,14.10596],[41.04362,13.87249],[41.19204,13.61586],[41.21221,13.60264],[41.22222,13.58661],[41.53073,13.39378],[41.73441,13.2221],[41.75961,13.19331],[41.94662,12.87617],[42.18495,12.73305],[42.37946,12.46591],[41.9297,11.82269],[41.80823,11.73624],[41.79241,11.70445]]]}},{"type":"Feature","id":"ETH-southeast","properties":{"id":"ETH-southeast","iso3":"ETH","country_ja":"エチオピア","un_region_ja":"東アフリカ","area_ja":"東中部・南東部（ハラール周辺から南へ）","level":"やや高い","source_ids":["PEW2025","IRF-ETH"],"clothing_evidence":"宗教人口・地域分布からの弱い定性推定／着用率未取得","geometry_kind_ja":"緯度経度で囲った概略","geometry_method":{"type":"bbox","bounds":[39,6,43,10]},"map_number":33},"geometry":{"type":"Polygon","coordinates":[[[40.04951,10.0],[40.07697,9.97846],[40.08523,9.91934],[40.01278,9.80423],[40.02911,9.75594],[40.01537,9.72809],[39.89269,9.75163],[39.85238,9.74106],[39.89217,9.60675],[39.88835,9.50464],[39.79471,9.37679],[39.89527,9.31535],[39.89424,9.26825],[39.81073,9.13898],[39.91129,9.13407],[39.94994,9.00588],[40.0258,8.99855],[40.0442,8.97852],[40.02643,8.84646],[40.10022,8.88468],[40.155,8.9677],[40.23685,9.00632],[40.26083,9.08981],[40.46361,9.34289],[40.52789,9.38242],[40.64169,9.40255],[40.69512,9.44439],[40.86689,9.45699],[40.91454,9.42922],[40.91051,9.39591],[40.79775,9.39462],[40.80922,9.32873],[40.84643,9.30708],[41.01107,9.35821],[41.26986,9.50588],[41.49321,9.45971],[41.56649,9.50924],[41.61517,9.51759],[41.7117,9.46821],[41.73692,9.47376],[41.74064,9.58494],[41.76296,9.64014],[41.89205,9.68388],[42.04036,9.629],[42.20314,9.77439],[42.2543,9.78057],[42.30267,9.76258],[42.34101,9.72036],[42.38091,9.70832],[42.38711,9.56774],[42.41884,9.56159],[42.48736,9.47927],[42.55185,9.35152],[42.59226,9.21019],[42.62585,9.1643],[42.64404,9.08022],[42.70533,8.9832],[42.85695,8.84037],[42.86553,8.80029],[42.83328,8.70732],[42.84403,8.66229],[42.91162,8.5654],[42.89695,8.41238],[42.77044,8.36546],[42.74378,8.3273],[42.70388,8.1819],[42.66844,8.14077],[42.63453,8.14757],[42.58038,8.23082],[42.53335,8.45036],[42.50359,8.49253],[42.32675,8.5387],[42.27414,8.62278],[42.20707,8.60477],[42.0323,8.43372],[42.0293,8.32515],[41.96119,8.21999],[41.93132,8.11558],[41.91768,7.8736],[41.95344,7.75144],[41.8751,7.51076],[41.90145,7.41234],[42.20748,7.29304],[42.22712,7.22266],[42.18288,7.04461],[42.13699,6.95159],[42.09307,6.91916],[42.06878,6.81442],[42.07912,6.79571],[41.99313,6.60644],[41.90879,6.54345],[41.86115,6.53715],[41.84585,6.56994],[41.76368,6.54125],[41.62199,6.364],[41.41611,6.55686],[41.34138,6.57275],[41.12197,6.69274],[41.07349,6.69019],[41.02843,6.65631],[40.90441,6.51226],[40.85852,6.41992],[40.88363,6.23799],[40.86555,6.1104],[40.87093,6.0],[39.0,6.0],[39.0,10.0],[40.04951,10.0]]]}},{"type":"Feature","id":"KEN-northeast","properties":{"id":"KEN-northeast","iso3":"KEN","country_ja":"ケニア","un_region_ja":"東アフリカ","area_ja":"北東部（ソマリア国境沿い）","level":"高い","source_ids":["PEW2025","IRF-KEN"],"clothing_evidence":"宗教人口・地域分布からの弱い定性推定／着用率未取得","geometry_kind_ja":"行政区を束ねた概略","geometry_method":{"type":"admin1","names":["North-Eastern"]},"map_number":34},"geometry":{"type":"Polygon","coordinates":[[[41.07008,3.99691],[41.163,3.94268],[41.42954,3.94888],[41.58633,3.98415],[41.64297,3.96945],[41.69981,3.99691],[41.83593,3.94945],[41.88502,3.97723],[41.34273,3.20115],[40.96538,2.81414],[40.97975,-0.8708],[41.52287,-1.57277],[41.53313,-1.67649],[40.99655,-1.71111],[40.16823,-2.07812],[40.12931,-1.92913],[40.14358,-1.91549],[40.12931,-1.85405],[40.10942,-1.82609],[40.11345,-1.62615],[40.03345,-1.48043],[39.99392,-1.21874],[39.9563,-1.15114],[39.91703,-1.13466],[39.93749,-1.1005],[39.8624,-0.94904],[39.8115,-0.68962],[39.77388,-0.61247],[39.69854,-0.57914],[39.66376,-0.54188],[39.58123,-0.32241],[39.54707,-0.28494],[39.51235,-0.27807],[39.4432,-0.19477],[39.30688,-0.1341],[39.14302,-0.12728],[39.05708,-0.03788],[38.97869,-0.04889],[38.93383,-0.09312],[38.74578,-0.06521],[38.74717,0.21534],[38.69271,0.44747],[38.6648,0.47454],[38.69472,0.50255],[38.77555,0.51749],[38.82588,0.5856],[39.15852,0.71112],[39.3075,0.92604],[39.44641,0.98387],[39.27784,1.45263],[39.45152,1.53076],[39.39225,1.56838],[39.34089,1.63393],[39.19299,1.72579],[39.12503,1.86485],[39.02649,1.97438],[38.94318,2.13274],[38.91616,2.38792],[38.87983,2.49964],[38.88531,2.51998],[38.95032,2.5431],[38.97078,2.57382],[39.12023,2.91822],[39.27526,2.99473],[39.32332,3.04235],[39.32719,3.19978],[39.29659,3.48966],[39.31587,3.4949],[39.31133,3.46609],[39.46698,3.45201],[39.48847,3.4139],[39.49757,3.41221],[39.50439,3.40333],[39.53632,3.40501],[39.57498,3.4979],[39.76422,3.68574],[39.84845,3.86728],[40.16719,4.03547],[40.36573,4.09487],[40.38268,4.12138],[40.7007,4.24352],[40.76374,4.28493],[40.89769,4.14592],[41.0059,4.08668],[41.07008,3.99691]]]}},{"type":"Feature","id":"KEN-coast","properties":{"id":"KEN-coast","iso3":"KEN","country_ja":"ケニア","un_region_ja":"東アフリカ","area_ja":"南東部の海岸（モンバサ～ラム）","level":"やや高い","source_ids":["PEW2025","IRF-KEN"],"clothing_evidence":"宗教人口・地域分布からの弱い定性推定／着用率未取得","geometry_kind_ja":"緯度経度で囲った概略","geometry_method":{"type":"bbox","bounds":[39.2,-4.9,41.9,-1.6]},"map_number":35},"geometry":{"type":"MultiPolygon","coordinates":[[[[40.11345,-1.62615],[40.10942,-1.82609],[40.12931,-1.85405],[40.14358,-1.91549],[40.12931,-1.92913],[40.16823,-2.07812],[40.99655,-1.71111],[41.53313,-1.67649],[41.53509,-1.6963],[41.45834,-1.77483],[41.41765,-1.84726],[41.28272,-1.96852],[41.26734,-1.94964],[41.23146,-1.9555],[41.21901,-1.92246],[41.1858,-1.99017],[41.10914,-1.97763],[41.01295,-2.04241],[40.9795,-2.00498],[41.00611,-1.90179],[40.97071,-1.92897],[40.96664,-2.04656],[40.94532,-2.07317],[40.90821,-1.99774],[40.86101,-1.96347],[40.85597,-2.01849],[40.89381,-2.02606],[40.88315,-2.06015],[40.90431,-2.08034],[40.91196,-2.19199],[40.92482,-2.21722],[40.97926,-2.24212],[40.94483,-2.30934],[40.92262,-2.31373],[40.95216,-2.28606],[40.89373,-2.2282],[40.86305,-2.23138],[40.79469,-2.29046],[40.77394,-2.27923],[40.79347,-2.34197],[40.82862,-2.37477],[40.8169,-2.39788],[40.71176,-2.46657],[40.65056,-2.53932],[40.6159,-2.5525],[40.4909,-2.5285],[40.38982,-2.56032],[40.23211,-2.66904],[40.17498,-2.76263],[40.18865,-2.81357],[40.16261,-2.93426],[40.19068,-2.98805],[40.23292,-2.98187],[40.16383,-3.06699],[40.15317,-3.13519],[40.11915,-3.18353],[40.12289,-3.26735],[39.98911,-3.37322],[39.97145,-3.37607],[39.99195,-3.30706],[39.96607,-3.32122],[39.96518,-3.39918],[39.86598,-3.61647],[39.78639,-3.58758],[39.78093,-3.56658],[39.77589,-3.60019],[39.80812,-3.60882],[39.80014,-3.6347],[39.86012,-3.63323],[39.86704,-3.69492],[39.78639,-3.91717],[39.73211,-3.94638],[39.71193,-3.93133],[39.71209,-3.89739],[39.68377,-3.91717],[39.71209,-3.96502],[39.74529,-3.96868],[39.69947,-4.04843],[39.68116,-4.04795],[39.65984,-4.00758],[39.66049,-3.9708],[39.64308,-3.98553],[39.60572,-3.96966],[39.60467,-3.98821],[39.64308,-3.9992],[39.63559,-4.01702],[39.56056,-4.03981],[39.56739,-4.08115],[39.58188,-4.06162],[39.65008,-4.06959],[39.66586,-4.11207],[39.6159,-4.19785],[39.54005,-4.43043],[39.52247,-4.41814],[39.50603,-4.43808],[39.45069,-4.58196],[39.44386,-4.51995],[39.40968,-4.57448],[39.39137,-4.57106],[39.39617,-4.629],[39.32439,-4.62461],[39.30047,-4.59499],[39.29371,-4.61549],[39.26433,-4.60662],[39.2,-4.66846],[39.2,-1.6],[40.09909,-1.6],[40.11345,-1.62615]]],[[[41.13689,-2.11549],[41.12338,-2.09368],[41.10483,-2.13405],[41.0818,-2.12152],[40.99562,-2.14381],[40.98618,-2.16595],[41.00994,-2.18719],[40.99366,-2.1972],[40.9795,-2.16937],[40.95729,-2.17401],[40.96925,-2.11981],[41.09278,-2.03802],[41.14332,-2.0595],[41.15528,-2.11207],[41.13689,-2.11549]]]]}},{"type":"Feature","id":"KEN-nairobi","properties":{"id":"KEN-nairobi","iso3":"KEN","country_ja":"ケニア","un_region_ja":"東アフリカ","area_ja":"中南部ナイロビ東部の一部","level":"やや高い","source_ids":["PEW2025","IRF-KEN"],"clothing_evidence":"宗教人口・地域分布からの弱い定性推定／着用率未取得","geometry_kind_ja":"位置の目印（面積を持たない）","geometry_method":{"type":"point","coordinates":[36.86,-1.28]},"map_number":36},"geometry":{"type":"Point","coordinates":[36.86,-1.28]}},{"type":"Feature","id":"TZA-zanzibar","properties":{"id":"TZA-zanzibar","iso3":"TZA","country_ja":"タンザニア","un_region_ja":"東アフリカ","area_ja":"東部沖の島々（ザンジバル・ペンバ）","level":"高い","source_ids":["IRF-TZA","PEW2025"],"clothing_evidence":"宗教人口・地域分布からの弱い定性推定／着用率未取得","geometry_kind_ja":"行政区を束ねた概略","geometry_method":{"type":"admin1","names":["Zanzibar South and Central","Kaskazini-Unguja","Zanzibar West","Kusini-Pemba","Kaskazini-Pemba"]},"map_number":37},"geometry":{"type":"MultiPolygon","coordinates":[[[[39.46485,-6.18743],[39.50099,-6.19622],[39.49855,-6.12379],[39.52491,-6.17506],[39.54347,-6.32122],[39.57407,-6.37762],[39.56951,-6.42083],[39.50847,-6.46282],[39.4437,-6.42156],[39.41651,-6.30136],[39.39405,-6.3082],[39.40265,-6.3674],[39.37566,-6.36338],[39.37436,-6.32879],[39.27639,-6.17792],[39.30812,-6.2457],[39.30581,-6.24582],[39.30047,-6.23935],[39.29557,-6.24633],[39.28688,-6.24676],[39.28953,-6.25491],[39.28482,-6.26162],[39.28028,-6.25848],[39.28065,-6.26755],[39.27605,-6.2741],[39.28248,-6.31219],[39.19858,-6.2208],[39.17701,-6.15789],[39.2129,-6.11419],[39.19794,-6.03359],[39.19332,-5.90701],[39.19419,-5.90482],[39.21111,-5.91774],[39.28004,-5.84197],[39.29526,-5.73651],[39.31349,-5.71844],[39.35572,-5.80381],[39.35434,-5.89666],[39.36944,-5.93977],[39.37257,-5.9708],[39.40284,-6.04803],[39.43102,-6.06736],[39.43702,-6.15789],[39.41651,-6.19207],[39.45753,-6.21201],[39.46485,-6.18743]],[[39.27412,-6.03395],[39.34678,-6.02904],[39.19794,-6.03359],[39.27412,-6.03395]]],[[[39.21447,-5.85811],[39.21441,-5.77738],[39.2261,-5.76917],[39.23786,-5.85605],[39.21447,-5.85811]]],[[[39.65981,-5.47597],[39.61533,-5.4638],[39.57546,-5.39455],[39.65218,-5.45094],[39.65981,-5.47597]]],[[[39.73862,-5.43109],[39.70541,-5.44297],[39.64913,-5.41681],[39.65056,-5.33847],[39.69825,-5.34238],[39.66358,-5.28721],[39.71656,-5.28965],[39.72633,-5.28037],[39.69077,-5.25986],[39.76417,-5.26238],[39.78093,-5.23935],[39.73634,-5.24],[39.64991,-5.19085],[39.7461,-5.20517],[39.75091,-5.16387],[39.74283,-5.16551],[39.74252,-5.1618],[39.71827,-5.17051],[39.72047,-5.13633],[39.69077,-5.13746],[39.70069,-5.0792],[39.72543,-5.0805],[39.67726,-5.04437],[39.69825,-5.01336],[39.68393,-5.0202],[39.68116,-4.98724],[39.71209,-4.99285],[39.71599,-4.97682],[39.67726,-4.94508],[39.68409,-4.89031],[39.71209,-4.93141],[39.7352,-4.91033],[39.80592,-4.96087],[39.82154,-4.99383],[39.85597,-4.89723],[39.87818,-4.98773],[39.83562,-5.02646],[39.82814,-5.10215],[39.83863,-5.13746],[39.84848,-5.10898],[39.86118,-5.11452],[39.8559,-5.18232],[39.85597,-5.25303],[39.79607,-5.40683],[39.78093,-5.38323],[39.76401,-5.43231],[39.72901,-5.4542],[39.73862,-5.43109]]]]}},{"type":"Feature","id":"TZA-coast","properties":{"id":"TZA-coast","iso3":"TZA","country_ja":"タンザニア","un_region_ja":"東アフリカ","area_ja":"東部の海岸（ダルエスサラーム周辺）","level":"やや高い","source_ids":["PEW2025","IRF-TZA"],"clothing_evidence":"宗教人口・地域分布からの弱い定性推定／着用率未取得","geometry_kind_ja":"行政区を束ねた概略","geometry_method":{"type":"admin1","names":["Tanga","Pwani","Dar-Es-Salaam","Lindi","Mtwara"]},"map_number":38},"geometry":{"type":"MultiPolygon","coordinates":[[[[39.77689,-10.93437],[39.4985,-10.99065],[39.24516,-11.16926],[39.22925,-11.17145],[39.12622,-11.13968],[39.0608,-11.16014],[38.89626,-11.16769],[38.75973,-11.26319],[38.65421,-11.2758],[38.49226,-11.41346],[38.34766,-11.35879],[38.25661,-11.27714],[38.1669,-11.28375],[38.11543,-11.24954],[38.11129,-11.25081],[38.10933,-11.24965],[38.0924,-11.25304],[38.02427,-11.02015],[37.99296,-10.81701],[37.8217,-10.49848],[37.71752,-10.42686],[37.16231,-10.29286],[36.92057,-10.20124],[36.87117,-10.15948],[36.87726,-9.95386],[36.90269,-9.89914],[37.10557,-9.6791],[37.25781,-9.19784],[37.35951,-9.14234],[37.36664,-9.10327],[37.33708,-9.06033],[37.34566,-8.99795],[37.3192,-8.9331],[37.30556,-8.80923],[37.37842,-8.61544],[37.3686,-8.49943],[37.47413,-8.35427],[37.50172,-8.34032],[37.57283,-8.21547],[37.62843,-8.18746],[37.71701,-8.02798],[37.80124,-7.94339],[37.85529,-7.81771],[37.87172,-7.61969],[37.90149,-7.59302],[38.02893,-7.5629],[38.10045,-7.57561],[38.36038,-7.52192],[38.36575,-7.48554],[38.30271,-7.31909],[38.3271,-7.24478],[38.35542,-7.20809],[38.43231,-7.18101],[38.51561,-7.04298],[38.47799,-6.96846],[38.38611,-6.96578],[38.32493,-6.94092],[38.28596,-6.88537],[38.3209,-6.76703],[38.30374,-6.69189],[38.19966,-6.70502],[38.02324,-6.64073],[37.9911,-6.58549],[38.03947,-6.48534],[38.05704,-6.25192],[38.01301,-6.21776],[38.03399,-6.20634],[37.98428,-6.19404],[37.88723,-6.03787],[37.84888,-5.93054],[37.81024,-5.90122],[37.78542,-5.90941],[37.76145,-5.90217],[37.7478,-5.94274],[37.65499,-5.95292],[37.62792,-5.98015],[37.53893,-5.88532],[37.52725,-5.83939],[37.39082,-5.78936],[37.35754,-5.9308],[37.21502,-6.04397],[37.16851,-6.11095],[37.11921,-6.06935],[37.11187,-6.02723],[37.13255,-5.99782],[37.0758,-5.97354],[37.06072,-5.86791],[37.17957,-5.78709],[37.2112,-5.73567],[37.25171,-5.56473],[37.34359,-5.44639],[37.36602,-5.37998],[37.38927,-5.20552],[37.59174,-4.97825],[37.74956,-5.00863],[37.94686,-4.96223],[38.00092,-4.99701],[38.04908,-4.99887],[37.97146,-4.8056],[37.97993,-4.69124],[38.07502,-4.60731],[38.41618,-4.11998],[39.2151,-4.68865],[39.21607,-4.74912],[39.17018,-4.77996],[39.21599,-4.79567],[39.20783,-4.86556],[39.16228,-4.93865],[39.16334,-4.84832],[39.14568,-4.89984],[39.10865,-4.9166],[39.13217,-5.01019],[39.09815,-5.02337],[39.09007,-5.04337],[39.08448,-5.04778],[39.08277,-5.06146],[39.12916,-5.04754],[39.14275,-5.09588],[39.04363,-5.23219],[39.0442,-5.23399],[39.04037,-5.23935],[39.04501,-5.23657],[39.04819,-5.24668],[39.07455,-5.21884],[39.08058,-5.23113],[39.02638,-5.37851],[38.98129,-5.41741],[38.99879,-5.46526],[38.98536,-5.50498],[38.92164,-5.61631],[38.88893,-5.63714],[38.9026,-5.64332],[38.89519,-5.71054],[38.83253,-5.81561],[38.8213,-5.92498],[38.8003,-5.96309],[38.77906,-6.05486],[38.81324,-6.13063],[38.85701,-6.1685],[38.86004,-6.23162],[38.84116,-6.26776],[38.85222,-6.34873],[38.86238,-6.36296],[38.86476,-6.37363],[38.89835,-6.41332],[38.91505,-6.4367],[38.92325,-6.44273],[38.92888,-6.44939],[38.93607,-6.45217],[38.96469,-6.47324],[39.00476,-6.47875],[39.02605,-6.48699],[39.03003,-6.48223],[39.03688,-6.48317],[39.03201,-6.47985],[39.0359,-6.47519],[38.99138,-6.45208],[39.04086,-6.47015],[39.12916,-6.56194],[39.21274,-6.64178],[39.24586,-6.73105],[39.26393,-6.7444],[39.28004,-6.72715],[39.28028,-6.8305],[39.30047,-6.84938],[39.29371,-6.8152],[39.31202,-6.81634],[39.46453,-6.85768],[39.55051,-6.9956],[39.55021,-7.00776],[39.54005,-7.02809],[39.54754,-7.11826],[39.53256,-7.11688],[39.49789,-7.17718],[39.47787,-7.15106],[39.43588,-7.18027],[39.43557,-7.18115],[39.43474,-7.18174],[39.4144,-7.2409],[39.36744,-7.27142],[39.3698,-7.3069],[39.32781,-7.30926],[39.35434,-7.37078],[39.30397,-7.4485],[39.27475,-7.59645],[39.30201,-7.75408],[39.25261,-7.82334],[39.30502,-7.79176],[39.32781,-7.72633],[39.35524,-7.75254],[39.34083,-7.78167],[39.40574,-7.7911],[39.44353,-7.83261],[39.42091,-7.90203],[39.43702,-7.99391],[39.45753,-7.97967],[39.45436,-8.01043],[39.36183,-8.2068],[39.34083,-8.2068],[39.34832,-8.27508],[39.334,-8.26881],[39.32781,-8.29559],[39.29371,-8.26881],[39.30209,-8.2951],[39.28004,-8.30926],[39.30535,-8.38893],[39.30307,-8.50547],[39.34925,-8.57551],[39.35741,-8.59849],[39.35434,-8.71396],[39.43914,-8.75547],[39.45265,-8.80535],[39.48854,-8.82692],[39.55372,-8.9223],[39.52068,-8.92303],[39.44939,-8.85866],[39.4131,-8.86736],[39.38868,-8.89886],[39.4642,-8.89886],[39.4476,-8.92555],[39.49187,-8.93841],[39.49855,-9.1242],[39.56918,-9.09303],[39.64381,-9.18906],[39.64283,-9.36858],[39.61598,-9.39715],[39.5691,-9.40496],[39.56739,-9.44752],[39.6159,-9.4249],[39.65073,-9.44476],[39.7409,-9.66676],[39.74659,-9.70648],[39.69695,-9.74489],[39.75229,-9.74863],[39.80063,-9.82383],[39.80006,-9.87265],[39.75229,-9.879],[39.79021,-9.92303],[39.7142,-9.95208],[39.72438,-10.0075],[39.69077,-10.04339],[39.71648,-10.03875],[39.76319,-9.98284],[39.82691,-9.99033],[39.91432,-10.03387],[39.97495,-10.1334],[39.9764,-10.17829],[39.98512,-10.22096],[40.0005,-10.19264],[39.98878,-10.13128],[40.13266,-10.16969],[40.13551,-10.24765],[40.12062,-10.27117],[40.16041,-10.28045],[40.17384,-10.25514],[40.23211,-10.29664],[40.23894,-10.26873],[40.26686,-10.26873],[40.19801,-10.24212],[40.23211,-10.20045],[40.30104,-10.26873],[40.34881,-10.35809],[40.42213,-10.35565],[40.42677,-10.33587],[40.39259,-10.31211],[40.42701,-10.30006],[40.44939,-10.34539],[40.4109,-10.39227],[40.43686,-10.39227],[40.42457,-10.43719],[40.43686,-10.47479],[40.38919,-10.53527],[40.28853,-10.58302],[40.27068,-10.60001],[40.2507,-10.61093],[40.16109,-10.70436],[39.82515,-10.90864],[39.77689,-10.93437]],[[39.39721,-10.33565],[39.39384,-10.33759],[39.40005,-10.33699],[39.39721,-10.33565]],[[39.65725,-10.47181],[39.67125,-10.48362],[39.66072,-10.45555],[39.65725,-10.47181]],[[39.6804,-10.36345],[39.66921,-10.41582],[39.70603,-10.33007],[39.6804,-10.36345]]],[[[39.79674,-7.99245],[39.80149,-8.00659],[39.7028,-8.09139],[39.7028,-8.049],[39.74204,-7.99482],[39.79674,-7.99245]]],[[[39.68678,-7.98886],[39.62973,-7.98577],[39.58717,-7.94549],[39.62192,-7.93922],[39.69304,-7.87029],[39.70387,-7.81943],[39.8143,-7.78851],[39.77345,-7.77549],[39.8449,-7.73773],[39.89568,-7.63763],[39.91098,-7.65447],[39.8934,-7.75408],[39.82325,-7.91399],[39.75465,-7.9153],[39.72633,-7.9734],[39.68678,-7.98886]]]]}},{"type":"Feature","id":"MOZ-north","properties":{"id":"MOZ-north","iso3":"MOZ","country_ja":"モザンビーク","un_region_ja":"東アフリカ","area_ja":"北部（タンザニア国境・北東海岸）","level":"やや高い","source_ids":["PEW2025","IRF-MOZ"],"clothing_evidence":"宗教人口・地域分布からの弱い定性推定／着用率未取得","geometry_kind_ja":"行政区を束ねた概略","geometry_method":{"type":"admin1","names":["Cabo Delgado","Niassa","Nampula"]},"map_number":39},"geometry":{"type":"MultiPolygon","coordinates":[[[[39.83246,-16.39052],[39.82134,-16.31741],[39.90954,-16.27583],[39.94358,-16.27927],[39.94637,-16.30219],[39.9033,-16.40981],[39.87848,-16.41689],[39.83246,-16.39052]]],[[[40.59522,-14.08538],[40.61948,-14.12721],[40.53858,-14.16448],[40.56007,-14.20184],[40.55421,-14.23008],[40.58393,-14.20907],[40.59037,-14.21232],[40.59432,-14.22288],[40.59243,-14.24981],[40.5809,-14.25726],[40.59169,-14.26027],[40.59148,-14.26328],[40.59591,-14.26145],[40.6019,-14.26312],[40.62257,-14.25042],[40.62232,-14.22129],[40.6963,-14.18255],[40.7461,-14.27093],[40.73243,-14.33994],[40.68458,-14.36712],[40.63624,-14.33994],[40.65659,-14.44915],[40.62965,-14.44988],[40.64308,-14.47015],[40.62257,-14.49066],[40.63624,-14.50433],[40.6294,-14.56634],[40.70053,-14.43206],[40.76556,-14.40457],[40.78408,-14.40775],[40.81189,-14.42439],[40.84254,-14.46445],[40.83204,-14.49407],[40.76002,-14.52614],[40.76886,-14.53041],[40.761,-14.53493],[40.77415,-14.53297],[40.78696,-14.53916],[40.80036,-14.52905],[40.82304,-14.52566],[40.82741,-14.53101],[40.81137,-14.61297],[40.8429,-14.69221],[40.8401,-14.79827],[40.78761,-14.82195],[40.71539,-14.88995],[40.67408,-14.90154],[40.64308,-14.85377],[40.67091,-14.92205],[40.7461,-14.92205],[40.77394,-14.99774],[40.67091,-14.97666],[40.66196,-14.99489],[40.71193,-15.07293],[40.62224,-15.09808],[40.60206,-15.12811],[40.54721,-15.11696],[40.54097,-15.12154],[40.53321,-15.1207],[40.53032,-15.12934],[40.52801,-15.13104],[40.51271,-15.18206],[40.5809,-15.20322],[40.60332,-15.17051],[40.62481,-15.16659],[40.66041,-15.17897],[40.68165,-15.23301],[40.65659,-15.27158],[40.66684,-15.29925],[40.58839,-15.40862],[40.57433,-15.49811],[40.53338,-15.53094],[40.49903,-15.52532],[40.49594,-15.55153],[40.42579,-15.615],[40.36362,-15.71478],[40.12224,-15.93963],[40.10971,-15.97226],[40.06495,-15.98919],[40.07203,-16.00953],[40.12908,-15.96356],[40.13478,-15.9865],[40.10475,-16.06406],[39.99236,-16.22243],[39.87526,-16.24481],[39.78338,-16.30194],[39.80795,-16.38893],[39.85597,-16.42978],[39.79379,-16.4638],[39.78639,-16.43646],[39.7461,-16.44329],[39.76596,-16.4638],[39.72901,-16.47918],[39.68171,-16.5417],[39.20436,-16.81699],[39.14747,-16.87664],[39.12916,-16.86785],[39.12823,-16.87066],[39.12767,-16.87049],[39.12782,-16.82393],[39.04059,-16.67206],[38.9821,-16.62565],[38.98427,-16.56281],[39.04183,-16.5362],[39.04835,-16.50897],[39.03253,-16.43331],[38.92096,-16.20862],[38.93554,-16.10398],[38.86634,-15.98269],[38.86727,-15.94182],[38.81094,-15.82937],[38.77932,-15.77826],[38.6955,-15.71837],[38.68186,-15.68447],[38.55757,-15.63626],[38.53008,-15.58127],[38.4429,-15.54101],[38.37273,-15.47141],[38.20969,-15.44464],[38.14571,-15.37699],[38.13858,-15.34666],[37.99802,-15.27798],[37.95673,-15.23432],[37.88955,-15.23514],[37.84129,-15.18765],[37.68688,-15.24227],[37.51216,-15.13179],[37.44979,-15.19489],[37.38493,-15.21886],[37.31682,-15.16517],[37.2729,-15.06631],[37.21487,-15.01149],[36.71474,-15.0041],[36.71195,-15.06089],[36.63619,-15.16564],[36.53537,-15.25524],[36.41879,-15.30434],[36.37151,-15.30584],[36.31657,-15.39462],[36.31595,-15.4481],[36.2866,-15.49203],[36.1971,-15.45559],[35.83762,-15.45828],[35.83712,-15.45562],[35.84053,-15.4172],[35.7842,-15.17184],[35.9043,-14.88689],[35.86327,-14.87666],[35.84725,-14.65042],[35.52282,-14.26275],[35.45575,-14.13697],[35.08409,-13.70423],[34.86312,-13.51581],[34.6406,-13.49235],[34.54531,-13.32575],[34.54934,-13.15909],[34.49446,-12.68739],[34.35401,-12.19946],[34.38005,-12.10386],[34.56381,-11.8309],[34.60443,-11.73262],[34.60628,-11.70944],[34.61198,-11.69313],[34.61033,-11.65856],[34.61605,-11.58686],[34.63402,-11.57827],[35.4235,-11.57655],[35.44118,-11.59144],[35.49874,-11.58234],[35.53151,-11.61273],[35.53274,-11.59557],[35.57626,-11.60518],[35.66483,-11.57201],[35.70338,-11.51651],[35.69563,-11.49459],[35.76426,-11.47485],[35.82637,-11.41346],[35.93975,-11.43413],[35.97034,-11.46121],[35.96983,-11.50245],[36.02222,-11.50565],[36.16806,-11.57872],[36.17922,-11.67557],[36.19968,-11.70151],[36.27875,-11.70885],[36.37807,-11.68094],[36.49486,-11.68094],[36.54571,-11.72941],[36.6257,-11.72135],[36.73805,-11.67474],[36.82011,-11.57356],[36.90589,-11.59278],[37.0324,-11.56487],[37.07157,-11.62916],[37.14164,-11.67474],[37.27021,-11.69841],[37.3408,-11.68094],[37.37832,-11.70885],[37.45067,-11.72259],[37.4609,-11.71847],[37.46968,-11.71949],[37.47438,-11.71304],[37.48477,-11.70885],[37.50379,-11.67267],[37.64776,-11.63598],[37.81695,-11.53356],[37.8185,-11.45987],[37.87287,-11.32498],[37.93808,-11.28396],[38.1107,-11.25046],[38.1669,-11.28375],[38.25661,-11.27714],[38.34766,-11.35879],[38.49226,-11.41346],[38.44957,-11.47392],[38.49851,-11.40815],[38.65421,-11.2758],[38.75973,-11.26319],[38.89626,-11.16769],[39.0608,-11.16014],[39.12622,-11.13968],[39.23815,-11.1742],[39.4985,-10.99065],[39.7605,-10.9431],[39.77689,-10.93437],[39.78582,-10.93256],[39.82515,-10.90864],[40.00813,-10.81112],[40.16109,-10.70436],[40.27068,-10.60001],[40.38919,-10.53527],[40.43686,-10.47479],[40.46941,-10.47259],[40.46485,-10.49586],[40.48374,-10.50009],[40.51051,-10.47772],[40.52446,-10.49825],[40.51643,-10.52887],[40.49903,-10.55047],[40.5066,-10.56634],[40.56105,-10.58465],[40.57781,-10.64983],[40.65496,-10.68694],[40.56983,-10.69671],[40.48536,-10.76214],[40.4922,-10.79697],[40.51271,-10.76963],[40.62029,-10.84092],[40.52857,-10.90195],[40.4961,-10.95574],[40.50652,-11.03721],[40.54054,-11.00311],[40.56609,-11.01393],[40.55201,-11.07431],[40.49903,-11.13958],[40.50652,-11.18743],[40.42758,-11.25286],[40.39723,-11.31081],[40.34881,-11.31707],[40.3755,-11.35866],[40.38299,-11.33815],[40.43686,-11.39218],[40.46583,-11.38519],[40.45802,-11.48903],[40.42335,-11.56316],[40.45802,-11.60508],[40.42758,-11.65008],[40.47071,-11.75123],[40.4795,-11.82342],[40.52019,-11.83904],[40.48618,-11.8952],[40.53688,-11.99684],[40.49903,-12.12656],[40.52491,-12.20452],[40.50587,-12.24261],[40.45362,-12.24261],[40.45118,-12.2636],[40.47584,-12.25807],[40.51368,-12.30055],[40.50953,-12.3803],[40.56105,-12.38714],[40.52117,-12.41758],[40.4782,-12.50107],[40.56202,-12.53004],[40.56479,-12.61305],[40.61964,-12.64512],[40.60271,-12.65895],[40.58562,-12.63983],[40.56804,-12.64959],[40.57814,-12.70631],[40.6089,-12.70184],[40.64379,-12.76114],[40.63732,-12.77364],[40.61551,-12.79051],[40.56788,-12.77752],[40.57472,-12.80486],[40.53199,-12.81146],[40.55445,-12.84686],[40.52443,-12.90936],[40.48406,-12.88128],[40.4109,-12.94207],[40.41774,-12.97186],[40.48341,-13.02191],[40.51238,-12.99896],[40.50017,-12.94801],[40.5892,-12.95794],[40.56105,-13.09905],[40.56788,-13.24334],[40.52703,-13.29827],[40.52963,-13.31024],[40.56788,-13.28476],[40.56788,-13.36663],[40.58839,-13.36045],[40.57309,-13.39789],[40.54672,-13.43182],[40.54121,-13.4759],[40.53075,-13.50149],[40.51878,-13.51039],[40.52703,-13.51059],[40.59522,-13.5652],[40.5394,-13.63641],[40.65056,-14.03191],[40.63429,-14.07073],[40.59522,-14.08538]],[[37.97696,-13.07319],[38.00453,-13.02401],[37.9741,-13.07192],[37.97696,-13.07319]],[[38.13069,-13.14042],[38.10609,-13.13044],[38.12944,-13.1408],[38.13069,-13.14042]],[[38.20623,-13.11238],[38.15265,-13.13367],[38.20722,-13.11692],[38.20623,-13.11238]],[[38.21475,-13.15134],[38.20888,-13.1245],[38.19642,-13.19417],[38.21475,-13.15134]],[[38.14556,-13.31304],[38.1468,-13.31015],[38.14446,-13.31404],[38.14556,-13.31304]],[[38.04731,-13.40246],[38.0948,-13.35924],[38.04722,-13.40115],[38.04731,-13.40246]],[[34.75545,-12.03148],[34.75419,-12.02014],[34.74202,-12.0143],[34.73827,-12.0095],[34.72731,-12.00724],[34.71564,-12.00164],[34.7082,-12.0033],[34.69414,-12.0004],[34.69071,-12.0072],[34.68091,-12.00939],[34.6559,-12.07626],[34.66903,-12.11781],[34.68897,-12.12453],[34.73248,-12.10903],[34.75925,-12.06562],[34.75764,-12.05114],[34.76235,-12.0403],[34.75545,-12.03148]],[[34.59844,-11.97053],[34.56257,-11.97798],[34.56231,-11.97845],[34.56164,-11.9786],[34.54407,-12.01136],[34.61115,-12.07254],[34.64122,-12.01787],[34.62748,-11.98728],[34.59844,-11.97053]]]]}},{"type":"Feature","id":"MWI-south","properties":{"id":"MWI-south","iso3":"MWI","country_ja":"マラウイ","un_region_ja":"東アフリカ","area_ja":"南部（マラウイ湖の南端周辺）","level":"やや高い","source_ids":["PEW2025","IRF-MWI"],"clothing_evidence":"宗教人口・地域分布からの弱い定性推定／着用率未取得","geometry_kind_ja":"緯度経度で囲った概略","geometry_method":{"type":"bbox","bounds":[34.6,-15.6,35.8,-13.5]},"map_number":40},"geometry":{"type":"Polygon","coordinates":[[[34.6,-13.5],[34.71316,-13.5],[34.86312,-13.51581],[35.08409,-13.70423],[35.45575,-14.13697],[35.52282,-14.26275],[35.8,-14.59396],[35.8,-15.13435],[35.7842,-15.17184],[35.8,-15.24066],[35.8,-15.6],[34.6,-15.6],[34.6,-13.5]]]}},{"type":"Feature","id":"UGA-kampala","properties":{"id":"UGA-kampala","iso3":"UGA","country_ja":"ウガンダ","un_region_ja":"東アフリカ","area_ja":"南部カンパラの一部","level":"やや高い","source_ids":["PEW2025","IRF-UGA"],"clothing_evidence":"宗教人口・地域分布からの弱い定性推定／着用率未取得","geometry_kind_ja":"位置の目印（面積を持たない）","geometry_method":{"type":"point","coordinates":[32.58,0.32]},"map_number":41},"geometry":{"type":"Point","coordinates":[32.58,0.32]}},{"type":"Feature","id":"COM-all","properties":{"id":"COM-all","iso3":"COM","country_ja":"コモロ","un_region_ja":"東アフリカ","area_ja":"全域（住民の生活圏）","level":"やや高い","source_ids":["PEW2025"],"clothing_evidence":"宗教人口・地域分布からの弱い定性推定／着用率未取得","geometry_kind_ja":"国・地域全体","geometry_method":{"type":"country"},"map_number":42},"geometry":{"type":"MultiPolygon","coordinates":[[[[43.66521,-12.35247],[43.65895,-12.31829],[43.63396,-12.30104],[43.63575,-12.23691],[43.72722,-12.2636],[43.85011,-12.34612],[43.85816,-12.37135],[43.66521,-12.35247]]],[[[44.20639,-12.16058],[44.32309,-12.18792],[44.37355,-12.18035],[44.41529,-12.11932],[44.41179,-12.08554],[44.46705,-12.06439],[44.52906,-12.23284],[44.52849,-12.35475],[44.51149,-12.3803],[44.38526,-12.25172],[44.20639,-12.16058]]],[[[43.36997,-11.86061],[43.27101,-11.82822],[43.21778,-11.75026],[43.21599,-11.716],[43.24415,-11.67295],[43.24684,-11.44061],[43.27654,-11.37957],[43.35572,-11.36126],[43.39487,-11.40016],[43.37713,-11.60508],[43.4983,-11.88201],[43.47999,-11.92278],[43.43767,-11.93157],[43.36997,-11.86061]]]]}},{"type":"Feature","id":"MYT-island","properties":{"id":"MYT-island","iso3":"MYT","country_ja":"マヨット（フランス）","un_region_ja":"東アフリカ","area_ja":"マヨット島（アフリカ東岸沖）","level":"やや高い","source_ids":["PEW2025"],"clothing_evidence":"宗教人口・地域分布からの弱い定性推定／着用率未取得","geometry_kind_ja":"緯度経度で囲った概略","geometry_method":{"type":"bbox","bounds":[45.0,-13.1,45.4,-12.55]},"map_number":43},"geometry":{"type":"MultiPolygon","coordinates":[[[[45.07032,-12.95501],[45.09018,-12.924],[45.06251,-12.89853],[45.084,-12.88738],[45.12477,-12.92148],[45.13649,-12.9039],[45.084,-12.83904],[45.1045,-12.83278],[45.08717,-12.7597],[45.04949,-12.73431],[45.04249,-12.69842],[45.09083,-12.64723],[45.084,-12.66766],[45.13868,-12.71494],[45.20069,-12.72291],[45.22495,-12.75953],[45.18816,-12.81707],[45.21314,-12.85182],[45.16822,-12.94427],[45.18637,-12.96884],[45.16586,-12.98919],[45.09718,-12.98235],[45.09449,-12.95819],[45.07032,-12.95501]]],[[[45.28256,-12.74342],[45.28256,-12.80486],[45.27573,-12.80486],[45.26222,-12.76336],[45.28256,-12.74342]]]]}},{"type":"Feature","id":"MUS-port-louis","properties":{"id":"MUS-port-louis","iso3":"MUS","country_ja":"モーリシャス","un_region_ja":"東アフリカ","area_ja":"北西部ポートルイスの一部","level":"やや高い","source_ids":["PEW2025"],"clothing_evidence":"宗教人口・地域分布からの弱い定性推定／着用率未取得","geometry_kind_ja":"位置の目印（面積を持たない）","geometry_method":{"type":"point","coordinates":[57.5,-20.16]},"map_number":44},"geometry":{"type":"Point","coordinates":[57.5,-20.16]}},{"type":"Feature","id":"MDG-mahajanga","properties":{"id":"MDG-mahajanga","iso3":"MDG","country_ja":"マダガスカル","un_region_ja":"東アフリカ","area_ja":"北西部マハジャンガの一部","level":"やや高い","source_ids":["PEW2025","IRF-MDG"],"clothing_evidence":"宗教人口・地域分布からの弱い定性推定／着用率未取得","geometry_kind_ja":"位置の目印（面積を持たない）","geometry_method":{"type":"point","coordinates":[46.32,-15.72]},"map_number":45},"geometry":{"type":"Point","coordinates":[46.32,-15.72]}},{"type":"Feature","id":"ZAF-cape-town","properties":{"id":"ZAF-cape-town","iso3":"ZAF","country_ja":"南アフリカ共和国","un_region_ja":"南部アフリカ","area_ja":"南西端ケープタウンのボーカープ周辺","level":"やや高い","source_ids":["ZAF2022","PEW2025"],"clothing_evidence":"宗教人口・地域分布からの弱い定性推定／着用率未取得","geometry_kind_ja":"位置の目印（面積を持たない）","geometry_method":{"type":"point","coordinates":[18.41,-33.92]},"map_number":46},"geometry":{"type":"Point","coordinates":[18.41,-33.92]}},{"type":"Feature","id":"ZAF-durban","properties":{"id":"ZAF-durban","iso3":"ZAF","country_ja":"南アフリカ共和国","un_region_ja":"南部アフリカ","area_ja":"東岸ダーバンの一部","level":"やや高い","source_ids":["PEW2025","IRF-ZAF"],"clothing_evidence":"宗教人口・地域分布からの弱い定性推定／着用率未取得","geometry_kind_ja":"位置の目印（面積を持たない）","geometry_method":{"type":"point","coordinates":[31.02,-29.86]},"map_number":47},"geometry":{"type":"Point","coordinates":[31.02,-29.86]}},{"type":"Feature","id":"ZAF-johannesburg","properties":{"id":"ZAF-johannesburg","iso3":"ZAF","country_ja":"南アフリカ共和国","un_region_ja":"南部アフリカ","area_ja":"北東部ヨハネスブルクの一部","level":"やや高い","source_ids":["PEW2025","IRF-ZAF"],"clothing_evidence":"宗教人口・地域分布からの弱い定性推定／着用率未取得","geometry_kind_ja":"位置の目印（面積を持たない）","geometry_method":{"type":"point","coordinates":[28.0,-26.21]},"map_number":48},"geometry":{"type":"Point","coordinates":[28.0,-26.21]}},{"type":"Feature","id":"IRN-all","properties":{"id":"IRN-all","iso3":"IRN","country_ja":"イラン","un_region_ja":"南アジア","area_ja":"全域（住民の生活圏）","level":"高い","source_ids":["PEW2025","FCDO-IRN"],"clothing_evidence":"服装の質的資料あり／地域の率は未取得","geometry_kind_ja":"国・地域全体","geometry_method":{"type":"country"},"map_number":49},"geometry":{"type":"MultiPolygon","coordinates":[[[[54.50685,26.32123],[54.54737,26.29043],[54.52101,26.25096],[54.4922,26.26557],[54.48813,26.29804],[54.50685,26.32123]]],[[[54.03688,26.48843],[53.95541,26.49258],[53.90284,26.5362],[53.94549,26.56509],[54.01881,26.55557],[54.05047,26.51777],[54.03688,26.48843]]],[[[53.64625,26.65717],[53.60125,26.67959],[53.63941,26.68879],[53.65919,26.66885],[53.64625,26.65717]]],[[[53.22283,26.79955],[53.14943,26.84789],[53.33741,26.82868],[53.38201,26.80313],[53.22283,26.79955]]],[[[50.32643,29.20893],[50.30663,29.21545],[50.28327,29.26894],[50.33465,29.25866],[50.32643,29.20893]]],[[[45.08798,39.35073],[45.13583,39.27848],[45.15273,39.21352],[45.31112,39.20053],[45.31112,39.17629],[45.34822,39.16392],[45.34527,39.13844],[45.39638,39.07333],[45.43452,39.05279],[45.4386,39.00424],[45.53084,38.96928],[45.71688,38.95478],[46.12605,38.86267],[46.37823,38.92471],[46.51404,38.88218],[46.55373,38.88982],[46.5992,38.91969],[46.65217,38.99294],[46.74483,39.04025],[46.86616,39.16536],[46.95375,39.16066],[47.02047,39.18996],[47.10222,39.3084],[47.29136,39.37961],[47.4069,39.47682],[47.54116,39.51516],[47.82311,39.68032],[47.92294,39.68414],[47.97142,39.70455],[48.28861,39.44503],[48.33894,39.37894],[48.15353,39.31905],[48.10619,39.26918],[48.10433,39.23484],[48.14216,39.1812],[48.2713,39.10831],[48.3068,39.0454],[48.29367,39.0046],[48.24318,38.97387],[48.05854,38.94837],[47.99074,38.89122],[47.99312,38.85008],[48.07797,38.78094],[48.22298,38.72146],[48.22804,38.66219],[48.31031,38.60015],[48.41527,38.61811],[48.43371,38.56997],[48.60786,38.39598],[48.68321,38.39802],[48.77772,38.44481],[48.87428,38.43407],[48.87485,38.24274],[48.94907,37.96686],[48.94451,37.90339],[48.98748,37.84248],[49.0145,37.73916],[49.1325,37.62336],[49.44174,37.49486],[49.82618,37.45356],[49.93377,37.47443],[49.96949,37.4597],[49.93531,37.45356],[50.19565,37.38935],[50.22731,37.36542],[50.24513,37.27928],[50.32228,37.15327],[50.47885,37.03498],[51.00473,36.76765],[51.08863,36.73701],[51.90903,36.58271],[52.09409,36.60252],[52.25856,36.65095],[53.4476,36.8819],[53.88592,36.90583],[53.95777,36.91962],[54.00652,36.95262],[54.00424,36.91462],[53.9476,36.89875],[53.81821,36.87523],[53.60914,36.8769],[53.66383,36.86323],[53.636,36.857],[53.70102,36.8166],[53.88917,36.79361],[54.01433,36.82111],[54.03305,36.84577],[54.03354,36.94912],[53.99439,36.97915],[54.02003,37.02774],[53.92775,37.2438],[53.91375,37.34276],[54.20644,37.3246],[54.26152,37.35483],[54.36415,37.36268],[54.53334,37.44082],[54.65396,37.4389],[54.78831,37.52464],[54.8094,37.60334],[54.78728,37.65186],[54.82666,37.73527],[55.0068,37.84309],[55.13031,37.95231],[55.21971,37.96998],[55.4474,38.08367],[55.70867,38.11866],[55.96302,38.06652],[56.12146,38.08646],[56.21407,38.06884],[56.29975,38.08024],[56.32899,38.12377],[56.30336,38.17943],[56.43648,38.25508],[56.52816,38.25741],[56.58521,38.23457],[56.72938,38.27105],[56.81238,38.22896],[57.03841,38.18728],[57.17494,38.27756],[57.21835,38.26508],[57.34433,38.08106],[57.32707,37.99412],[57.3524,37.96753],[57.49626,37.92231],[57.69119,37.92027],[57.76302,37.89939],[57.80002,37.86764],[57.88415,37.86534],[58.04093,37.8057],[58.15669,37.78819],[58.18118,37.77485],[58.20681,37.67874],[58.35781,37.63331],[58.47966,37.64411],[58.52979,37.70039],[58.68172,37.64272],[58.7798,37.65964],[58.80109,37.69465],[59.03457,37.62453],[59.21171,37.51632],[59.31228,37.53035],[59.3563,37.48063],[59.34835,37.40929],[59.37036,37.31943],[59.46937,37.2407],[59.46172,37.2076],[59.5012,37.19021],[59.55598,37.19778],[59.60497,37.12389],[59.65324,37.14967],[59.79721,37.11221],[59.89953,37.05056],[60.01921,37.0258],[60.13259,36.87341],[60.23852,36.76975],[60.30922,36.65198],[60.34229,36.63714],[61.16581,36.63632],[61.18761,36.56511],[61.14669,36.35726],[61.15351,36.31494],[61.18544,36.28399],[61.22472,36.12369],[61.19816,36.0608],[61.17397,36.04803],[61.17397,36.00648],[61.12984,35.97052],[61.18834,35.95357],[61.24105,35.89388],[61.25634,35.7695],[61.23174,35.67188],[61.27701,35.6092],[61.29004,35.54806],[61.19506,35.39009],[61.1871,35.30038],[61.10834,35.27795],[61.11237,35.20204],[61.09635,35.1932],[61.14731,35.1021],[61.11589,35.05988],[61.07475,34.93311],[61.06545,34.81472],[61.03475,34.80625],[60.95993,34.72321],[60.94752,34.63799],[60.89543,34.62833],[60.83849,34.57091],[60.73927,34.54802],[60.69969,34.5164],[60.77937,34.45508],[60.89047,34.31891],[60.64367,34.30664],[60.65059,34.28535],[60.55241,34.22006],[60.49277,34.13903],[60.52802,33.84145],[60.48688,33.71138],[60.51179,33.63839],[60.57483,33.5878],[60.65555,33.55989],[60.84603,33.55578],[60.92086,33.51411],[60.83218,33.4845],[60.82908,33.41628],[60.75705,33.36634],[60.5676,33.15129],[60.56295,33.05827],[60.83032,32.24889],[60.81482,32.08786],[60.77493,32.02719],[60.7926,32.01128],[60.80531,31.73398],[60.7926,31.66008],[60.82174,31.49467],[61.68691,31.37318],[61.74231,31.32088],[61.74272,31.23954],[61.78768,31.15862],[61.82644,31.01496],[61.80019,30.96142],[61.80225,30.84706],[60.84438,29.85818],[61.27918,29.40663],[61.33737,29.37438],[61.33282,29.27491],[61.38698,29.20664],[61.39794,29.15907],[61.48775,29.08066],[61.46801,29.04174],[61.5109,29.00738],[61.5665,28.87098],[61.65301,28.75633],[61.89279,28.5426],[62.04911,28.48632],[62.36279,28.41889],[62.46428,28.34982],[62.49229,28.3007],[62.57564,28.22903],[62.7393,28.25833],[62.76152,28.24644],[62.73568,27.99498],[62.78028,27.82972],[62.8147,27.49496],[62.75605,27.3481],[62.77878,27.29983],[62.74235,27.26681],[62.80064,27.22516],[62.82932,27.23364],[62.89242,27.21348],[63.1771,27.25844],[63.27126,27.20341],[63.31963,27.11731],[63.26092,27.11561],[63.23136,27.06584],[63.23498,26.94115],[63.26485,26.89004],[63.24666,26.85955],[63.18227,26.83025],[63.16377,26.64509],[63.14134,26.6254],[62.75356,26.64416],[62.70194,26.60401],[62.4185,26.56231],[62.29199,26.50123],[62.29788,26.47404],[62.249,26.41653],[62.26512,26.36098],[62.24341,26.35064],[62.12383,26.374],[62.09417,26.31483],[61.83295,26.22538],[61.7545,25.81997],[61.68143,25.79548],[61.66035,25.76918],[61.67637,25.6928],[61.64319,25.61332],[61.62004,25.28549],[61.58823,25.20209],[61.55445,25.2541],[61.53728,25.22036],[61.55836,25.20051],[61.50424,25.20881],[61.4826,25.19367],[61.52418,25.17316],[61.48951,25.1186],[61.42058,25.09687],[61.43507,25.08771],[61.41172,25.05941],[61.18507,25.12325],[61.17027,25.16444],[61.03061,25.20978],[60.63347,25.27497],[60.61695,25.28319],[60.63233,25.29609],[60.60816,25.32758],[60.60157,25.40595],[60.54965,25.44693],[60.44565,25.42817],[60.39527,25.37787],[60.40203,25.34467],[60.43767,25.33393],[60.46725,25.29028],[60.31922,25.32985],[60.29029,25.3513],[60.30397,25.37116],[60.2894,25.37718],[60.20151,25.37116],[60.20921,25.31969],[60.11671,25.33983],[60.08204,25.36595],[59.94082,25.35491],[59.90381,25.32986],[59.77487,25.38987],[59.614,25.38378],[59.53799,25.39975],[59.4539,25.46161],[59.19532,25.42292],[59.1172,25.39419],[59.04396,25.3996],[58.99431,25.41962],[58.92351,25.51337],[58.84034,25.5329],[58.82521,25.56037],[58.5464,25.59365],[58.43051,25.58796],[58.41179,25.59602],[58.41896,25.61201],[58.17042,25.54409],[58.07309,25.56362],[58.04624,25.57494],[57.96323,25.69318],[57.88404,25.69164],[57.77174,25.63556],[57.78305,25.69977],[57.75563,25.74274],[57.52068,25.74356],[57.45997,25.76903],[57.31153,25.78412],[57.25359,25.95897],[57.19858,25.99502],[57.16676,26.08299],[57.17091,26.11563],[57.2129,26.16625],[57.13307,26.26374],[57.11818,26.36433],[57.08033,26.41535],[57.09002,26.6188],[57.02491,26.85098],[56.92555,26.95515],[56.97332,26.96882],[56.97332,27.003],[56.93238,26.98933],[56.89088,27.01703],[56.86549,27.01187],[56.84409,27.04023],[56.88461,27.07807],[56.83139,27.09614],[56.80885,27.13955],[56.75733,27.12523],[56.71607,27.15314],[56.58286,27.15314],[56.35304,27.20161],[56.12371,27.16063],[55.9393,27.02668],[55.66586,26.99543],[55.55445,26.89989],[55.58237,26.91356],[55.58041,26.85912],[55.52174,26.78457],[55.44223,26.75991],[55.27084,26.79255],[55.23292,26.77643],[55.2059,26.72639],[55.10328,26.70132],[54.93068,26.57266],[54.79103,26.49584],[54.61997,26.50825],[54.56129,26.58466],[54.38941,26.60513],[54.30812,26.71499],[54.1504,26.7082],[54.0158,26.74946],[53.84278,26.70209],[53.71607,26.70856],[53.49155,26.85431],[53.4441,26.97565],[53.02866,27.10407],[52.9922,27.14696],[52.93263,27.16035],[52.91472,27.19196],[52.84832,27.21528],[52.73219,27.30134],[52.60133,27.35293],[52.57911,27.39277],[52.60524,27.41205],[52.66651,27.41535],[52.6701,27.44863],[52.5984,27.48583],[52.56764,27.54072],[52.45965,27.63264],[52.24488,27.68138],[52.01124,27.83271],[51.85963,27.84589],[51.68344,27.83058],[51.58513,27.84931],[51.57032,27.87763],[51.49642,27.89304],[51.42816,27.96115],[51.42041,27.9332],[51.39988,27.93171],[51.34522,28.05267],[51.26976,28.14045],[51.28533,28.24091],[51.14186,28.40078],[51.08074,28.53392],[51.05885,28.73591],[50.97869,28.81664],[50.87615,28.83202],[50.80486,28.93358],[50.80258,28.98583],[50.82325,28.99665],[50.88868,28.94139],[50.89926,28.94945],[50.92994,29.05463],[50.9017,29.06489],[50.87436,29.11327],[50.85084,29.10545],[50.84034,29.14061],[50.6937,29.12344],[50.64381,29.14346],[50.63575,29.20771],[50.66749,29.25727],[50.68263,29.24307],[50.68946,29.29084],[50.66147,29.31879],[50.65528,29.44912],[50.60743,29.4995],[50.60694,29.46963],[50.45607,29.6341],[50.39698,29.65473],[50.24383,29.86685],[50.14487,29.93806],[50.13396,29.98355],[50.15333,29.99103],[50.13396,30.00406],[50.14479,30.03791],[50.1277,30.12067],[50.07342,30.19575],[49.98829,30.21992],[49.91456,30.20393],[49.60076,30.0301],[49.53224,30.02294],[49.50408,30.05866],[49.50123,30.12006],[49.47983,30.15607],[49.34995,30.17528],[49.24513,30.15648],[49.23707,30.20637],[49.21599,30.22378],[49.2212,30.26455],[49.20916,30.27147],[49.19288,30.23774],[49.16139,30.22378],[49.01734,30.29828],[48.9795,30.36176],[48.92115,30.38076],[48.94858,30.40107],[49.06202,30.40811],[49.17644,30.37275],[49.20289,30.34662],[49.26385,30.44965],[49.22828,30.45441],[49.21119,30.50633],[49.16822,30.477],[49.16676,30.50877],[49.13404,30.49746],[49.11012,30.51797],[48.98146,30.51561],[48.94565,30.47972],[49.0044,30.46402],[49.03728,30.43252],[49.01734,30.41494],[48.93482,30.41865],[48.86232,30.34561],[48.86704,30.29474],[48.92115,30.25043],[48.93605,30.21011],[48.93482,30.07974],[48.91529,30.04218],[48.87672,30.02448],[48.79135,30.02448],[48.64332,30.05541],[48.6587,29.98363],[48.61085,29.95702],[48.53102,29.96133],[48.46431,29.98913],[48.38307,30.13842],[48.41062,30.19154],[48.39702,30.221],[48.29636,30.31975],[48.20009,30.32394],[48.14092,30.44192],[48.01359,30.46388],[48.01224,30.98907],[47.67294,30.9947],[47.67893,31.40785],[47.83132,31.76184],[47.83447,31.80571],[47.76528,31.8641],[47.66808,32.01241],[47.6178,32.04187],[47.57806,32.10616],[47.49134,32.14863],[47.50922,32.2138],[47.40246,32.32351],[47.41083,32.39529],[47.34334,32.45869],[47.26531,32.48468],[47.15255,32.45518],[47.09059,32.47456],[46.71589,32.75601],[46.47931,32.89179],[46.27343,32.95949],[46.09701,32.95432],[46.07572,32.9945],[46.11949,33.03101],[46.12042,33.06168],[46.04327,33.08346],[46.0303,33.10568],[46.10538,33.11839],[46.16719,33.16834],[46.1553,33.26022],[46.03624,33.36794],[46.01939,33.4384],[45.97443,33.4908],[45.8994,33.4763],[45.85258,33.49437],[45.92793,33.55087],[45.88204,33.6002],[45.88596,33.63092],[45.81579,33.6258],[45.73455,33.58312],[45.72112,33.64076],[45.64515,33.69792],[45.61673,33.76869],[45.48578,33.93865],[45.42372,33.93878],[45.38036,33.97356],[45.41995,33.99426],[45.45488,34.06986],[45.54454,34.13949],[45.52666,34.17931],[45.56102,34.2646],[45.55756,34.31196],[45.52154,34.3425],[45.46077,34.34046],[45.41705,34.44436],[45.50346,34.49417],[45.50066,34.59169],[45.70153,34.55128],[45.68763,34.65324],[45.62738,34.72083],[45.66282,34.76325],[45.66675,34.80692],[45.7454,34.84098],[45.75512,34.90996],[45.83501,34.89017],[45.8502,34.90681],[45.86896,34.96836],[45.85703,35.02127],[45.89909,35.04691],[45.9132,35.08732],[46.00921,35.06091],[46.15106,35.1116],[46.13039,35.1314],[46.16925,35.21625],[46.10145,35.23428],[46.1274,35.28906],[46.12016,35.31852],[46.04099,35.38156],[45.96399,35.49417],[45.98456,35.53106],[45.95934,35.57871],[45.99924,35.57214],[46.00379,35.67426],[46.23788,35.71555],[46.31338,35.77151],[46.32707,35.8035],[46.28139,35.82831],[46.16352,35.79751],[46.11505,35.84644],[46.06042,35.85724],[46.00492,35.83797],[45.87832,35.83523],[45.83475,35.81053],[45.74902,35.81099],[45.71874,35.82831],[45.64686,35.93321],[45.53999,35.99398],[45.47927,36.01201],[45.35959,35.97687],[45.32031,35.99403],[45.34832,36.08751],[45.3046,36.14038],[45.29737,36.22673],[45.25851,36.26223],[45.28269,36.27489],[45.25701,36.31169],[45.23887,36.403],[45.19598,36.42243],[45.11082,36.40253],[45.07227,36.42341],[45.03816,36.494],[44.99139,36.53374],[45.04431,36.64934],[45.03527,36.6896],[44.9962,36.74169],[44.92271,36.7759],[44.85119,36.78122],[44.82339,36.80933],[44.88344,36.88685],[44.86918,36.96736],[44.88737,37.01593],[44.8406,37.0472],[44.8019,37.04353],[44.7527,37.10332],[44.77234,37.16125],[44.75353,37.21533],[44.79848,37.26031],[44.80159,37.29269],[44.72138,37.34328],[44.69803,37.38005],[44.66165,37.37565],[44.63818,37.4126],[44.57214,37.43079],[44.58744,37.58401],[44.54088,37.63272],[44.54527,37.66302],[44.59612,37.71638],[44.50646,37.77935],[44.43644,37.7678],[44.43303,37.80612],[44.4044,37.80974],[44.36714,37.86022],[44.21961,37.87531],[44.20209,37.89717],[44.2255,37.92931],[44.22756,37.98099],[44.29588,38.07902],[44.33381,38.10088],[44.32709,38.1284],[44.36058,38.14785],[44.37241,38.2495],[44.43675,38.29694],[44.45876,38.33833],[44.40905,38.38179],[44.36337,38.36461],[44.28952,38.38226],[44.29702,38.62232],[44.24431,38.65896],[44.26048,38.67924],[44.24865,38.72182],[44.275,38.84357],[44.20576,38.87566],[44.15196,38.96462],[44.1392,38.99395],[44.17914,39.03493],[44.18664,39.14513],[44.0777,39.20006],[44.06943,39.28701],[44.01486,39.37408],[44.06137,39.40028],[44.17651,39.41155],[44.29495,39.38121],[44.38797,39.4145],[44.40481,39.43439],[44.41401,39.56089],[44.45763,39.63872],[44.45949,39.69846],[44.56573,39.76589],[44.59043,39.77153],[44.6465,39.71954],[44.87228,39.62508],[44.9284,39.48824],[44.96163,39.45377],[44.95703,39.43449],[45.00638,39.41796],[45.08798,39.35073]]],[[[55.05437,25.86461],[55.0184,25.8596],[55.01205,25.88162],[55.04868,25.88577],[55.05437,25.86461]]],[[[54.51368,25.90265],[54.50978,25.91376],[54.54656,25.9265],[54.55323,25.89985],[54.51368,25.90265]]],[[[55.90398,26.64525],[55.88966,26.62376],[55.8532,26.62104],[55.86834,26.66645],[55.8943,26.67943],[55.90398,26.64525]]],[[[55.94703,26.69627],[55.87664,26.74291],[55.77272,26.68838],[55.68556,26.6905],[55.50294,26.59487],[55.29054,26.54849],[55.28468,26.66022],[55.3519,26.64745],[55.77418,26.79694],[55.78102,26.88963],[55.7326,26.9409],[55.75799,26.95405],[55.89772,26.90681],[56.04103,26.97565],[56.21241,27.003],[56.25766,26.98871],[56.28745,26.95515],[56.19353,26.92455],[56.08082,26.78535],[55.94703,26.69627]]],[[[56.34116,26.87934],[56.40414,26.89305],[56.40919,26.86225],[56.37916,26.83869],[56.32228,26.83442],[56.34116,26.87934]]],[[[56.47299,27.10602],[56.50465,27.08893],[56.50473,27.06167],[56.46616,27.04393],[56.43458,27.05484],[56.43686,27.08002],[56.47299,27.10602]]]]}},{"type":"Feature","id":"AFG-all","properties":{"id":"AFG-all","iso3":"AFG","country_ja":"アフガニスタン","un_region_ja":"南アジア","area_ja":"全域（住民の生活圏）","level":"やや高い","source_ids":["PEW2025","FCDO-AFG"],"clothing_evidence":"服装の質的資料あり／地域の率は未取得","geometry_kind_ja":"国・地域全体","geometry_method":{"type":"country"},"map_number":50},"geometry":{"type":"Polygon","coordinates":[[[74.45698,37.00438],[74.39404,36.99402],[74.23571,36.90217],[74.12967,36.89842],[74.09432,36.83124],[74.0353,36.81558],[73.77289,36.89201],[73.33178,36.88209],[73.2675,36.86654],[73.19184,36.87703],[72.86773,36.83042],[72.6296,36.83295],[72.51674,36.8006],[72.45411,36.75796],[72.21361,36.72644],[72.15346,36.7021],[72.17165,36.65363],[72.05909,36.62712],[72.03884,36.58046],[71.87471,36.49907],[71.77322,36.48005],[71.79441,36.4076],[71.78263,36.39654],[71.73632,36.39592],[71.6493,36.45276],[71.61044,36.45793],[71.54719,36.37163],[71.55835,36.32786],[71.47908,36.30052],[71.40275,36.23138],[71.31914,36.20058],[71.30209,36.16332],[71.22307,36.12539],[71.16592,36.04571],[71.17093,36.027],[71.3564,35.93305],[71.36069,35.90029],[71.43102,35.8437],[71.47556,35.74102],[71.51535,35.70149],[71.51401,35.66558],[71.48332,35.62656],[71.49272,35.60956],[71.59349,35.54936],[71.58171,35.49313],[71.62088,35.41014],[71.53158,35.32792],[71.52983,35.30089],[71.63793,35.18969],[71.60413,35.13817],[71.50895,35.07202],[71.51132,35.00872],[71.46957,34.9497],[71.28948,34.87503],[71.20307,34.74816],[71.0806,34.67292],[71.06582,34.55846],[70.98583,34.55619],[70.95699,34.532],[70.96123,34.48761],[70.99151,34.44307],[71.12205,34.35682],[71.09709,34.26246],[71.10809,34.16523],[71.06277,34.10531],[71.06262,34.05425],[70.93973,34.00092],[70.88433,34.00705],[70.86222,33.96478],[70.52198,33.9387],[70.32819,33.95728],[70.00284,34.04379],[69.91602,34.03888],[69.87261,34.01723],[69.84719,33.92695],[69.88543,33.88946],[69.95752,33.7527],[70.11813,33.71652],[70.13255,33.66143],[70.17409,33.63211],[70.15497,33.50661],[70.28571,33.38287],[70.29445,33.31895],[70.12479,33.19903],[70.048,33.19407],[69.99473,33.12733],[69.95581,33.1277],[69.88093,33.08925],[69.83871,33.08666],[69.77184,33.11478],[69.66777,33.077],[69.54752,33.07501],[69.48773,33.02837],[69.4685,32.99429],[69.47729,32.85683],[69.37631,32.77188],[69.38324,32.74446],[69.41466,32.72557],[69.42602,32.65509],[69.36122,32.56848],[69.28195,32.5328],[69.23286,32.46267],[69.228,32.4213],[69.2681,32.30134],[69.25105,32.13065],[69.29885,31.93769],[69.22376,31.88193],[69.11431,31.73775],[69.04011,31.67311],[68.97727,31.64148],[68.80384,31.60257],[68.70545,31.70127],[68.67579,31.7747],[68.52748,31.82297],[68.41875,31.78302],[68.5498,31.75352],[68.49802,31.72525],[68.35607,31.76251],[68.25504,31.76638],[68.20682,31.80788],[68.13856,31.82467],[68.04658,31.6884],[67.96606,31.63822],[67.84271,31.6235],[67.78117,31.56417],[67.69631,31.52082],[67.56898,31.52986],[67.55611,31.51219],[67.61146,31.4108],[67.77036,31.39467],[67.76473,31.33406],[67.6928,31.32522],[67.58366,31.26523],[67.3462,31.20776],[67.21376,31.21226],[67.13676,31.24109],[67.03527,31.23592],[67.01527,31.24466],[67.01682,31.30915],[66.94328,31.31473],[66.69699,31.19582],[66.66309,31.08312],[66.55003,30.97697],[66.39231,30.94462],[66.36626,30.92287],[66.26798,30.60139],[66.26493,30.55783],[66.32182,30.43737],[66.30529,30.24477],[66.2193,30.05786],[66.34053,29.95657],[66.27521,29.88515],[66.19563,29.83534],[65.03637,29.54016],[64.82031,29.56789],[64.4777,29.57037],[64.1726,29.4843],[64.11338,29.39629],[64.08609,29.3866],[63.97199,29.42957],[63.5686,29.49748],[62.47751,29.40782],[60.84438,29.85818],[61.80225,30.84706],[61.80019,30.96142],[61.82644,31.01496],[61.78768,31.15862],[61.74272,31.23954],[61.74231,31.32088],[61.68691,31.37318],[60.82174,31.49467],[60.7926,31.66008],[60.80531,31.73398],[60.7926,32.01128],[60.77493,32.02719],[60.81482,32.08786],[60.83032,32.24889],[60.56295,33.05827],[60.5676,33.15129],[60.75705,33.36634],[60.82908,33.41628],[60.83218,33.4845],[60.92086,33.51411],[60.84603,33.55578],[60.65555,33.55989],[60.57483,33.5878],[60.51179,33.63839],[60.48688,33.71138],[60.52802,33.84145],[60.49277,34.13903],[60.55241,34.22006],[60.65059,34.28535],[60.64367,34.30664],[60.89047,34.31891],[60.77937,34.45508],[60.69969,34.5164],[60.73927,34.54802],[60.83849,34.57091],[60.89543,34.62833],[60.94752,34.63799],[60.95993,34.72321],[61.03475,34.80625],[61.06545,34.81472],[61.07475,34.93311],[61.11589,35.05988],[61.14731,35.1021],[61.09635,35.1932],[61.11237,35.20204],[61.10245,35.25666],[61.12271,35.28767],[61.1871,35.30038],[61.19506,35.39009],[61.29004,35.54806],[61.26968,35.6185],[61.35153,35.6278],[61.39318,35.55359],[61.5387,35.45231],[61.60475,35.4306],[61.73962,35.41376],[61.91935,35.45184],[62.00746,35.43892],[62.13634,35.34136],[62.2337,35.29376],[62.25096,35.20235],[62.2862,35.14065],[62.43188,35.28064],[62.45891,35.28188],[62.53549,35.22736],[62.60453,35.2194],[62.69362,35.24839],[62.91821,35.38818],[63.08021,35.43706],[63.10073,35.52496],[63.07737,35.55876],[63.07665,35.6247],[63.1799,35.66645],[63.21442,35.69927],[63.11204,35.76991],[63.0844,35.82608],[63.10409,35.85647],[63.43022,35.87104],[63.51109,35.90184],[63.58209,35.95905],[63.76591,35.97729],[63.88983,36.02964],[64.04511,35.99873],[64.03623,36.0764],[64.05726,36.10524],[64.1587,36.16027],[64.26613,36.15247],[64.30365,36.21154],[64.4777,36.27164],[64.59438,36.42419],[64.61051,36.50093],[64.5888,36.60045],[64.60482,36.66055],[64.77876,36.93847],[64.75561,37.05363],[64.77876,37.11805],[65.06309,37.23323],[65.50141,37.24228],[65.53686,37.25711],[65.62409,37.34514],[65.62099,37.4304],[65.65871,37.51027],[65.73943,37.52905],[65.76144,37.57838],[65.80433,37.56531],[65.85518,37.50794],[66.07967,37.44087],[66.14292,37.38506],[66.21847,37.3748],[66.29443,37.33121],[66.4135,37.34963],[66.45106,37.32294],[66.53902,37.36909],[66.6941,37.34341],[66.73498,37.3633],[67.00592,37.38439],[67.09738,37.34059],[67.12332,37.28196],[67.18782,37.25824],[67.25913,37.18515],[67.39116,37.21959],[67.50315,37.28196],[67.56139,37.2199],[67.63316,37.25406],[67.74659,37.22941],[67.78054,37.18887],[67.77305,37.10998],[67.87811,37.06443],[68.02022,36.92568],[68.18641,37.01831],[68.27778,37.01007],[68.28832,37.10321],[68.39188,37.10544],[68.41803,37.12828],[68.40371,37.15163],[68.52386,37.16466],[68.55145,37.19262],[68.6269,37.20626],[68.64861,37.24437],[68.67124,37.24719],[68.65754,37.26767],[68.66886,37.27829],[68.75961,37.27524],[68.82038,37.25091],[68.8102,37.31209],[68.83583,37.32914],[68.91582,37.27907],[68.88787,37.33814],[68.98522,37.32036],[69.12362,37.1692],[69.24568,37.10389],[69.31208,37.11748],[69.40773,37.17747],[69.44215,37.22362],[69.4452,37.23641],[69.40985,37.24566],[69.37838,37.43741],[69.49145,37.53699],[69.50866,37.57897],[69.66498,37.57616],[69.75427,37.59667],[69.80223,37.58151],[69.91881,37.61714],[70.00759,37.54885],[70.15787,37.54143],[70.21647,37.61714],[70.2483,37.62334],[70.28308,37.70483],[70.27512,37.77418],[70.24716,37.81917],[70.196,37.83991],[70.16521,37.88991],[70.17213,37.94608],[70.21471,37.92926],[70.26153,37.93929],[70.25393,37.97339],[70.4703,38.12052],[70.5472,38.26265],[70.58306,38.27508],[70.60001,38.34707],[70.68476,38.38665],[70.66487,38.40541],[70.74181,38.41944],[70.77726,38.44647],[70.871,38.45321],[70.93622,38.433],[70.95074,38.47305],[70.99823,38.46566],[71.0498,38.40866],[71.1174,38.39864],[71.2177,38.32583],[71.33438,38.28066],[71.35816,38.25126],[71.35909,38.18411],[71.27263,37.99799],[71.25826,37.92647],[71.34115,37.8933],[71.53706,37.94445],[71.59773,37.89836],[71.59029,37.81573],[71.52952,37.76113],[71.54254,37.71956],[71.49716,37.56654],[71.51122,37.48588],[71.48714,37.40909],[71.49386,37.30754],[71.45014,37.21667],[71.43112,37.06699],[71.45996,37.01074],[71.46306,36.94808],[71.52848,36.85615],[71.55287,36.76959],[71.61106,36.70484],[71.65302,36.68701],[71.74852,36.67864],[71.83658,36.69916],[72.25981,36.96731],[72.40595,37.00767],[72.47499,36.99748],[72.65771,37.02883],[72.79073,37.22026],[72.90225,37.2538],[72.99558,37.3093],[73.06751,37.31506],[73.1321,37.38439],[73.21148,37.40826],[73.29633,37.46495],[73.37839,37.45255],[73.48526,37.48097],[73.6745,37.43105],[73.75346,37.42839],[73.7391,37.33834],[73.69042,37.30522],[73.63099,37.29599],[73.5973,37.26181],[73.61766,37.23318],[73.68049,37.24246],[73.70923,37.21701],[74.18765,37.33839],[74.22392,37.40335],[74.30382,37.40017],[74.3156,37.42692],[74.37813,37.39377],[74.52117,37.3756],[74.66038,37.39397],[74.78854,37.33116],[74.89231,37.23111],[74.79402,37.21393],[74.72146,37.29778],[74.62328,37.2308],[74.59,37.24336],[74.50008,37.23163],[74.45667,37.17732],[74.36831,37.16706],[74.38257,37.12657],[74.47662,37.08314],[74.54235,37.02167],[74.53739,36.96224],[74.45698,37.00438]]]}},{"type":"Feature","id":"PAK-all","properties":{"id":"PAK-all","iso3":"PAK","country_ja":"パキスタン","un_region_ja":"南アジア","area_ja":"全域（住民の生活圏）","level":"高い","source_ids":["PEW2025","PEW_DRESS2010"],"clothing_evidence":"服装調査あり（地図の各範囲を直接測定したものではない）","geometry_kind_ja":"国・地域全体","geometry_method":{"type":"country"},"map_number":51},"geometry":{"type":"MultiPolygon","coordinates":[[[[67.48536,24.04853],[67.42693,24.00751],[67.3755,24.06273],[67.39039,24.04926],[67.45802,24.06273],[67.48536,24.04853]]],[[[75.97007,36.20234],[75.97152,36.155],[75.90144,36.11361],[75.9,36.06349],[75.92232,36.03165],[75.98433,35.99563],[76.08996,35.97812],[76.11466,35.94179],[76.13812,35.82665],[76.16603,35.80624],[76.40312,35.83099],[76.43206,35.8605],[76.55546,35.89786],[76.55112,35.78402],[76.57076,35.75126],[76.67669,35.71379],[76.77735,35.64611],[77.04897,35.11044],[77.02313,35.08633],[77.03522,35.0345],[77.01311,34.98639],[76.92112,34.92071],[76.8526,34.94335],[76.75762,34.91513],[76.74387,34.81927],[76.63959,34.74114],[76.53582,34.7262],[76.43816,34.76289],[76.26204,34.68465],[76.15497,34.66166],[76.0234,34.67716],[75.97338,34.62233],[75.77711,34.50381],[75.61164,34.49836],[75.34809,34.55722],[75.21291,34.64497],[75.01778,34.62972],[74.66493,34.68832],[74.41213,34.76449],[74.28583,34.76889],[74.12088,34.69085],[73.96223,34.66817],[73.91934,34.64254],[73.92596,34.56497],[73.86312,34.51707],[73.84038,34.44441],[73.77982,34.39607],[73.78271,34.34682],[73.80421,34.32749],[73.93774,34.30421],[73.99055,34.21851],[73.99541,34.17644],[73.8933,34.11474],[73.88441,34.0842],[73.91624,34.02795],[73.9767,34.00459],[74.04502,34.01942],[74.1184,34.00252],[74.22837,34.01289],[74.27229,33.96214],[74.23953,33.90101],[74.17752,33.85755],[74.03458,33.82861],[73.96616,33.73453],[73.9767,33.64839],[74.14155,33.54937],[74.15778,33.49424],[74.09597,33.32848],[73.99179,33.25257],[74.00234,33.17769],[74.15385,33.04018],[74.31126,32.99429],[74.33668,32.87014],[74.3065,32.80991],[74.34619,32.76689],[74.43869,32.78598],[74.50091,32.74601],[74.57377,32.75255],[74.61408,32.7704],[74.65356,32.83743],[74.68529,32.83123],[74.64974,32.72315],[74.65604,32.64067],[74.62958,32.58809],[74.68932,32.47135],[74.83815,32.47487],[74.90698,32.44518],[75.02367,32.46626],[75.23017,32.3802],[75.32691,32.31247],[75.35905,32.26167],[75.29466,32.14889],[75.19575,32.12863],[75.17415,32.08683],[75.10211,32.07809],[75.04082,32.09799],[75.02263,32.09468],[75.03018,32.06642],[74.98615,32.06321],[74.95566,32.03221],[74.8891,32.0289],[74.87319,32.01169],[74.82864,32.02544],[74.78368,31.94286],[74.69842,31.95025],[74.67,31.90415],[74.5408,31.81088],[74.53512,31.77114],[74.48944,31.71119],[74.55558,31.61223],[74.61718,31.45891],[74.53222,31.30321],[74.50639,31.17541],[74.53677,31.11516],[74.61697,31.11526],[74.65883,31.08379],[74.57946,31.04271],[74.51931,30.96245],[74.44159,30.94617],[74.40128,30.8931],[74.31921,30.89341],[74.3002,30.83817],[74.25669,30.81528],[74.26671,30.78835],[74.19116,30.71704],[74.16367,30.6649],[74.06745,30.61054],[74.05753,30.53137],[74.0044,30.50894],[73.92927,30.41907],[73.89991,30.42212],[73.90611,30.39484],[73.85175,30.37267],[73.84234,30.35298],[73.89164,30.32978],[73.93464,30.26105],[73.94435,30.18829],[73.73972,30.04845],[73.55782,30.01254],[73.37033,29.92732],[73.23287,29.5366],[72.93036,29.04769],[72.35458,28.76719],[72.2565,28.64559],[72.19779,28.44488],[72.14994,28.35377],[71.9882,28.2281],[71.9083,28.13557],[71.8744,27.95969],[71.56073,27.86853],[71.22633,27.84536],[70.91379,27.71782],[70.83157,27.70146],[70.76176,27.70978],[70.71039,27.74115],[70.64073,27.85479],[70.63319,27.93163],[70.5349,28.01597],[70.45625,28.03979],[70.34194,28.01147],[70.10195,27.81174],[69.99354,27.57108],[69.90806,27.49729],[69.84802,27.41037],[69.57558,27.18842],[69.53444,27.12558],[69.46509,26.80777],[69.47284,26.76658],[69.50416,26.73516],[69.6594,26.6777],[69.81556,26.58029],[70.05606,26.58908],[70.1296,26.56251],[70.15807,26.53011],[70.14691,26.21742],[70.07828,26.09965],[70.06464,25.98033],[70.11498,25.88173],[70.21399,25.78633],[70.24923,25.70768],[70.36013,25.67347],[70.47723,25.67631],[70.59226,25.70882],[70.63231,25.70138],[70.65386,25.67445],[70.65448,25.39659],[70.71049,25.33587],[70.73489,25.26735],[70.84857,25.16332],[70.91524,24.94662],[71.06386,24.68258],[70.97714,24.63969],[70.95482,24.58452],[70.98087,24.53473],[70.97714,24.46494],[71.07502,24.43642],[71.07306,24.4021],[70.99668,24.3566],[70.91772,24.36172],[70.84093,24.30583],[70.85147,24.26488],[70.75545,24.23144],[70.58471,24.2579],[70.56022,24.28725],[70.54565,24.36218],[70.57521,24.40004],[70.56291,24.42409],[70.52095,24.42492],[70.29853,24.36342],[70.24256,24.33061],[70.10971,24.3049],[70.05214,24.20206],[69.97204,24.16522],[69.71459,24.16858],[69.56307,24.27676],[69.28082,24.28374],[69.16671,24.25317],[69.0677,24.28844],[68.96264,24.25723],[68.9042,24.32058],[68.83877,24.23645],[68.81965,24.2503],[68.79919,24.32908],[68.74731,24.33118],[68.72591,24.28922],[68.72447,23.96518],[68.43156,23.96714],[68.35364,23.93929],[68.34888,23.96461],[68.33043,23.96657],[68.33503,23.941],[68.31405,23.91591],[68.26393,23.93593],[68.26036,23.89554],[68.20729,23.87702],[68.18304,23.84211],[68.15748,23.9051],[68.17058,23.83991],[68.14332,23.76113],[68.1491,23.69452],[68.10222,23.73383],[68.09889,23.7093],[68.06275,23.72313],[68.05388,23.74372],[68.10222,23.81574],[68.05942,23.86188],[68.06373,23.92316],[68.01352,23.93928],[68.05388,23.82941],[68.01352,23.76854],[67.99415,23.81118],[67.95086,23.8089],[67.90992,23.83625],[67.89991,23.86758],[67.86891,23.85049],[67.85523,23.91193],[67.83172,23.80952],[67.7186,23.8437],[67.74106,23.82306],[67.73227,23.79523],[67.63771,23.80174],[67.6504,23.93305],[67.61451,23.85008],[67.58839,23.88467],[67.57456,23.87177],[67.54664,23.89826],[67.53012,23.89126],[67.54664,23.871],[67.47853,23.89151],[67.51254,23.89826],[67.54054,23.93928],[67.49887,23.92561],[67.50636,23.97403],[67.45118,23.9877],[67.4782,24.03242],[67.51987,24.04507],[67.53305,24.07026],[67.50978,24.05207],[67.44068,24.07026],[67.35402,24.07087],[67.3003,24.18626],[67.28598,24.32958],[67.36248,24.34394],[67.27166,24.36909],[67.28663,24.43952],[67.2588,24.41909],[67.24684,24.46796],[67.21095,24.50845],[67.23081,24.52509],[67.19459,24.54727],[67.1836,24.59032],[67.25262,24.59032],[67.209,24.61376],[67.15992,24.61225],[67.14959,24.63508],[67.17555,24.68871],[67.25554,24.74799],[67.23268,24.77074],[67.16733,24.76016],[67.13966,24.80329],[67.08123,24.80329],[67.08253,24.77416],[66.9651,24.84357],[66.9651,24.81004],[66.88209,24.85102],[66.65414,24.83918],[66.70444,24.89203],[66.68133,24.91055],[66.68133,24.94888],[66.69956,25.08527],[66.73715,25.1811],[66.71022,25.23924],[66.54786,25.36563],[66.59116,25.3996],[66.53102,25.51813],[66.49285,25.51805],[66.43702,25.59772],[66.38771,25.59243],[66.3755,25.62568],[66.20395,25.59321],[66.09441,25.47484],[66.21306,25.49136],[66.2588,25.52485],[66.25815,25.54312],[66.33644,25.55337],[66.42319,25.48102],[66.45623,25.49604],[66.4922,25.48102],[66.45753,25.45376],[66.51157,25.41421],[66.49838,25.39851],[66.35955,25.46524],[66.2518,25.47289],[66.15919,25.44693],[65.85841,25.41755],[65.65211,25.34447],[65.46778,25.38544],[65.38233,25.37116],[65.39536,25.39228],[65.29233,25.36498],[65.25978,25.38044],[65.23227,25.37067],[65.188,25.31102],[65.15528,25.29609],[64.92066,25.32705],[64.74439,25.32404],[64.69597,25.29759],[64.66863,25.25511],[64.66863,25.20673],[64.71022,25.17939],[64.65504,25.16572],[64.60035,25.17316],[64.6277,25.22846],[64.56544,25.27025],[64.5184,25.27558],[64.49204,25.24567],[64.4393,25.2346],[64.36069,25.28303],[64.09449,25.33588],[64.10694,25.38544],[64.08375,25.42674],[64.14088,25.42886],[64.15528,25.44693],[64.04542,25.45034],[63.97657,25.41279],[63.99708,25.41962],[64.01173,25.39728],[64.04884,25.41649],[64.0796,25.36498],[64.05974,25.34455],[63.9441,25.33491],[63.7378,25.38532],[63.57252,25.36498],[63.49578,25.29141],[63.46949,25.28925],[63.51873,25.22085],[63.5005,25.19367],[63.14405,25.26093],[63.02784,25.22036],[62.77052,25.26191],[62.52748,25.26419],[62.47718,25.25906],[62.46762,25.22354],[62.48943,25.21418],[62.41383,25.20653],[62.34311,25.15546],[62.33912,25.12474],[62.38724,25.10158],[62.38105,25.08757],[62.25606,25.09863],[62.31528,25.13019],[62.29748,25.18513],[62.25422,25.21203],[62.14519,25.21841],[62.08003,25.19715],[62.05899,25.16164],[62.09718,25.10712],[61.88111,25.10301],[61.84734,25.03791],[61.79048,25.01776],[61.72955,25.02178],[61.72853,25.08308],[61.76002,25.11538],[61.78305,25.18797],[61.74952,25.17316],[61.69418,25.20051],[61.58823,25.20209],[61.62004,25.28549],[61.64319,25.61332],[61.67348,25.65828],[61.66035,25.76918],[61.68143,25.79548],[61.7545,25.81997],[61.83295,26.22538],[62.09417,26.31483],[62.12383,26.374],[62.24341,26.35064],[62.26512,26.36098],[62.249,26.41653],[62.29788,26.47404],[62.29199,26.50123],[62.4185,26.56231],[62.70194,26.60401],[62.75356,26.64416],[63.14134,26.6254],[63.17431,26.68504],[63.18956,26.84601],[63.26165,26.87175],[63.23498,26.94115],[63.23136,27.06584],[63.26092,27.11561],[63.31963,27.11731],[63.27126,27.20341],[63.1771,27.25844],[62.89242,27.21348],[62.82932,27.23364],[62.80064,27.22516],[62.74235,27.26681],[62.77878,27.29983],[62.75605,27.3481],[62.8147,27.49496],[62.78028,27.82972],[62.73568,27.99498],[62.76152,28.24644],[62.7393,28.25833],[62.57564,28.22903],[62.49229,28.3007],[62.46428,28.34982],[62.36279,28.41889],[62.04911,28.48632],[61.89279,28.5426],[61.65301,28.75633],[61.5665,28.87098],[61.5109,29.00738],[61.46801,29.04174],[61.48775,29.08066],[61.39794,29.15907],[61.38698,29.20664],[61.33282,29.27491],[61.33737,29.37438],[61.27918,29.40663],[60.84438,29.85818],[62.47751,29.40782],[63.5686,29.49748],[63.97199,29.42957],[64.08609,29.3866],[64.11338,29.39629],[64.1726,29.4843],[64.4777,29.57037],[64.82031,29.56789],[65.03637,29.54016],[66.19563,29.83534],[66.27521,29.88515],[66.34053,29.95657],[66.2193,30.05786],[66.30529,30.24477],[66.32182,30.43737],[66.26493,30.55783],[66.26798,30.60139],[66.36626,30.92287],[66.39231,30.94462],[66.55003,30.97697],[66.66309,31.08312],[66.69699,31.19582],[66.94328,31.31473],[67.01682,31.30915],[67.01527,31.24466],[67.03527,31.23592],[67.13676,31.24109],[67.21376,31.21226],[67.3462,31.20776],[67.58366,31.26523],[67.6928,31.32522],[67.76473,31.33406],[67.77036,31.39467],[67.61146,31.4108],[67.55611,31.51219],[67.56898,31.52986],[67.69631,31.52082],[67.78117,31.56417],[67.84271,31.6235],[67.96606,31.63822],[68.04658,31.6884],[68.13856,31.82467],[68.20682,31.80788],[68.25504,31.76638],[68.35607,31.76251],[68.49802,31.72525],[68.5498,31.75352],[68.41875,31.78302],[68.52748,31.82297],[68.67579,31.7747],[68.70545,31.70127],[68.80384,31.60257],[68.97727,31.64148],[69.04011,31.67311],[69.11431,31.73775],[69.22376,31.88193],[69.29885,31.93769],[69.25105,32.13065],[69.2681,32.30134],[69.228,32.4213],[69.23286,32.46267],[69.28195,32.5328],[69.36122,32.56848],[69.42602,32.65509],[69.41466,32.72557],[69.38324,32.74446],[69.37631,32.77188],[69.47729,32.85683],[69.4685,32.99429],[69.48773,33.02837],[69.54752,33.07501],[69.66777,33.077],[69.77184,33.11478],[69.83871,33.08666],[69.88093,33.08925],[69.95581,33.1277],[69.99473,33.12733],[70.048,33.19407],[70.12479,33.19903],[70.29445,33.31895],[70.28571,33.38287],[70.15497,33.50661],[70.17409,33.63211],[70.13255,33.66143],[70.11813,33.71652],[69.95752,33.7527],[69.88543,33.88946],[69.84719,33.92695],[69.87261,34.01723],[69.91602,34.03888],[70.00284,34.04379],[70.32819,33.95728],[70.52198,33.9387],[70.86222,33.96478],[70.88433,34.00705],[70.93973,34.00092],[71.06262,34.05425],[71.06277,34.10531],[71.10809,34.16523],[71.09709,34.26246],[71.12205,34.35682],[70.99151,34.44307],[70.96123,34.48761],[70.95699,34.532],[70.98583,34.55619],[71.06582,34.55846],[71.0806,34.67292],[71.20307,34.74816],[71.28948,34.87503],[71.46957,34.9497],[71.51132,35.00872],[71.50895,35.07202],[71.60413,35.13817],[71.63793,35.18969],[71.52983,35.30089],[71.53158,35.32792],[71.61106,35.39546],[71.62243,35.42962],[71.58781,35.47091],[71.58419,35.56419],[71.48332,35.62656],[71.5198,35.68377],[71.47556,35.74102],[71.4644,35.79471],[71.4167,35.85885],[71.37133,35.88515],[71.34157,35.94726],[71.25744,35.97155],[71.16592,36.04571],[71.22307,36.12539],[71.30209,36.16332],[71.31914,36.20058],[71.38244,36.21857],[71.47908,36.30052],[71.55835,36.32786],[71.54719,36.37163],[71.61044,36.45793],[71.6493,36.45276],[71.73632,36.39592],[71.78263,36.39654],[71.79441,36.4076],[71.77322,36.48005],[71.87471,36.49907],[72.03884,36.58046],[72.05909,36.62712],[72.17165,36.65363],[72.14963,36.68934],[72.16968,36.71135],[72.45411,36.75796],[72.56521,36.8206],[72.86773,36.83042],[73.19184,36.87703],[73.2675,36.86654],[73.64008,36.89664],[73.83408,36.88287],[73.94694,36.83088],[74.0353,36.81558],[74.09432,36.83124],[74.12967,36.89842],[74.23571,36.90217],[74.43559,37.00322],[74.53739,36.96224],[74.54235,37.02167],[74.66245,37.05448],[74.71919,37.01645],[74.79257,37.01516],[74.82451,36.99412],[74.87236,36.9071],[74.92497,36.97087],[75.10015,36.99412],[75.19513,36.94888],[75.3513,36.91578],[75.3945,36.86426],[75.41052,36.74732],[75.43191,36.72293],[75.49258,36.72071],[75.50798,36.74763],[75.57051,36.76675],[75.72874,36.72319],[75.87478,36.61947],[75.98108,36.44544],[75.96883,36.30197],[76.01441,36.2304],[75.97007,36.20234]]]]}},{"type":"Feature","id":"BGD-all","properties":{"id":"BGD-all","iso3":"BGD","country_ja":"バングラデシュ","un_region_ja":"南アジア","area_ja":"全域（住民の生活圏）","level":"やや高い","source_ids":["PEW2025"],"clothing_evidence":"宗教人口・地域分布からの弱い定性推定／着用率未取得","geometry_kind_ja":"国・地域全体","geometry_method":{"type":"country"},"map_number":52},"geometry":{"type":"MultiPolygon","coordinates":[[[[89.06764,21.90436],[89.09278,21.7934],[89.13901,21.76683],[89.1325,21.72162],[89.05152,21.7932],[89.06381,21.84146],[89.04566,21.91706],[89.06764,21.90436]]],[[[90.3943,22.00023],[90.32293,21.8439],[90.33221,21.93879],[90.37143,21.99478],[90.3943,22.00023]]],[[[90.51043,21.89785],[90.52198,21.93879],[90.59352,21.98656],[90.60662,21.93879],[90.5656,21.91767],[90.54078,21.87592],[90.50359,21.86245],[90.5315,21.8767],[90.51043,21.89785]]],[[[90.48618,21.97679],[90.47633,21.94501],[90.41554,21.90054],[90.3943,21.93879],[90.41554,22.03832],[90.43523,22.04121],[90.48618,21.97679]]],[[[90.35865,22.02269],[90.38746,22.04804],[90.38111,22.0231],[90.33961,21.97232],[90.35865,22.02269]]],[[[90.55974,22.02375],[90.50904,21.99942],[90.50359,22.02411],[90.54444,22.06167],[90.48365,22.03498],[90.5031,22.09634],[90.61346,22.16405],[90.59352,22.10261],[90.58619,22.13056],[90.55974,22.02375]]],[[[90.4734,22.86514],[90.5923,22.8819],[90.67823,22.80834],[90.59096,22.81392],[90.53156,22.76924],[90.52099,22.71176],[90.49285,22.75324],[90.45574,22.7674],[90.4734,22.86514]]],[[[90.528,23.00764],[90.58619,23.0349],[90.66733,22.95303],[90.63331,22.95303],[90.66733,22.9182],[90.63624,22.92133],[90.59913,22.95917],[90.5241,22.95303],[90.50807,22.97577],[90.528,23.00764]]],[[[90.46949,23.00764],[90.45574,23.06281],[90.51043,23.06904],[90.51564,23.05195],[90.46949,23.00764]]],[[[90.4297,23.38516],[90.5394,23.35],[90.58619,23.30174],[90.52955,23.33356],[90.48707,23.31904],[90.4297,23.38516]]],[[[92.52451,21.36113],[92.40028,21.371],[92.3547,21.45182],[92.32266,21.46189],[92.28453,21.41906],[92.23626,21.41709],[92.17828,21.29973],[92.17497,21.17561],[92.22427,21.09318],[92.26515,21.0611],[92.26148,20.94025],[92.33326,20.76773],[92.32553,20.73871],[92.20973,20.93081],[92.18629,21.00585],[92.0525,21.15477],[92.04526,21.29955],[91.95297,21.44184],[91.98292,21.48884],[92.01791,21.49311],[91.99,21.562],[92.03582,21.64045],[92.02931,21.7049],[92.00074,21.64981],[91.9839,21.65013],[91.9839,21.70539],[91.96266,21.68952],[91.94972,21.71597],[91.95297,21.73835],[91.99,21.76],[91.9603,21.76382],[91.99,21.79483],[91.89926,21.7895],[91.94972,21.88418],[91.9157,21.86245],[91.85523,22.1092],[91.85353,22.14362],[91.8672,22.1374],[91.85328,22.14875],[91.83985,22.11689],[91.813,22.18032],[91.83985,22.24665],[91.80885,22.30634],[91.87403,22.33601],[91.90805,22.42475],[91.88771,22.42475],[91.87745,22.36335],[91.79135,22.30191],[91.82594,22.24848],[91.78712,22.23794],[91.74366,22.41108],[91.67604,22.53461],[91.54811,22.70034],[91.46241,22.76191],[91.49049,22.90453],[91.46241,22.83344],[91.41676,22.79999],[91.41472,22.75373],[91.34645,22.77485],[91.36744,22.76166],[91.36012,22.74339],[91.29078,22.73843],[91.33277,22.7202],[91.31739,22.69721],[91.2448,22.69839],[91.24342,22.7202],[91.18189,22.72647],[91.19923,22.6988],[91.16896,22.68488],[91.25343,22.66071],[91.2645,22.64081],[91.24157,22.5754],[91.20274,22.54322],[91.12734,22.52703],[91.0892,22.54443],[91.01832,22.68309],[91.00375,22.67866],[91.03793,22.58861],[90.98512,22.57437],[90.94174,22.58588],[90.87647,22.68281],[90.83595,22.68488],[90.79493,22.74136],[90.71746,22.94062],[90.62941,23.0644],[90.64015,23.18887],[90.66733,23.26765],[90.65089,23.30024],[90.66114,23.32225],[90.62843,23.32152],[90.61134,23.34248],[90.60027,23.44994],[90.63331,23.48676],[90.71502,23.49836],[90.71583,23.53514],[90.70558,23.55451],[90.67823,23.55508],[90.70216,23.52839],[90.69532,23.50788],[90.66676,23.51822],[90.60776,23.49112],[90.59205,23.56249],[90.63331,23.59662],[90.61199,23.60611],[90.55877,23.5904],[90.54721,23.56379],[90.47633,23.58295],[90.49838,23.55728],[90.57683,23.5395],[90.57895,23.44986],[90.55193,23.38496],[90.24936,23.45539],[90.38852,23.37238],[90.42848,23.32612],[90.5691,23.29499],[90.61085,23.23078],[90.61451,23.19546],[90.59352,23.21987],[90.59913,23.1175],[90.57195,23.08173],[90.55372,23.07856],[90.55877,23.11066],[90.5228,23.08015],[90.45362,23.07233],[90.4489,23.05573],[90.46827,22.99608],[90.51043,22.9182],[90.54005,22.89655],[90.52003,22.88019],[90.47633,22.8841],[90.43605,22.80061],[90.40797,22.79466],[90.41993,22.76826],[90.37257,22.76142],[90.43523,22.7333],[90.46168,22.74885],[90.49293,22.70991],[90.51271,22.61148],[90.45924,22.57929],[90.44207,22.49364],[90.4725,22.57559],[90.5241,22.58308],[90.55974,22.56232],[90.60662,22.46577],[90.58619,22.47321],[90.61842,22.37665],[90.61346,22.31489],[90.55795,22.20335],[90.50115,22.1767],[90.45004,22.0808],[90.40846,22.08592],[90.38746,22.10261],[90.42164,22.19888],[90.4109,22.28425],[90.3943,22.28824],[90.39088,22.20881],[90.41285,22.17805],[90.33221,22.03807],[90.27272,21.85741],[90.18483,21.80097],[90.09295,21.83027],[90.12623,21.93195],[90.06691,21.85342],[90.02442,21.86245],[90.03395,21.94355],[90.08579,22.00023],[90.10564,22.05427],[90.16407,22.11323],[90.21616,22.12324],[90.23911,22.17227],[90.2361,22.19888],[90.20582,22.13296],[90.14829,22.11078],[90.0381,21.98656],[89.99635,22.00023],[90.03541,22.0598],[90.04273,22.13125],[90.07838,22.16405],[90.05258,22.15546],[89.98276,22.04462],[89.98276,21.98656],[89.96778,21.97455],[89.93442,21.99771],[89.8768,22.27473],[90.0101,22.49022],[89.94744,22.43968],[89.92042,22.39183],[89.87289,22.41861],[89.88038,22.34223],[89.83871,22.26777],[89.87135,22.09186],[89.8462,22.07062],[89.79721,22.07599],[89.84791,22.03388],[89.8462,21.97232],[89.88722,21.90009],[89.88038,21.88418],[89.78639,21.82893],[89.76588,21.84675],[89.70916,21.83006],[89.66131,21.84935],[89.64698,21.92512],[89.61899,21.86986],[89.70069,21.78486],[89.66822,21.75088],[89.59547,21.76],[89.60597,21.71906],[89.58692,21.70083],[89.53712,21.75381],[89.52735,21.81281],[89.56446,21.88418],[89.5713,22.03124],[89.60597,22.11323],[89.56723,22.20283],[89.60597,22.2569],[89.62647,22.33601],[89.54916,22.20527],[89.57936,22.11323],[89.55144,21.99404],[89.53289,21.98469],[89.53712,22.08902],[89.49204,22.18838],[89.49301,22.27351],[89.47576,22.29507],[89.47576,22.10261],[89.49415,22.13687],[89.51832,22.081],[89.49041,22.02399],[89.52182,21.96231],[89.51254,21.90912],[89.46461,21.8592],[89.46583,21.78132],[89.40642,21.71735],[89.36964,21.74331],[89.3659,21.82893],[89.38697,21.90119],[89.35222,21.97232],[89.35597,21.89252],[89.30128,21.80939],[89.28395,21.82209],[89.29469,21.7578],[89.27369,21.6988],[89.29754,21.67813],[89.24871,21.6459],[89.21046,21.65412],[89.22071,21.70942],[89.18767,21.81151],[89.15455,21.78685],[89.10467,21.81586],[89.07781,21.91425],[89.09148,22.00023],[89.05738,22.06509],[89.0762,22.17503],[89.00912,22.28562],[89.02354,22.29482],[89.00152,22.33368],[88.98948,22.39667],[89.0025,22.42799],[88.97098,22.52793],[88.92799,22.54813],[88.95641,22.58498],[88.90814,22.74078],[88.93688,22.78233],[88.94452,22.84801],[88.89347,22.87964],[88.83879,22.97581],[88.8513,23.07513],[88.95998,23.20269],[88.82267,23.23796],[88.7757,23.22163],[88.69658,23.25235],[88.68594,23.29331],[88.77017,23.48883],[88.75683,23.4988],[88.71942,23.4681],[88.60925,23.58879],[88.57142,23.59233],[88.56636,23.62874],[88.54155,23.63876],[88.57762,23.85516],[88.65312,23.86978],[88.71415,23.92516],[88.70159,23.99528],[88.725,24.03838],[88.6741,24.08264],[88.67808,24.15429],[88.7464,24.21408],[88.73751,24.2871],[88.66015,24.33826],[88.63452,24.29413],[88.4754,24.31547],[88.4013,24.36942],[88.10995,24.50099],[88.08602,24.53672],[88.08184,24.59987],[88.05724,24.63411],[88.02179,24.6456],[88.05321,24.75498],[88.07698,24.76118],[88.08825,24.79614],[88.14096,24.84458],[88.11491,24.91641],[88.20245,24.9453],[88.24276,24.8806],[88.32275,24.87468],[88.4258,25.05106],[88.4413,25.18973],[88.55938,25.17076],[88.63426,25.19226],[88.78422,25.16095],[88.81709,25.19681],[88.92416,25.16787],[88.90964,25.18916],[88.92788,25.19273],[88.92907,25.22942],[88.98493,25.28497],[88.97532,25.30264],[88.90287,25.30342],[88.842,25.33282],[88.79962,25.39561],[88.81492,25.4586],[88.77234,25.50196],[88.74195,25.51276],[88.74257,25.49519],[88.66635,25.46289],[88.53029,25.5002],[88.42378,25.59224],[88.41944,25.65378],[88.25992,25.78902],[88.22746,25.80427],[88.12773,25.77491],[88.08757,25.83098],[88.0744,25.90814],[88.15103,26.03133],[88.13992,26.08533],[88.1638,26.14047],[88.21888,26.18016],[88.32627,26.21592],[88.3366,26.28181],[88.43169,26.36222],[88.49763,26.35271],[88.46114,26.45389],[88.35355,26.48459],[88.33562,26.44821],[88.31511,26.46505],[88.38528,26.62354],[88.41102,26.5451],[88.65627,26.41513],[88.65224,26.39152],[88.71224,26.32826],[88.64583,26.27602],[88.6634,26.26444],[88.74795,26.2925],[88.78402,26.27995],[88.82484,26.22657],[88.87579,26.27736],[88.97532,26.22434],[89.01945,26.23447],[89.03971,26.24719],[89.00437,26.27571],[89.00798,26.29716],[88.98173,26.29183],[88.96602,26.32847],[88.91243,26.34894],[88.89125,26.38578],[88.94101,26.43942],[89.04374,26.38108],[89.05522,26.34702],[89.10291,26.32734],[89.0948,26.30951],[89.06886,26.31426],[89.06943,26.28739],[89.11919,26.14662],[89.21262,26.09898],[89.23763,26.0581],[89.3353,25.99857],[89.39142,26.01547],[89.41127,25.9932],[89.48563,25.99872],[89.5417,25.95971],[89.55916,26.02224],[89.61136,26.07221],[89.56702,26.08709],[89.60422,26.12073],[89.56278,26.14259],[89.58676,26.16921],[89.61441,26.16419],[89.61332,26.21938],[89.65301,26.22269],[89.6558,26.1613],[89.71848,26.14554],[89.75584,26.03242],[89.78943,25.98798],[89.81413,25.99614],[89.82866,25.9794],[89.79202,25.94911],[89.83439,25.93175],[89.78313,25.81445],[89.83439,25.63477],[89.79502,25.37416],[89.81904,25.28497],[89.90813,25.29691],[90.13008,25.21159],[90.36464,25.14999],[90.62344,25.17144],[90.70767,25.15299],[90.75397,25.16756],[90.82198,25.14229],[91.2357,25.20192],[91.43187,25.13795],[91.56612,25.15996],[91.5962,25.12891],[91.63868,25.12405],[91.67743,25.15263],[91.71071,25.14467],[91.73014,25.16746],[92.034,25.18167],[92.11616,25.13945],[92.1727,25.13196],[92.23368,25.08496],[92.30354,25.07428],[92.48379,24.92822],[92.49454,24.89486],[92.47769,24.86391],[92.38075,24.8367],[92.29042,24.8913],[92.22303,24.89138],[92.23378,24.77753],[92.1636,24.5592],[92.11089,24.51429],[92.10759,24.40598],[92.06273,24.37102],[91.94997,24.37539],[91.97219,24.31606],[91.92186,24.34451],[91.89985,24.33805],[91.90595,24.26064],[91.87711,24.15804],[91.84424,24.15532],[91.81376,24.18312],[91.80704,24.22113],[91.73293,24.23428],[91.73262,24.16431],[91.70368,24.14295],[91.66617,24.15592],[91.62906,24.21532],[91.60601,24.11886],[91.58183,24.0961],[91.51754,24.0852],[91.36303,24.09985],[91.33906,23.99523],[91.27415,23.98823],[91.21627,23.90839],[91.22816,23.84498],[91.20521,23.77157],[91.13235,23.72065],[91.17524,23.67031],[91.13969,23.65357],[91.14082,23.6121],[91.19508,23.49518],[91.22733,23.46878],[91.25813,23.37364],[91.28727,23.35555],[91.26578,23.32935],[91.31353,23.10105],[91.37089,23.06278],[91.35569,23.22414],[91.37213,23.26189],[91.39435,23.26266],[91.46359,23.18412],[91.52364,22.99521],[91.57677,22.96881],[91.58607,22.94447],[91.61666,22.97806],[91.70699,22.99537],[91.79556,23.0895],[91.74368,23.27233],[91.81768,23.40092],[91.90512,23.44663],[91.94078,23.49518],[91.91597,23.65016],[91.92269,23.72297],[92.01901,23.64006],[92.05963,23.65949],[92.10841,23.71824],[92.15079,23.73165],[92.1943,23.64814],[92.2221,23.70778],[92.25931,23.70649],[92.2528,23.60931],[92.30148,23.4318],[92.34861,23.35411],[92.35749,23.27894],[92.32762,23.17143],[92.35987,22.92661],[92.42633,22.87106],[92.44204,22.76293],[92.49588,22.69562],[92.50084,22.56054],[92.57702,22.16867],[92.57557,22.1433],[92.53733,22.12862],[92.59304,21.88693],[92.57557,21.73397],[92.59024,21.49554],[92.63923,21.3187],[92.63376,21.28222],[92.57061,21.24728],[92.52451,21.36113]]],[[[91.87713,21.48102],[91.85523,21.51948],[91.87403,21.58186],[91.85353,21.72582],[91.87233,21.75483],[91.89796,21.74331],[91.88771,21.68496],[91.90952,21.72679],[91.90121,21.77432],[91.93556,21.78115],[91.93556,21.76],[91.9839,21.6092],[91.97022,21.52359],[91.96111,21.50617],[91.89454,21.50678],[91.89967,21.48603],[91.87713,21.48102]]],[[[91.8628,21.78998],[91.83253,21.72582],[91.83253,21.8767],[91.8672,21.93195],[91.88771,21.86616],[91.8628,21.78998]]],[[[90.95672,22.19888],[90.95672,22.14484],[90.92937,22.11689],[90.92026,22.16006],[90.94174,22.20502],[90.95672,22.19888]]],[[[90.99781,22.23509],[90.97641,22.18578],[90.97706,22.2392],[90.98292,22.25918],[90.99781,22.23509]]],[[[91.0748,22.38859],[91.14885,22.35706],[91.18679,22.22776],[91.14147,22.1462],[91.06329,22.08985],[91.02247,22.09487],[91.00511,22.11682],[91.05909,22.19204],[91.0748,22.38859]]],[[[90.97641,22.36335],[90.99439,22.30207],[90.95289,22.22675],[90.93718,22.23273],[90.97641,22.36335]]],[[[90.64015,22.30874],[90.60157,22.44831],[90.63315,22.43163],[90.6587,22.37954],[90.66114,22.3559],[90.64747,22.38377],[90.64039,22.36603],[90.64015,22.30874]]],[[[90.69166,22.00702],[90.64747,21.99404],[90.63941,22.0161],[90.68181,22.10261],[90.62599,22.02717],[90.61004,22.02411],[90.60353,22.04401],[90.63331,22.12311],[90.63185,22.18211],[90.67848,22.28278],[90.688,22.37763],[90.64747,22.54828],[90.55877,22.60293],[90.55633,22.67471],[90.58546,22.76805],[90.65056,22.78742],[90.79055,22.49533],[90.85502,22.43466],[90.83502,22.33962],[90.83619,22.17817],[90.77475,22.07591],[90.75733,22.06167],[90.75001,22.07599],[90.69166,22.00702]]],[[[90.64747,22.42475],[90.65349,22.48347],[90.66733,22.43903],[90.64747,22.42475]]],[[[91.21083,22.49552],[91.15953,22.45067],[91.11371,22.46141],[91.12356,22.48915],[91.19999,22.51469],[91.21083,22.49552]]],[[[91.55636,22.47821],[91.55518,22.40203],[91.50752,22.3968],[91.44652,22.45324],[91.42379,22.5253],[91.46756,22.58631],[91.55636,22.47821]]]]}},{"type":"Feature","id":"MDV-all","properties":{"id":"MDV-all","iso3":"MDV","country_ja":"モルディブ","un_region_ja":"南アジア","area_ja":"全域（住民の生活圏）","level":"やや高い","source_ids":["PEW2025","FCDO-MDV"],"clothing_evidence":"服装の質的資料あり／地域の率は未取得","geometry_kind_ja":"国・地域全体","geometry_method":{"type":"country"},"map_number":53},"geometry":{"type":"MultiPolygon","coordinates":[[[[72.94093,0.49628],[72.9406,0.48729],[72.93702,0.49364],[72.94093,0.49628]]],[[[72.94842,2.27489],[72.9463,2.27237],[72.94313,2.27302],[72.94842,2.27489]]],[[[72.92612,2.32746],[72.92701,2.31607],[72.92254,2.31957],[72.92612,2.32746]]],[[[72.90642,2.67967],[72.90447,2.67573],[72.90113,2.67617],[72.90642,2.67967]]],[[[72.87371,2.68366],[72.87371,2.68358],[72.86695,2.68895],[72.87371,2.68366]]],[[[72.86492,2.96088],[72.86769,2.96088],[72.86508,2.95816],[72.86492,2.96088]]],[[[72.90602,3.08039],[72.89991,3.07685],[72.89942,3.07819],[72.90602,3.08039]]],[[[72.83766,3.30907],[72.83139,3.30561],[72.83123,3.30683],[72.83766,3.30907]]],[[[72.82797,3.50544],[72.83513,3.50544],[72.83106,3.50357],[72.82797,3.50544]]],[[[72.79518,3.51464],[72.79884,3.51195],[72.79119,3.51089],[72.79518,3.51464]]],[[[72.91179,3.54173],[72.91163,3.54165],[72.91993,3.55215],[72.91179,3.54173]]],[[[72.93849,3.61372],[72.94557,3.61372],[72.94158,3.61188],[72.93849,3.61372]]],[[[72.68971,3.71796],[72.69744,3.71882],[72.69459,3.71499],[72.68971,3.71796]]],[[[72.94239,3.76695],[72.94939,3.767],[72.94532,3.7652],[72.94239,3.76695]]],[[[72.94809,3.83169],[72.9441,3.8299],[72.94117,3.83169],[72.94809,3.83169]]],[[[72.70672,3.99795],[72.7046,3.99641],[72.69907,3.9995],[72.70672,3.99795]]],[[[72.95606,4.42211],[72.94711,4.42308],[72.94337,4.43159],[72.95704,4.4383],[72.95606,4.42211]]],[[[72.92286,4.89907],[72.92091,4.89785],[72.91749,4.89859],[72.92286,4.89907]]],[[[72.90943,5.03079],[72.90919,5.03059],[72.91017,5.0327],[72.90943,5.03079]]],[[[72.92775,5.03653],[72.92709,5.03392],[72.92433,5.03303],[72.92775,5.03653]]],[[[72.85922,5.2355],[72.85662,5.23444],[72.86012,5.23794],[72.85922,5.2355]]],[[[72.94028,5.46214],[72.93824,5.46149],[72.93702,5.46552],[72.94028,5.46214]]],[[[72.8777,5.49209],[72.88111,5.48847],[72.87916,5.48786],[72.8777,5.49209]]],[[[72.93165,5.96906],[72.93019,5.95694],[72.92579,5.96328],[72.93165,5.96906]]],[[[72.90968,5.98212],[72.91285,5.9763],[72.90984,5.97793],[72.90968,5.98212]]],[[[72.95395,6.34561],[72.95314,6.34349],[72.9485,6.34443],[72.95395,6.34561]]],[[[72.68718,6.40742],[72.68588,6.40648],[72.68588,6.41161],[72.68718,6.40742]]],[[[72.90203,6.43476],[72.90748,6.43594],[72.90659,6.43382],[72.90203,6.43476]]],[[[72.89723,6.4479],[72.89633,6.44579],[72.89088,6.44823],[72.89723,6.4479]]],[[[72.92872,6.5611],[72.92775,6.55891],[72.92311,6.55988],[72.92872,6.5611]]],[[[72.91326,6.76488],[72.91432,6.75922],[72.91228,6.76016],[72.91326,6.76488]]],[[[72.92628,6.9538],[72.92458,6.9517],[72.92596,6.95742],[72.92628,6.9538]]],[[[72.89194,6.9877],[72.89047,6.98542],[72.89194,6.99103],[72.89194,6.9877]]],[[[72.94777,7.0539],[72.94996,7.05642],[72.9485,7.05085],[72.94777,7.0539]]],[[[72.90659,7.09101],[72.91285,7.0926],[72.91188,7.0832],[72.90659,7.09101]]],[[[72.8838,7.10724],[72.88453,7.1037],[72.8825,7.10163],[72.8838,7.10724]]],[[[73.03679,0.26968],[73.04037,0.25934],[73.03614,0.26093],[73.03679,0.26968]]],[[[72.98813,0.30191],[72.98601,0.29955],[72.98121,0.30207],[72.98813,0.30191]]],[[[72.95777,0.3968],[72.95843,0.40314],[72.96119,0.39403],[72.95777,0.3968]]],[[[73.04135,2.1647],[73.03826,2.16454],[73.03842,2.16462],[73.04135,2.1647]]],[[[73.03224,2.7451],[73.028,2.73823],[73.02231,2.74168],[73.03224,2.7451]]],[[[73.00847,2.95331],[73.0149,2.94741],[73.00904,2.94644],[73.00847,2.95331]]],[[[72.98178,3.10505],[72.9782,3.10273],[72.97511,3.10419],[72.98178,3.10505]]],[[[73.04689,3.20205],[73.0407,3.19847],[73.04021,3.19977],[73.04689,3.20205]]],[[[73.02898,3.24689],[73.03566,3.24779],[73.03199,3.24555],[73.02898,3.24689]]],[[[72.94898,3.72858],[72.95582,3.72871],[72.952,3.72687],[72.94898,3.72858]]],[[[72.9725,4.2604],[72.9756,4.26236],[72.97576,4.2604],[72.9725,4.2604]]],[[[72.95867,4.26252],[72.95436,4.26146],[72.94516,4.2663],[72.95867,4.26252]]],[[[72.97934,4.89537],[72.96949,4.88052],[72.97267,4.89436],[72.97934,4.89537]]],[[[73.04477,5.12181],[73.04347,5.11884],[73.04127,5.11839],[73.04477,5.12181]]],[[[73.05144,5.12665],[73.04762,5.12637],[73.04526,5.12889],[73.05144,5.12665]]],[[[72.9524,5.35008],[72.94956,5.34931],[72.95314,5.35277],[72.9524,5.35008]]],[[[72.99903,5.46109],[73.00262,5.45759],[73.00099,5.45624],[72.99903,5.46109]]],[[[73.01303,5.48745],[73.011,5.4868],[73.00978,5.49091],[73.01303,5.48745]]],[[[73.01612,5.61225],[73.01401,5.61156],[73.01287,5.61571],[73.01612,5.61225]]],[[[73.00856,5.67504],[73.01189,5.67154],[73.00978,5.67084],[73.00856,5.67504]]],[[[72.99879,5.71198],[73.00229,5.7071],[72.99977,5.70698],[72.99879,5.71198]]],[[[72.98683,5.77074],[72.98585,5.76557],[72.98276,5.76252],[72.98683,5.77074]]],[[[72.97511,5.80455],[72.97511,5.80443],[72.97104,5.81045],[72.97511,5.80455]]],[[[72.96371,5.86404],[72.96648,5.85029],[72.96192,5.85668],[72.96371,5.86404]]],[[[73.03045,6.22102],[73.02914,6.21898],[73.02898,6.21882],[73.03045,6.22102]]],[[[73.02491,6.36481],[73.02418,6.3627],[73.0193,6.36359],[73.02491,6.36481]]],[[[73.04623,6.43626],[73.04314,6.4337],[73.04881,6.44134],[73.04623,6.43626]]],[[[72.9568,6.56],[72.95802,6.55435],[72.95582,6.55532],[72.9568,6.56]]],[[[73.03045,6.57608],[73.02817,6.57518],[73.02556,6.57925],[73.03045,6.57608]]],[[[73.0407,6.61717],[73.03842,6.61815],[73.0394,6.62287],[73.0407,6.61717]]],[[[73.06951,6.66796],[73.06178,6.66096],[73.06227,6.6669],[73.06951,6.66796]]],[[[73.03199,6.75658],[73.03688,6.75349],[73.03468,6.75259],[73.03199,6.75658]]],[[[72.99025,6.84243],[72.99155,6.83674],[72.98943,6.83763],[72.99025,6.84243]]],[[[72.97633,6.84667],[72.97413,6.84585],[72.97153,6.84976],[72.97633,6.84667]]],[[[72.96062,6.85607],[72.95834,6.857],[72.95924,6.86164],[72.96062,6.85607]]],[[[72.97731,7.01903],[72.97975,7.02753],[72.98146,7.01398],[72.97731,7.01903]]],[[[73.17254,-0.68857],[73.16586,-0.68841],[73.1631,-0.68182],[73.17254,-0.68857]]],[[[73.19646,-0.68133],[73.19142,-0.68279],[73.19516,-0.67449],[73.19646,-0.68133]]],[[[73.12428,-0.65618],[73.12696,-0.66627],[73.12387,-0.66473],[73.12428,-0.65618]]],[[[73.22731,-0.64284],[73.22999,-0.6233],[73.24,-0.62558],[73.22731,-0.64284]]],[[[73.10499,-0.5792],[73.11158,-0.61712],[73.11866,-0.64129],[73.0949,-0.60467],[73.09116,-0.58603],[73.10499,-0.5792]]],[[[73.24675,-0.58864],[73.24464,-0.60719],[73.24733,-0.5779],[73.24675,-0.58864]]],[[[73.09889,0.21638],[73.10434,0.21963],[73.10287,0.21345],[73.09889,0.21638]]],[[[73.209,0.23998],[73.21746,0.23774],[73.21095,0.23216],[73.209,0.23998]]],[[[73.24366,1.88874],[73.24399,1.89411],[73.25172,1.8924],[73.24366,1.88874]]],[[[73.10231,2.18098],[73.09946,2.18195],[73.09889,2.18464],[73.10231,2.18098]]],[[[73.115,2.1918],[73.11687,2.19766],[73.12086,2.1918],[73.115,2.1918]]],[[[73.14381,2.55036],[73.14096,2.55036],[73.14552,2.55329],[73.14381,2.55036]]],[[[73.09099,5.15852],[73.08774,5.15794],[73.09132,5.16136],[73.09099,5.15852]]],[[[73.10711,5.17097],[73.10418,5.17292],[73.11052,5.17032],[73.10711,5.17097]]],[[[73.13185,5.2425],[73.12843,5.24116],[73.13185,5.24457],[73.13185,5.2425]]],[[[73.11264,5.29845],[73.10922,5.29515],[73.10922,5.2967],[73.11264,5.29845]]],[[[73.25074,6.0834],[73.24903,6.07953],[73.24545,6.07978],[73.25074,6.0834]]],[[[73.24887,6.11017],[73.25196,6.11115],[73.24684,6.10773],[73.24887,6.11017]]],[[[73.22047,6.13207],[73.219,6.1293],[73.21518,6.12857],[73.22047,6.13207]]],[[[73.26726,6.15095],[73.26515,6.15062],[73.26539,6.15355],[73.26726,6.15095]]],[[[73.21892,6.17227],[73.21404,6.16877],[73.21583,6.17121],[73.21892,6.17227]]],[[[73.23634,6.23212],[73.24391,6.23163],[73.24025,6.22895],[73.23634,6.23212]]],[[[73.12615,6.284],[73.12289,6.28335],[73.12843,6.28685],[73.12615,6.284]]],[[[73.21306,6.28921],[73.20875,6.28644],[73.20932,6.28685],[73.21306,6.28921]]],[[[73.08334,6.30858],[73.08139,6.30561],[73.07814,6.30508],[73.08334,6.30858]]],[[[73.20191,6.32217],[73.20102,6.31826],[73.19418,6.3216],[73.20191,6.32217]]],[[[73.1242,6.33226],[73.11931,6.32892],[73.12094,6.33104],[73.1242,6.33226]]],[[[73.181,6.34984],[73.18214,6.34634],[73.18019,6.34711],[73.181,6.34984]]],[[[73.09669,6.70612],[73.10043,6.69977],[73.09588,6.69843],[73.09669,6.70612]]],[[[73.15284,6.74921],[73.13168,6.72504],[73.136,6.7412],[73.15952,6.78653],[73.15284,6.74921]]],[[[73.19728,6.82811],[73.18377,6.82111],[73.18165,6.83051],[73.19728,6.82811]]],[[[73.14031,6.83869],[73.13803,6.83967],[73.13901,6.84443],[73.14031,6.83869]]],[[[73.09295,6.85309],[73.094,6.84756],[73.09181,6.84833],[73.09295,6.85309]]],[[[73.10662,6.89045],[73.10434,6.88955],[73.10174,6.89354],[73.10662,6.89045]]],[[[73.20395,6.88495],[73.20191,6.90225],[73.21404,6.91861],[73.21306,6.90461],[73.20395,6.88495]]],[[[73.19191,6.9676],[73.19467,6.95124],[73.19321,6.95099],[73.19191,6.9676]]],[[[73.44304,-0.29274],[73.44451,-0.30429],[73.43523,-0.29363],[73.44304,-0.29274]]],[[[73.37908,0.28518],[73.36964,0.28002],[73.3711,0.28596],[73.37908,0.28518]]],[[[73.38356,0.6389],[73.38673,0.6354],[73.38478,0.63557],[73.38356,0.6389]]],[[[73.36883,0.76044],[73.37184,0.75658],[73.36996,0.75702],[73.36883,0.76044]]],[[[73.34978,0.84406],[73.35287,0.84154],[73.35108,0.84064],[73.34978,0.84406]]],[[[73.36516,1.79104],[73.37582,1.78856],[73.36817,1.78295],[73.36516,1.79104]]],[[[73.40211,1.7956],[73.39438,1.79475],[73.39479,1.79877],[73.40211,1.7956]]],[[[73.45265,1.82681],[73.46363,1.82632],[73.45672,1.82038],[73.45265,1.82681]]],[[[73.32325,1.98648],[73.31837,1.9831],[73.31544,1.98505],[73.32325,1.98648]]],[[[73.38697,2.02863],[73.38624,2.03034],[73.38697,2.03303],[73.38697,2.02863]]],[[[73.344,2.34805],[73.3436,2.34418],[73.34205,2.34211],[73.344,2.34805]]],[[[73.36622,2.41153],[73.36256,2.38491],[73.35385,2.42902],[73.36622,2.41153]]],[[[73.3152,2.49413],[73.3152,2.49404],[73.31153,2.49925],[73.3152,2.49413]]],[[[73.34848,2.77538],[73.35353,2.77192],[73.35141,2.7707],[73.34848,2.77538]]],[[[73.39926,2.78571],[73.39064,2.77538],[73.39186,2.78148],[73.39926,2.78571]]],[[[73.35727,2.89981],[73.3628,2.89838],[73.36069,2.89753],[73.35727,2.89981]]],[[[73.43523,3.84492],[73.4323,3.84174],[73.43246,3.84683],[73.43523,3.84492]]],[[[73.44304,3.91877],[73.43816,3.91645],[73.44353,3.92056],[73.44304,3.91877]]],[[[73.46925,3.93696],[73.46998,3.93513],[73.46754,3.93366],[73.46925,3.93696]]],[[[73.3449,3.94457],[73.34148,3.94204],[73.34148,3.9431],[73.3449,3.94457]]],[[[73.4214,4.11636],[73.41896,4.11571],[73.42262,4.11835],[73.4214,4.11636]]],[[[73.37672,4.47443],[73.37729,4.46528],[73.37387,4.46699],[73.37672,4.47443]]],[[[73.40528,4.6284],[73.403,4.62743],[73.40121,4.62983],[73.40528,4.6284]]],[[[73.43653,4.96988],[73.44117,4.97492],[73.44728,4.97134],[73.43653,4.96988]]],[[[73.46705,5.30834],[73.47014,5.30772],[73.4642,5.30683],[73.46705,5.30834]]],[[[73.39617,5.35712],[73.39869,5.35961],[73.40121,5.35615],[73.39617,5.35712]]],[[[73.31918,5.36294],[73.32488,5.36677],[73.33009,5.36685],[73.31918,5.36294]]],[[[73.3449,5.42683],[73.34457,5.42674],[73.3475,5.42878],[73.3449,5.42683]]],[[[73.36313,5.45938],[73.36069,5.45783],[73.36297,5.46308],[73.36313,5.45938]]],[[[73.46241,5.54361],[73.45932,5.54173],[73.45631,5.54267],[73.46241,5.54361]]],[[[73.37957,5.71516],[73.38258,5.72211],[73.39283,5.7377],[73.38071,5.71459],[73.37957,5.71516]]],[[[73.38453,5.78693],[73.38071,5.78413],[73.3768,5.78734],[73.38453,5.78693]]],[[[73.44313,5.84125],[73.43377,5.83088],[73.43344,5.83071],[73.44313,5.84125]]],[[[73.42848,5.90445],[73.42628,5.90327],[73.42319,5.90689],[73.42848,5.90445]]],[[[73.39533,5.9578],[73.38453,5.96475],[73.38982,5.97028],[73.39533,5.9578]]],[[[73.26596,6.185],[73.27084,6.18936],[73.26808,6.1787],[73.26596,6.185]]],[[[73.5066,0.38776],[73.51336,0.38768],[73.50856,0.38056],[73.5066,0.38776]]],[[[73.48976,0.50259],[73.49204,0.5078],[73.49464,0.49897],[73.48976,0.50259]]],[[[73.49806,1.8288],[73.50229,1.83491],[73.51808,1.84272],[73.4992,1.8277],[73.49806,1.8288]]],[[[73.53297,1.86164],[73.5324,1.86009],[73.5315,1.86351],[73.53297,1.86164]]],[[[73.54981,1.92499],[73.54884,1.91136],[73.54086,1.8924],[73.54981,1.92499]]],[[[73.54981,1.96568],[73.54981,1.96552],[73.5477,1.96833],[73.54981,1.96568]]],[[[73.54298,2.02216],[73.54029,2.02253],[73.54225,2.02456],[73.54298,2.02216]]],[[[73.58538,2.10961],[73.58546,2.10961],[73.56178,2.09471],[73.58538,2.10961]]],[[[73.55104,2.89061],[73.54908,2.88813],[73.54908,2.88874],[73.55104,2.89061]]],[[[73.56129,2.94847],[73.56422,2.95462],[73.56202,2.94611],[73.56129,2.94847]]],[[[73.57846,2.95734],[73.58587,2.96153],[73.57748,2.95116],[73.57846,2.95734]]],[[[73.61305,3.10676],[73.61256,3.10297],[73.60841,3.10041],[73.61305,3.10676]]],[[[73.51881,3.35912],[73.51922,3.35639],[73.51637,3.36123],[73.51881,3.35912]]],[[[73.74773,3.45099],[73.75318,3.44636],[73.74855,3.44819],[73.74773,3.45099]]],[[[73.50611,3.49771],[73.50847,3.49657],[73.50856,3.49649],[73.50611,3.49771]]],[[[73.50831,4.09341],[73.50831,4.09333],[73.50229,4.10077],[73.50831,4.09341]]],[[[73.5462,4.24304],[73.53817,4.18331],[73.51089,4.16209],[73.4312,4.18465],[73.51202,4.1863],[73.5462,4.24304]]],[[[73.59588,4.34227],[73.59246,4.34016],[73.58912,4.34056],[73.59588,4.34227]]],[[[73.61183,4.35651],[73.60955,4.35562],[73.60768,4.3581],[73.61183,4.35651]]],[[[73.63706,4.364],[73.63364,4.36469],[73.63168,4.36848],[73.63706,4.364]]],[[[73.66432,4.38833],[73.66831,4.38687],[73.66619,4.38593],[73.66432,4.38833]]],[[[73.70281,4.43472],[73.70086,4.43228],[73.69744,4.43138],[73.70281,4.43472]]],[[[73.69996,4.45165],[73.70265,4.45291],[73.69988,4.44916],[73.69996,4.45165]]],[[[73.55388,4.61392],[73.55161,4.61298],[73.54981,4.61538],[73.55388,4.61392]]],[[[73.49073,4.71674],[73.48846,4.71597],[73.48666,4.71821],[73.49073,4.71674]]],[[[73.49977,5.24689],[73.49724,5.24502],[73.49383,5.246],[73.49977,5.24689]]],[[[73.58286,5.27558],[73.57,5.27676],[73.58204,5.28181],[73.58286,5.27558]]],[[[73.62721,5.33112],[73.6233,5.33186],[73.62957,5.33283],[73.62721,5.33112]]],[[[73.6434,5.34394],[73.64007,5.34219],[73.6399,5.34219],[73.6434,5.34394]]],[[[73.63673,5.4029],[73.6325,5.38605],[73.62778,5.41327],[73.63673,5.4029]]],[[[73.53492,5.44986],[73.53126,5.45043],[73.53745,5.4514],[73.53492,5.44986]]]]}},{"type":"Feature","id":"IND-kashmir","properties":{"id":"IND-kashmir","iso3":"IND","country_ja":"インド","un_region_ja":"南アジア","area_ja":"最北部（スリナガル周辺のカシミール盆地）","level":"やや高い","source_ids":["IND_C01","PEW_IND_DRESS","PEW2025"],"clothing_evidence":"服装調査あり（地図の各範囲を直接測定したものではない）","geometry_kind_ja":"緯度経度で囲った概略","geometry_method":{"type":"bbox","bounds":[73.9,33.4,75.7,34.8]},"map_number":54},"geometry":{"type":"Polygon","coordinates":[[[74.15778,33.49424],[74.14155,33.54937],[73.9767,33.64839],[73.96616,33.73453],[74.03458,33.82861],[74.17752,33.85755],[74.23953,33.90101],[74.27229,33.96214],[74.22837,34.01289],[74.1184,34.00252],[74.04502,34.01942],[73.9767,34.00459],[73.9,34.05053],[73.9,34.11879],[73.99541,34.17644],[73.99055,34.21851],[73.93774,34.30421],[73.9,34.30808],[73.9,34.54518],[73.92596,34.56497],[73.91934,34.64254],[73.96223,34.66817],[74.12088,34.69085],[74.28583,34.76889],[74.34888,34.77343],[74.66493,34.68832],[75.01778,34.62972],[75.21291,34.64497],[75.34809,34.55722],[75.61164,34.49836],[75.7,34.50295],[75.7,33.4],[74.12264,33.4],[74.15778,33.49424]]]}},{"type":"Feature","id":"IND-upper-ganges","properties":{"id":"IND-upper-ganges","iso3":"IND","country_ja":"インド","un_region_ja":"南アジア","area_ja":"北部（デリーの北東～東、ガンジス川上流の平野）","level":"やや高い","source_ids":["IND_C01","PEW_IND_DRESS","PEW2025"],"clothing_evidence":"服装調査あり（地図の各範囲を直接測定したものではない）","geometry_kind_ja":"緯度経度で囲った概略","geometry_method":{"type":"bbox","bounds":[77.15,28.2,79.6,30.1]},"map_number":55},"geometry":{"type":"Polygon","coordinates":[[[79.6,30.1],[79.6,28.2],[77.15,28.2],[77.15,30.1],[79.6,30.1]]]}},{"type":"Feature","id":"IND-delhi","properties":{"id":"IND-delhi","iso3":"IND","country_ja":"インド","un_region_ja":"南アジア","area_ja":"北部デリー周辺（旧市街・北東部など）","level":"やや高い","source_ids":["IND_C01","PEW_IND_DRESS","PEW2025"],"clothing_evidence":"服装調査あり（地図の各範囲を直接測定したものではない）","geometry_kind_ja":"位置の目印（面積を持たない）","geometry_method":{"type":"point","coordinates":[77.23,28.66]},"map_number":56},"geometry":{"type":"Point","coordinates":[77.23,28.66]}},{"type":"Feature","id":"IND-lucknow","properties":{"id":"IND-lucknow","iso3":"IND","country_ja":"インド","un_region_ja":"南アジア","area_ja":"北部ラクナウ周辺","level":"やや高い","source_ids":["IND_C01","PEW_IND_DRESS","PEW2025"],"clothing_evidence":"服装調査あり（地図の各範囲を直接測定したものではない）","geometry_kind_ja":"位置の目印（面積を持たない）","geometry_method":{"type":"point","coordinates":[80.95,26.85]},"map_number":57},"geometry":{"type":"Point","coordinates":[80.95,26.85]}},{"type":"Feature","id":"IND-bihar-east","properties":{"id":"IND-bihar-east","iso3":"IND","country_ja":"インド","un_region_ja":"南アジア","area_ja":"東部（バングラデシュの北西側、ビハール州東端）","level":"やや高い","source_ids":["CENSUS2011_KISHANGANJ","PEW_IND_DRESS","PEW2025"],"clothing_evidence":"服装調査あり（地図の各範囲を直接測定したものではない）","geometry_kind_ja":"緯度経度で囲った概略","geometry_method":{"type":"bbox","bounds":[87.1,25.3,88.3,26.7]},"map_number":58},"geometry":{"type":"Polygon","coordinates":[[[87.1,26.41442],[87.10629,26.40475],[87.2191,26.4081],[87.2453,26.37023],[87.30049,26.34599],[87.32622,26.35333],[87.3564,26.40371],[87.41645,26.42697],[87.48032,26.4234],[87.58698,26.37803],[87.68119,26.42423],[87.72754,26.40376],[87.76899,26.45146],[87.8216,26.43751],[87.86981,26.46464],[87.97549,26.36656],[88.00665,26.36986],[88.07419,26.45394],[88.07982,26.51756],[88.15173,26.7],[88.3,26.7],[88.3,26.20717],[88.21888,26.18016],[88.1638,26.14047],[88.13992,26.08533],[88.15103,26.03133],[88.0744,25.90814],[88.08757,25.83098],[88.12773,25.77491],[88.22746,25.80427],[88.25992,25.78902],[88.3,25.75504],[88.3,25.3],[87.1,25.3],[87.1,26.41442]]]}},{"type":"Feature","id":"IND-bengal","properties":{"id":"IND-bengal","iso3":"IND","country_ja":"インド","un_region_ja":"南アジア","area_ja":"東部（バングラデシュ国境の西側）","level":"やや高い","source_ids":["IND_C01","PEW_IND_DRESS","PEW2025"],"clothing_evidence":"服装調査あり（地図の各範囲を直接測定したものではない）","geometry_kind_ja":"緯度経度で囲った概略","geometry_method":{"type":"bbox","bounds":[87.6,21.6,89.2,25.65]},"map_number":59},"geometry":{"type":"MultiPolygon","coordinates":[[[[88.42378,25.59224],[88.53029,25.5002],[88.66635,25.46289],[88.74257,25.49519],[88.74195,25.51276],[88.77234,25.50196],[88.81492,25.4586],[88.79962,25.39561],[88.842,25.33282],[88.90287,25.30342],[88.97532,25.30264],[88.98493,25.28497],[88.92907,25.22942],[88.92788,25.19273],[88.90964,25.18916],[88.92416,25.16787],[88.81709,25.19681],[88.78422,25.16095],[88.63426,25.19226],[88.55938,25.17076],[88.4413,25.18973],[88.4258,25.05106],[88.32275,24.87468],[88.24276,24.8806],[88.20245,24.9453],[88.11491,24.91641],[88.14096,24.84458],[88.08825,24.79614],[88.07698,24.76118],[88.05321,24.75498],[88.02179,24.6456],[88.05724,24.63411],[88.08184,24.59987],[88.08602,24.53672],[88.10995,24.50099],[88.4013,24.36942],[88.4754,24.31547],[88.63452,24.29413],[88.66015,24.33826],[88.73751,24.2871],[88.7464,24.21408],[88.67808,24.15429],[88.6741,24.08264],[88.725,24.03838],[88.70159,23.99528],[88.71415,23.92516],[88.65312,23.86978],[88.57762,23.85516],[88.5401,23.64995],[88.56636,23.62874],[88.56171,23.60202],[88.60925,23.58879],[88.71942,23.4681],[88.75683,23.4988],[88.77017,23.48883],[88.68594,23.29331],[88.69658,23.25235],[88.7757,23.22163],[88.82267,23.23796],[88.95998,23.20269],[88.8513,23.07513],[88.83879,22.97581],[88.89347,22.87964],[88.94452,22.84801],[88.93688,22.78233],[88.90814,22.74078],[88.95641,22.58498],[88.92799,22.54813],[88.97098,22.52793],[89.0025,22.42799],[88.98948,22.39667],[89.00152,22.33368],[89.02354,22.29482],[89.00912,22.28562],[89.0623,22.21157],[89.07816,22.15085],[89.06039,22.12987],[89.04371,22.1374],[89.03688,22.0856],[89.06088,21.93846],[89.01303,21.92943],[89.00953,21.90461],[88.94467,21.93879],[88.92872,21.98656],[88.90504,21.96943],[88.92408,21.92634],[89.01588,21.85334],[89.04371,21.73334],[89.08522,21.67471],[89.08269,21.61734],[89.05323,21.60981],[89.03395,21.63325],[89.00025,21.60342],[88.89161,21.65351],[88.85865,21.76683],[88.83823,21.70197],[88.85865,21.63654],[88.80584,21.62287],[88.81088,21.69172],[88.77711,21.64354],[88.78488,21.6],[88.71782,21.6],[88.72218,21.6092],[88.68491,21.69721],[88.69451,21.83983],[88.72218,21.96613],[88.76303,22.01728],[88.70851,22.07221],[88.76303,22.13056],[88.72657,22.12116],[88.69483,22.08153],[88.69947,22.05321],[88.73072,22.03718],[88.68995,21.94599],[88.63087,21.94546],[88.65349,22.01801],[88.6395,22.10952],[88.68312,22.18496],[88.67994,22.20441],[88.66017,22.20502],[88.61915,22.10952],[88.62599,22.04804],[88.56707,21.85082],[88.56463,21.76683],[88.62403,21.77802],[88.63282,21.75007],[88.61264,21.6975],[88.59181,21.70539],[88.59962,21.63727],[88.59506,21.61213],[88.57814,21.62344],[88.57604,21.6],[88.50588,21.6],[88.52963,21.65762],[88.50489,21.74152],[88.53289,21.79531],[88.49562,21.8767],[88.51498,21.9372],[88.49562,21.95181],[88.47446,21.89033],[88.4935,21.80516],[88.47446,21.80097],[88.45338,21.74177],[88.47218,21.66327],[88.45631,21.62401],[88.39308,21.60025],[88.39259,21.69855],[88.35572,21.68496],[88.33123,21.71906],[88.34881,21.65029],[88.33546,21.61579],[88.30974,21.61018],[88.29819,21.76411],[88.26157,21.79865],[88.29542,21.67658],[88.28338,21.6092],[88.28889,21.6],[88.2381,21.6],[88.23748,21.60171],[88.20826,21.60297],[88.18189,21.66523],[88.20973,21.78856],[88.15406,21.88809],[88.14674,21.95922],[88.22242,22.07795],[88.19801,22.16779],[88.08131,22.21735],[88.07732,22.24042],[88.04347,22.22476],[88.00904,22.24042],[87.97267,22.28319],[87.94044,22.41303],[87.90659,22.42475],[87.96534,22.24482],[88.00847,22.2049],[88.13258,22.17914],[88.16098,22.15656],[88.16432,22.08979],[88.11118,22.03486],[88.04314,22.01728],[88.05079,21.98501],[87.98365,21.85419],[87.834,21.72931],[87.70379,21.6555],[87.6,21.63603],[87.6,25.3],[88.3,25.3],[88.3,25.65],[88.41971,25.65],[88.42378,25.59224]]],[[[88.86211,21.6],[88.84087,21.6],[88.84132,21.614],[88.86211,21.6]]],[[[88.05055,21.70539],[88.11931,21.85952],[88.14674,21.86986],[88.167,21.76545],[88.16342,21.70547],[88.13258,21.68496],[88.13941,21.63032],[88.05177,21.64159],[88.05055,21.70539]]],[[[88.58497,21.82661],[88.63624,21.92137],[88.67058,21.90742],[88.64633,21.78791],[88.59181,21.80439],[88.58497,21.82661]]],[[[88.11891,21.94501],[88.12501,21.88866],[88.0809,21.84935],[88.07732,21.90461],[88.09425,21.93789],[88.11891,21.94501]]]]}},{"type":"Feature","id":"IND-assam","properties":{"id":"IND-assam","iso3":"IND","country_ja":"インド","un_region_ja":"南アジア","area_ja":"北東部（バングラデシュ北側の低地）","level":"やや高い","source_ids":["IND_C01","PEW_IND_DRESS","PEW2025"],"clothing_evidence":"服装調査あり（地図の各範囲を直接測定したものではない）","geometry_kind_ja":"緯度経度で囲った概略","geometry_method":{"type":"bbox","bounds":[89.6,25.2,92.2,26.6]},"map_number":60},"geometry":{"type":"MultiPolygon","coordinates":[[[[92.2,25.2],[91.24159,25.2],[91.2357,25.20192],[91.22238,25.2],[90.17421,25.2],[90.13008,25.21159],[89.90813,25.29691],[89.81904,25.28497],[89.79502,25.37416],[89.83439,25.63477],[89.78313,25.81445],[89.83439,25.93175],[89.79202,25.94911],[89.82866,25.9794],[89.81413,25.99614],[89.78943,25.98798],[89.75584,26.03242],[89.71848,26.14554],[89.6558,26.1613],[89.65301,26.22269],[89.61332,26.21938],[89.61441,26.16419],[89.6,26.16681],[89.6,26.6],[92.2,26.6],[92.2,25.2]]],[[[89.6,26.11691],[89.6,26.12296],[89.60422,26.12073],[89.6,26.11691]]],[[[89.6,26.06134],[89.6,26.07602],[89.61136,26.07221],[89.6,26.06134]]]]}},{"type":"Feature","id":"IND-malabar","properties":{"id":"IND-malabar","iso3":"IND","country_ja":"インド","un_region_ja":"南アジア","area_ja":"南西部（コジコード周辺～その北・南の海岸）","level":"やや高い","source_ids":["IND_C01","KOZHIKODE","PEW_IND_DRESS","PEW2025"],"clothing_evidence":"服装調査あり（地図の各範囲を直接測定したものではない）","geometry_kind_ja":"緯度経度で囲った概略","geometry_method":{"type":"bbox","bounds":[74.85,10.7,76.5,12.8]},"map_number":61},"geometry":{"type":"Polygon","coordinates":[[[76.5,10.7],[75.95047,10.7],[75.92205,10.76557],[75.94158,10.79621],[75.91114,10.80923],[75.89454,10.84976],[75.83277,11.09785],[75.73081,11.33173],[75.73552,11.37153],[75.72218,11.3675],[75.66481,11.46263],[75.6089,11.48493],[75.50611,11.72724],[75.37973,11.86498],[75.35581,11.85765],[75.32456,11.89912],[75.30763,11.9322],[75.40024,11.92023],[75.38282,11.9455],[75.3934,11.97484],[75.34913,11.94758],[75.30226,11.96605],[75.2811,12.01065],[75.32976,12.01264],[75.30421,12.04316],[75.26433,12.01333],[75.2767,11.96743],[75.22218,12.02204],[75.20851,12.00837],[75.1937,12.02228],[75.13087,12.20783],[75.13966,12.2486],[75.10548,12.22126],[75.08286,12.30589],[74.99204,12.46174],[74.85,12.77531],[74.85,12.8],[76.5,12.8],[76.5,10.7]]]}},{"type":"Feature","id":"IND-lakshadweep","properties":{"id":"IND-lakshadweep","iso3":"IND","country_ja":"インド","un_region_ja":"南アジア","area_ja":"南西沖の小島群（ラクシャドウィープ）","level":"やや高い","source_ids":["IND_C01","PEW_IND_DRESS","PEW2025"],"clothing_evidence":"服装調査あり（地図の各範囲を直接測定したものではない）","geometry_kind_ja":"行政区を束ねた概略","geometry_method":{"type":"admin1","names":["Lakshadweep"]},"map_number":62},"geometry":{"type":"MultiPolygon","coordinates":[[[[72.64861,10.57396],[72.63852,10.55939],[72.62745,10.55476],[72.64861,10.57396]]],[[[72.54086,10.77652],[72.54876,10.77932],[72.54119,10.7729],[72.54086,10.77652]]],[[[72.20004,10.87808],[72.20004,10.86445],[72.1727,10.80923],[72.17905,10.8487],[72.20004,10.87808]]],[[[72.74496,11.10952],[72.73951,11.10883],[72.73951,11.11396],[72.74496,11.10952]]],[[[72.79558,11.25723],[72.7754,11.18659],[72.77037,11.20366],[72.79558,11.25723]]],[[[72.70509,11.69233],[72.70525,11.68732],[72.70094,11.68643],[72.70509,11.69233]]],[[[73.084,8.3085],[73.06609,8.27045],[73.0241,8.25544],[73.02247,8.27436],[73.02931,8.26],[73.04835,8.26756],[73.084,8.3085]]],[[[73.64096,10.06932],[73.63258,10.05728],[73.64389,10.09455],[73.64096,10.06932]]],[[[73.65561,10.14476],[73.65789,10.13907],[73.65463,10.14151],[73.65561,10.14476]]],[[[73.68124,10.82807],[73.68442,10.82754],[73.67286,10.82469],[73.68124,10.82807]]],[[[73.01092,11.49014],[73.00563,11.47964],[73.00441,11.49649],[73.01092,11.49014]]]]}},{"type":"Feature","id":"IND-hyderabad","properties":{"id":"IND-hyderabad","iso3":"IND","country_ja":"インド","un_region_ja":"南アジア","area_ja":"南中部ハイデラバード旧市街周辺","level":"やや高い","source_ids":["IND_C01","PEW_IND_DRESS","PEW2025"],"clothing_evidence":"服装調査あり（地図の各範囲を直接測定したものではない）","geometry_kind_ja":"位置の目印（面積を持たない）","geometry_method":{"type":"point","coordinates":[78.47,17.36]},"map_number":63},"geometry":{"type":"Point","coordinates":[78.47,17.36]}},{"type":"Feature","id":"IND-mumbai","properties":{"id":"IND-mumbai","iso3":"IND","country_ja":"インド","un_region_ja":"南アジア","area_ja":"西岸ムンバイの一部","level":"やや高い","source_ids":["IND_C01","PEW_IND_DRESS","PEW2025"],"clothing_evidence":"服装調査あり（地図の各範囲を直接測定したものではない）","geometry_kind_ja":"位置の目印（面積を持たない）","geometry_method":{"type":"point","coordinates":[72.84,18.98]},"map_number":64},"geometry":{"type":"Point","coordinates":[72.84,18.98]}},{"type":"Feature","id":"IND-bhopal","properties":{"id":"IND-bhopal","iso3":"IND","country_ja":"インド","un_region_ja":"南アジア","area_ja":"中部ボパールの一部","level":"やや高い","source_ids":["IND_C01","PEW_IND_DRESS","PEW2025"],"clothing_evidence":"服装調査あり（地図の各範囲を直接測定したものではない）","geometry_kind_ja":"位置の目印（面積を持たない）","geometry_method":{"type":"point","coordinates":[77.4,23.26]},"map_number":65},"geometry":{"type":"Point","coordinates":[77.4,23.26]}},{"type":"Feature","id":"IND-bengaluru","properties":{"id":"IND-bengaluru","iso3":"IND","country_ja":"インド","un_region_ja":"南アジア","area_ja":"南部ベンガルールの一部","level":"やや高い","source_ids":["IND_C01","PEW_IND_DRESS","PEW2025"],"clothing_evidence":"服装調査あり（地図の各範囲を直接測定したものではない）","geometry_kind_ja":"位置の目印（面積を持たない）","geometry_method":{"type":"point","coordinates":[77.59,12.97]},"map_number":66},"geometry":{"type":"Point","coordinates":[77.59,12.97]}},{"type":"Feature","id":"NPL-terai","properties":{"id":"NPL-terai","iso3":"NPL","country_ja":"ネパール","un_region_ja":"南アジア","area_ja":"南部の低地（インド国境沿いの中西部・東部）","level":"やや高い","source_ids":["PEW2025","IRF-NPL"],"clothing_evidence":"宗教人口・地域分布からの弱い定性推定／着用率未取得","geometry_kind_ja":"手描きの概略","geometry_method":{"type":"polygon","coordinates":[[80.8,28.5],[81.4,28.25],[82.2,28.05],[83.5,27.85],[84.5,27.65],[85.5,27.1],[86.5,26.95],[87.6,26.8],[87.6,26.25],[83.0,26.4],[80.8,27.0],[80.8,28.5]]},"map_number":67},"geometry":{"type":"MultiPolygon","coordinates":[[[[80.89333,28.46111],[80.9476,28.4385],[80.90527,28.44085],[80.89333,28.46111]]],[[[80.98443,28.42315],[81.09509,28.37704],[81.00041,28.397],[80.98443,28.42315]]],[[[83.5,27.85],[84.5,27.65],[85.5,27.1],[86.5,26.95],[87.6,26.8],[87.6,26.38441],[87.58698,26.37803],[87.48032,26.4234],[87.41645,26.42697],[87.3564,26.40371],[87.32622,26.35333],[87.30049,26.34599],[87.2453,26.37023],[87.2191,26.4081],[87.10629,26.40475],[87.06671,26.46562],[87.04133,26.58019],[86.87597,26.49492],[86.82186,26.43813],[86.7382,26.44371],[86.7136,26.41456],[86.49491,26.52784],[86.35367,26.58262],[86.316,26.58096],[86.28443,26.61202],[86.19585,26.58267],[86.01137,26.65445],[85.95215,26.64204],[85.82854,26.56613],[85.80973,26.60303],[85.781,26.5992],[85.71289,26.65321],[85.70183,26.79661],[85.59858,26.85438],[85.43962,26.78772],[85.38588,26.78844],[85.30237,26.73734],[85.19493,26.75888],[85.16568,26.78627],[85.16202,26.85102],[85.12284,26.8657],[85.01856,26.8458],[85.01805,26.87443],[84.95273,26.89764],[84.92405,26.95567],[84.81749,27.0106],[84.7607,26.99902],[84.62727,27.03649],[84.65765,27.20341],[84.60655,27.31048],[84.57704,27.32903],[84.28941,27.37611],[84.22554,27.44039],[84.18585,27.43864],[84.11717,27.51328],[84.0796,27.50954],[84.00767,27.44081],[83.92302,27.44995],[83.83409,27.43404],[83.87765,27.36991],[83.8546,27.34505],[83.59043,27.45662],[83.38703,27.47047],[83.35592,27.45249],[83.36275,27.38562],[83.32435,27.34169],[83.28244,27.33094],[83.13279,27.44422],[83.01047,27.44339],[82.87626,27.48755],[82.75214,27.49496],[82.72971,27.51817],[82.67969,27.69441],[82.65214,27.70415],[82.44068,27.66643],[82.40193,27.67717],[82.34792,27.72601],[82.02722,27.91241],[81.9759,27.91695],[81.8832,27.84905],[81.85565,27.85094],[81.68895,27.9632],[81.61505,27.98124],[81.47346,28.0664],[81.39604,28.16063],[81.35791,28.16598],[81.33812,28.13273],[81.29621,28.12831],[81.27678,28.15379],[81.29595,28.16746],[81.22432,28.25078],[81.17926,28.34198],[81.4,28.25],[82.2,28.05],[83.5,27.85]]]]}},{"type":"Feature","id":"LKA-east","properties":{"id":"LKA-east","iso3":"LKA","country_ja":"スリランカ","un_region_ja":"南アジア","area_ja":"東部海岸（トリンコマリー～アンパラ）","level":"やや高い","source_ids":["LKA2024","PEW2025"],"clothing_evidence":"宗教人口・地域分布からの弱い定性推定／着用率未取得","geometry_kind_ja":"行政区を束ねた概略","geometry_method":{"type":"admin1","names":["Trikuṇāmalaya","Maḍakalapuva","Ampāra"]},"map_number":68},"geometry":{"type":"MultiPolygon","coordinates":[[[[81.88071,7.32709],[81.87599,7.09195],[81.88379,7.05269],[81.88445,6.99453],[81.86857,6.92575],[81.80718,6.71745],[81.7798,6.6636],[81.77564,6.61042],[81.7071,6.5124],[81.63794,6.54218],[81.60807,6.5788],[81.63412,6.9457],[81.61014,7.02112],[81.61675,7.05965],[81.52467,7.09822],[81.49997,7.1508],[81.54875,7.21912],[81.48808,7.31382],[81.46266,7.42802],[81.47743,7.45081],[81.4578,7.45611],[81.37501,7.40932],[81.38183,7.3727],[81.36571,7.34751],[81.32065,7.33746],[81.32602,7.26175],[81.28716,7.24124],[81.24696,7.3333],[81.22598,7.33353],[81.19993,7.37164],[81.18639,7.44043],[81.20148,7.55832],[81.15704,7.56791],[81.04635,7.50776],[80.98806,7.61494],[80.98899,7.72077],[81.0634,7.72759],[81.22081,7.65359],[81.24117,7.73911],[81.22701,7.81647],[81.24334,7.92249],[81.33987,7.9374],[81.30752,8.0476],[81.3103,8.25662],[81.2823,8.25735],[81.2266,8.15558],[81.1927,8.15433],[81.20965,8.17402],[81.19787,8.22862],[81.13482,8.25833],[80.99901,8.27262],[80.98238,8.3059],[80.92419,8.33686],[80.9523,8.43832],[80.98713,8.47426],[80.89607,8.62573],[80.91075,8.68205],[80.88398,8.78608],[80.91261,8.8368],[80.8106,8.91589],[80.75303,8.90509],[80.76575,8.93682],[80.91769,8.98719],[80.93507,8.96491],[80.91489,8.94392],[80.9476,8.93293],[80.97853,8.97997],[81.04672,8.88215],[81.09278,8.85163],[81.11427,8.79999],[81.15016,8.77717],[81.17652,8.69888],[81.19752,8.70571],[81.2317,8.65107],[81.20436,8.61009],[81.22495,8.61685],[81.24977,8.5458],[81.22486,8.54181],[81.21225,8.5727],[81.21062,8.50711],[81.15903,8.53457],[81.13396,8.50129],[81.17026,8.5207],[81.21314,8.4724],[81.2811,8.46703],[81.29664,8.47679],[81.28639,8.50023],[81.33416,8.51455],[81.36573,8.48216],[81.38941,8.36371],[81.35182,8.40469],[81.35662,8.36249],[81.39926,8.33926],[81.41668,8.25385],[81.4485,8.128],[81.43035,8.10301],[81.40358,8.1918],[81.39625,8.13654],[81.43556,8.09317],[81.46437,8.11603],[81.51971,7.99934],[81.53395,8.01362],[81.54021,7.98631],[81.56072,7.99934],[81.56072,7.9584],[81.59547,7.91743],[81.57586,7.88939],[81.58758,7.85529],[81.60825,7.83169],[81.6364,7.83552],[81.71314,7.71182],[81.69093,7.70515],[81.62664,7.7602],[81.59547,7.72626],[81.65903,7.72333],[81.7116,7.65054],[81.7116,7.62254],[81.71404,7.64374],[81.74903,7.62254],[81.77295,7.56799],[81.75758,7.50544],[81.7798,7.47236],[81.72352,7.4534],[81.77397,7.46215],[81.77101,7.45698],[81.79339,7.46552],[81.80779,7.41035],[81.82558,7.47266],[81.82742,7.47127],[81.84567,7.43315],[81.88071,7.32709]]],[[[81.78736,7.49681],[81.78736,7.59345],[81.73878,7.66047],[81.72511,7.73994],[81.80633,7.59858],[81.82325,7.51138],[81.80779,7.47919],[81.78736,7.49681]]]]}},{"type":"Feature","id":"LKA-northwest","properties":{"id":"LKA-northwest","iso3":"LKA","country_ja":"スリランカ","un_region_ja":"南アジア","area_ja":"北西部海岸（プッタラム～マンナール）","level":"やや高い","source_ids":["LKA2024","PEW2025"],"clothing_evidence":"宗教人口・地域分布からの弱い定性推定／着用率未取得","geometry_kind_ja":"行政区を束ねた概略","geometry_method":{"type":"admin1","names":["Puttalama","Mannārama"]},"map_number":69},"geometry":{"type":"MultiPolygon","coordinates":[[[[79.69679,8.09829],[79.69679,8.21906],[79.77858,8.35004],[79.74448,8.28116],[79.77858,8.26],[79.7461,8.20612],[79.72755,8.11091],[79.75196,8.05463],[79.73194,8.01313],[79.81023,7.98652],[79.83383,8.00308],[79.79347,8.07282],[79.82716,8.13654],[79.80665,8.24018],[79.87379,8.53807],[79.91278,8.57201],[80.03246,8.52708],[80.03814,8.48579],[80.01995,8.44752],[79.95505,8.37373],[80.00083,8.22712],[80.03845,8.23482],[80.09137,8.21051],[80.11814,8.09796],[80.15318,8.0678],[80.13323,7.97006],[80.14522,7.94789],[80.11183,7.94985],[80.01334,7.83474],[80.00435,7.73971],[79.95918,7.72092],[79.9473,7.69633],[79.96507,7.68413],[79.93872,7.67398],[79.90213,7.5999],[79.9413,7.27444],[79.82789,7.27599],[79.77858,7.60273],[79.79298,7.60273],[79.80201,7.65933],[79.69679,8.09829]]],[[[80.04802,9.02627],[80.10564,9.19286],[80.1064,9.19942],[80.10979,9.20946],[80.19173,9.23721],[80.21829,9.07371],[80.1818,9.01348],[80.17498,8.95026],[80.34004,8.95904],[80.36712,8.94643],[80.39781,8.88349],[80.39275,8.84858],[80.2465,8.82595],[80.20361,8.77706],[80.17777,8.7745],[80.17385,8.74665],[80.23534,8.68035],[80.13809,8.65505],[80.04445,8.67319],[80.05034,8.52191],[79.91278,8.57201],[79.91321,8.57306],[79.91652,8.576],[79.94166,8.64248],[79.95053,8.73981],[79.92644,8.80191],[79.91554,8.93854],[80.04802,9.02627]]],[[[79.85434,9.04149],[79.90968,8.97321],[79.79981,9.04898],[79.69801,9.08959],[79.71412,9.10358],[79.84164,9.07722],[79.91652,9.02098],[79.85434,9.04149]]]]}},{"type":"Feature","id":"LKA-colombo","properties":{"id":"LKA-colombo","iso3":"LKA","country_ja":"スリランカ","un_region_ja":"南アジア","area_ja":"西部コロンボの一部","level":"やや高い","source_ids":["LKA2024","PEW2025"],"clothing_evidence":"宗教人口・地域分布からの弱い定性推定／着用率未取得","geometry_kind_ja":"位置の目印（面積を持たない）","geometry_method":{"type":"point","coordinates":[79.86,6.93]},"map_number":70},"geometry":{"type":"Point","coordinates":[79.86,6.93]}},{"type":"Feature","id":"LKA-kandy","properties":{"id":"LKA-kandy","iso3":"LKA","country_ja":"スリランカ","un_region_ja":"南アジア","area_ja":"中部キャンディ周辺の一部","level":"やや高い","source_ids":["LKA2024","PEW2025"],"clothing_evidence":"宗教人口・地域分布からの弱い定性推定／着用率未取得","geometry_kind_ja":"位置の目印（面積を持たない）","geometry_method":{"type":"point","coordinates":[80.63,7.29]},"map_number":71},"geometry":{"type":"Point","coordinates":[80.63,7.29]}},{"type":"Feature","id":"IDN-sumatra","properties":{"id":"IDN-sumatra","iso3":"IDN","country_ja":"インドネシア","un_region_ja":"東南アジア","area_ja":"西部スマトラ島（北端アチェ・西部・南部など）","level":"高い","source_ids":["BPS2010","ISEAS2022","PEW2025"],"clothing_evidence":"服装調査あり（地図の各範囲を直接測定したものではない）","geometry_kind_ja":"行政区を束ねた概略","geometry_method":{"type":"admin1","names":["Aceh","Sumatera Barat","Riau","Jambi","Sumatera Selatan","Bengkulu","Lampung","Bangka-Belitung","Kepulauan Riau"]},"map_number":72},"geometry":{"type":"MultiPolygon","coordinates":[[[[102.30405,-5.34238],[102.39438,-5.37591],[102.4065,-5.40374],[102.36622,-5.44158],[102.39015,-5.47698],[102.29786,-5.47275],[102.28354,-5.49928],[102.2461,-5.44158],[102.09864,-5.33489],[102.17205,-5.28037],[102.27394,-5.31227],[102.30405,-5.34238]]],[[[103.04998,-4.54306],[102.92042,-4.49261],[102.87631,-4.42059],[102.70118,-4.27044],[102.31251,-3.99147],[102.28354,-3.93092],[102.31088,-3.86541],[102.26319,-3.79314],[102.22218,-3.64284],[101.73412,-3.3155],[101.62829,-3.23709],[101.41896,-2.92734],[101.327,-2.73919],[101.10483,-2.58709],[100.92311,-2.33343],[100.834,-2.15911],[100.88722,-2.03721],[100.8576,-1.89186],[100.77605,-1.80576],[100.65447,-1.61761],[100.63258,-1.50799],[100.57057,-1.44256],[100.58424,-1.39471],[100.56918,-1.33082],[100.45826,-1.26385],[100.40602,-1.26442],[100.43328,-1.20672],[100.36606,-1.15049],[100.38494,-1.10394],[100.37127,-1.07334],[100.41285,-1.07334],[100.41635,-1.04778],[100.37989,-1.03045],[100.35304,-0.97715],[100.344,-0.90879],[100.30144,-0.81634],[100.15968,-0.6679],[100.03492,-0.48797],[99.82398,-0.31341],[99.80592,-0.2278],[99.76006,-0.16062],[99.76677,-0.07537],[99.76117,-0.06231],[99.76173,-0.05218],[99.75292,-0.04308],[99.74724,-0.02984],[99.66675,0.04595],[99.63282,0.081],[99.62371,0.08647],[99.61085,0.09858],[99.57667,0.11472],[99.53403,0.14033],[99.51218,0.14518],[99.49049,0.15542],[99.39259,0.1717],[99.34108,0.23876],[99.23872,0.2181],[99.19838,0.23393],[99.15378,0.25545],[99.35361,0.48447],[99.44368,0.50369],[99.56434,0.56302],[99.65534,0.53723],[99.69488,0.49542],[99.76764,0.49248],[99.81409,0.46819],[99.9082,0.50359],[99.9177,0.55971],[99.88928,0.61696],[99.81807,0.70869],[99.7942,0.78006],[99.71048,0.84889],[99.70666,0.88723],[99.77694,0.85819],[99.82639,0.86822],[99.94127,0.83618],[100.12255,0.74812],[100.1734,0.75758],[100.19717,0.73091],[100.17123,0.78543],[100.21273,0.87457],[100.20901,1.06614],[100.22539,1.14603],[100.20182,1.19238],[100.13955,1.23222],[100.12472,1.3117],[100.06721,1.37935],[100.10477,1.41521],[100.41318,1.5612],[100.44398,1.61623],[100.37556,1.81446],[100.30357,1.88118],[100.29257,1.92061],[100.3213,2.0746],[100.27872,2.35453],[100.31365,2.55455],[100.38168,2.35505],[100.43434,2.27334],[100.56105,2.15681],[100.61785,2.12906],[100.66619,2.13447],[100.81275,2.03974],[100.87241,1.97199],[100.90593,1.85692],[100.94728,1.82539],[100.94825,1.88276],[100.88551,2.03632],[100.8235,2.11595],[100.79998,2.20893],[100.84116,2.28083],[100.88592,2.29828],[101.0503,2.29149],[101.06739,2.21979],[101.31715,2.0246],[101.32667,1.91645],[101.37762,1.77326],[101.42701,1.7093],[101.56739,1.65591],[101.7492,1.66153],[102.0215,1.43789],[102.11817,1.38654],[102.15333,1.31147],[102.14723,1.24779],[102.19728,1.19961],[102.20851,1.02408],[102.42506,0.80427],[102.53224,0.74238],[102.54258,0.74299],[102.55193,0.73811],[102.66717,0.75031],[102.87713,0.72639],[102.95379,0.67585],[103.08375,0.51557],[103.0923,0.46918],[103.07472,0.44233],[102.71567,0.25764],[102.6277,0.23432],[102.58188,0.1811],[102.5027,0.2364],[102.43043,0.24632],[102.46472,0.23811],[102.43963,0.23924],[102.48072,0.23428],[102.54575,0.16914],[102.57789,0.15851],[102.69549,0.23208],[102.76344,0.22895],[102.90268,0.26777],[103.07594,0.383],[103.16627,0.4079],[103.22364,0.48843],[103.36215,0.53628],[103.54103,0.43464],[103.58766,0.37653],[103.60629,0.31086],[103.64527,0.34528],[103.73679,0.28192],[103.74751,0.26233],[103.81397,0.01887],[103.80177,-0.00726],[103.67115,-0.01743],[103.66424,-0.04054],[103.62916,-0.04839],[103.577,-0.01397],[103.56471,-0.02426],[103.58579,-0.04473],[103.57586,-0.10443],[103.49439,-0.11842],[103.46681,-0.18304],[103.41456,-0.21673],[103.27052,-0.25758],[103.33253,-0.26385],[103.48927,-0.21152],[103.49464,-0.2536],[103.43678,-0.33799],[103.34555,-0.36688],[103.40056,-0.38454],[103.49301,-0.37542],[103.5984,-0.43678],[103.54705,-0.48984],[103.41798,-0.51775],[103.37289,-0.44939],[103.38038,-0.51434],[103.41627,-0.57537],[103.37289,-0.64813],[103.38575,-0.68092],[103.34555,-0.6959],[103.37599,-0.72682],[103.4465,-0.75184],[103.46122,-0.76254],[103.44117,-0.81259],[103.52711,-0.81601],[103.56471,-0.87461],[103.58579,-0.87461],[103.6504,-0.94297],[103.79412,-1.00945],[103.82887,-1.07342],[103.85629,-1.01377],[103.95582,-0.97698],[104.04078,-1.02174],[104.12696,-1.03167],[104.21241,-1.07334],[104.31959,-1.03362],[104.37721,-1.03167],[104.41049,-1.12835],[104.40138,-1.23089],[104.44923,-1.31601],[104.46274,-1.5735],[104.53441,-1.75267],[104.53612,-1.76398],[104.48341,-1.88144],[104.49708,-1.93597],[104.53736,-1.8541],[104.56446,-1.85768],[104.63697,-1.92156],[104.58888,-2.01946],[104.65455,-1.97015],[104.66383,-2.03134],[104.6858,-2.04469],[104.77263,-1.99774],[104.81463,-2.0084],[104.85027,-2.03786],[104.88282,-2.12567],[104.85971,-2.19939],[104.75701,-2.3305],[104.6714,-2.35125],[104.60621,-2.40211],[104.70965,-2.37086],[104.73015,-2.45273],[104.71314,-2.55779],[104.56951,-2.65643],[104.53598,-2.71933],[104.5311,-2.77264],[104.59986,-2.66375],[104.73146,-2.59075],[104.76856,-2.49472],[104.77182,-2.41424],[104.83221,-2.34531],[104.84048,-2.31937],[104.85641,-2.29735],[104.87269,-2.28984],[104.90105,-2.2929],[104.92897,-2.37477],[104.94142,-2.3362],[104.98023,-2.32643],[105.0451,-2.36736],[105.08668,-2.36126],[105.11671,-2.38047],[105.24692,-2.34287],[105.33106,-2.37314],[105.535,-2.39479],[105.549,-2.42116],[105.59002,-2.39528],[105.62379,-2.40179],[105.63478,-2.44305],[105.60743,-2.52874],[105.61842,-2.5949],[105.67311,-2.66302],[105.77809,-2.69012],[105.79493,-2.72405],[105.79176,-2.86207],[105.80958,-2.89902],[105.87924,-2.9511],[105.96977,-2.95271],[105.98457,-2.95813],[106.01984,-2.97797],[106.05405,-3.04697],[106.07301,-3.25555],[105.96274,-3.32879],[105.90024,-3.40716],[105.81959,-3.67254],[105.85108,-3.74334],[105.93912,-3.82184],[105.94824,-3.85311],[105.94019,-3.88979],[105.87013,-4.00416],[105.82797,-4.15797],[105.8264,-4.1829],[105.81275,-4.2387],[105.82082,-4.2716],[105.81902,-4.30023],[105.85328,-4.4039],[105.90626,-4.46933],[105.90943,-4.54664],[105.88795,-4.60182],[105.90504,-4.6701],[105.88185,-4.69622],[105.86744,-4.82464],[105.90968,-4.94313],[105.86744,-5.04127],[105.86451,-5.25555],[105.83953,-5.33717],[105.82407,-5.53045],[105.8296,-5.65472],[105.78256,-5.82855],[105.72975,-5.89666],[105.7129,-5.83213],[105.60206,-5.80983],[105.58619,-5.79078],[105.56861,-5.68035],[105.54526,-5.65765],[105.5254,-5.67881],[105.48357,-5.65895],[105.27963,-5.44427],[105.2505,-5.45908],[105.25701,-5.51727],[105.23878,-5.56894],[105.18002,-5.5805],[105.21632,-5.69801],[105.1548,-5.72682],[105.15805,-5.74293],[105.21534,-5.75905],[105.16326,-5.78606],[105.11842,-5.78216],[104.79078,-5.60947],[104.68133,-5.50693],[104.60621,-5.47894],[104.61305,-5.49928],[104.55144,-5.50848],[104.53321,-5.55983],[104.68873,-5.80788],[104.71608,-5.92108],[104.56129,-5.92832],[104.54176,-5.84189],[104.38404,-5.69248],[104.2977,-5.64332],[104.29078,-5.62542],[104.31446,-5.60508],[104.30152,-5.58563],[104.25799,-5.53981],[104.12664,-5.46168],[103.99317,-5.31268],[103.99138,-5.24635],[103.90138,-5.21852],[103.91342,-5.13926],[103.89112,-5.10418],[103.79217,-5.03094],[103.72608,-5.01678],[103.73552,-4.97796],[103.70541,-4.95501],[103.65406,-4.97918],[103.61695,-4.91985],[103.60969,-4.91859],[103.60815,-4.91649],[103.55356,-4.90887],[103.50001,-4.86395],[103.49461,-4.86429],[103.4878,-4.85914],[103.41456,-4.86932],[103.386,-4.80495],[103.35922,-4.78737],[103.32887,-4.79412],[103.30356,-4.73414],[103.17286,-4.61793],[103.04998,-4.54306]],[[104.21036,-4.89319],[104.29785,-4.89247],[104.30015,-4.88845],[104.21036,-4.89319]],[[103.52028,-1.97905],[103.88635,-1.79477],[103.535,-1.96794],[103.52028,-1.97905]],[[103.51769,-2.12039],[103.52164,-2.12979],[103.52028,-1.97905],[103.51769,-2.12039]],[[102.59641,-2.70981],[102.63413,-2.65808],[102.58376,-2.7114],[102.59641,-2.70981]],[[102.23994,-3.00152],[102.23976,-3.0008],[102.23809,-3.00205],[102.23994,-3.00152]],[[102.23226,-3.04581],[102.21449,-3.0197],[102.21033,-3.02281],[102.23226,-3.04581]],[[102.29332,-3.07651],[102.24638,-3.06061],[102.25183,-3.06632],[102.29332,-3.07651]],[[102.36908,-3.06679],[102.32103,-3.08332],[102.32738,-3.08488],[102.36908,-3.06679]],[[102.46807,-3.12053],[102.43078,-3.08792],[102.36908,-3.06679],[102.46807,-3.12053]],[[102.48148,-3.13226],[102.47365,-3.12541],[102.48056,-3.13679],[102.48148,-3.13226]],[[102.55708,-3.33874],[102.45889,-3.24363],[102.55176,-3.33628],[102.55708,-3.33874]],[[101.42104,-1.70788],[101.44857,-1.71674],[101.46319,-1.70344],[101.42104,-1.70788]],[[101.65515,-1.51796],[101.51936,-1.63985],[101.49518,-1.67433],[101.63936,-1.54316],[101.65515,-1.51796]],[[101.67551,-1.48548],[101.68561,-1.46937],[101.67811,-1.28896],[101.67551,-1.48548]],[[101.77403,-1.2546],[101.7818,-1.24435],[101.67811,-1.28896],[101.77403,-1.2546]],[[101.81194,-1.20457],[101.841,-1.16623],[101.8409,-1.14763],[101.81194,-1.20457]],[[101.77078,-1.04538],[101.76979,-1.03823],[101.76068,-1.02796],[101.77078,-1.04538]],[[101.42848,-2.23984],[101.4187,-2.23893],[101.39054,-2.2586],[101.42848,-2.23984]],[[101.51714,-2.30523],[101.44361,-2.24126],[101.44142,-2.24106],[101.51714,-2.30523]],[[100.20678,0.71071],[100.20491,0.71465],[100.16296,0.64838],[100.20678,0.71071]],[[100.7838,0.26029],[100.7515,0.2575],[100.78769,0.25602],[100.7838,0.26029]],[[100.83848,0.2002],[100.79681,0.24599],[100.84602,0.18005],[100.83848,0.2002]],[[100.85382,0.15921],[100.85149,0.16544],[100.8475,0.0326],[100.85382,0.15921]],[[100.844,-0.03752],[100.84428,-0.03183],[100.83809,-0.03883],[100.844,-0.03752]],[[101.72297,-0.98542],[101.52526,-0.93193],[101.72999,-0.99334],[101.72297,-0.98542]]],[[[100.53639,-3.17685],[100.52882,-3.18353],[100.49366,-3.16025],[100.50847,-3.12217],[100.53639,-3.17685]]],[[[100.33766,-3.16155],[100.34522,-3.12656],[100.29233,-3.07708],[100.24822,-3.06943],[100.25465,-3.05332],[100.18946,-2.96657],[100.19996,-2.91985],[100.17897,-2.80291],[100.22731,-2.77264],[100.3851,-2.91465],[100.46754,-3.01531],[100.47291,-3.11395],[100.46453,-3.1325],[100.40602,-3.12835],[100.3864,-3.14381],[100.46697,-3.28729],[100.47828,-3.3152],[100.4607,-3.3344],[100.37867,-3.27239],[100.37623,-3.24114],[100.33692,-3.22259],[100.33033,-3.19736],[100.3602,-3.20745],[100.33766,-3.16155]]],[[[99.99627,-2.63877],[99.96713,-2.615],[99.97462,-2.49391],[100.00294,-2.4909],[100.1076,-2.60027],[100.16668,-2.62786],[100.2068,-2.69354],[100.21518,-2.75286],[100.15895,-2.77264],[100.13852,-2.82049],[100.04965,-2.80682],[100.03834,-2.83375],[100.01564,-2.83416],[100.00131,-2.76531],[99.98683,-2.76719],[99.99627,-2.63877]]],[[[99.57618,-2.22405],[99.52768,-2.14544],[99.56446,-2.13112],[99.54835,-2.06146],[99.56495,-2.03086],[99.63136,-2.01849],[99.69435,-2.0678],[99.7754,-2.25872],[99.82325,-2.2929],[99.85873,-2.35687],[99.8462,-2.38006],[99.83334,-2.35231],[99.71339,-2.31341],[99.67172,-2.27125],[99.60353,-2.26556],[99.61647,-2.23358],[99.58985,-2.21103],[99.57618,-2.22405]]],[[[98.88478,-1.67938],[98.8226,-1.6076],[98.83033,-1.57024],[98.8117,-1.52899],[98.63087,-1.28485],[98.59376,-1.19842],[98.64894,-1.07204],[98.65821,-0.96347],[98.72364,-0.94297],[98.78858,-0.95664],[98.84002,-0.92246],[98.8982,-0.9157],[98.89161,-0.93548],[98.91798,-0.94012],[98.94581,-0.98463],[98.9393,-1.00368],[98.90528,-0.99065],[98.93832,-1.06512],[98.98032,-1.09368],[99.06764,-1.24139],[99.05307,-1.27264],[99.07765,-1.28338],[99.11671,-1.36663],[99.16472,-1.41424],[99.16529,-1.45623],[99.12428,-1.42889],[99.13063,-1.44817],[99.20362,-1.51727],[99.20973,-1.57293],[99.26206,-1.58668],[99.29428,-1.68621],[99.27442,-1.73797],[99.25416,-1.65447],[99.22674,-1.61444],[99.20004,-1.62811],[99.25489,-1.77207],[99.18214,-1.7737],[99.1185,-1.80234],[98.88478,-1.67938]]],[[[102.88453,0.31525],[102.92726,0.31086],[102.87534,0.28408],[102.83912,0.29096],[102.88453,0.31525]]],[[[102.50066,0.95327],[102.46762,1.10643],[102.48902,1.13329],[102.55641,1.12568],[102.61573,1.05768],[102.60548,1.01118],[102.66375,0.99608],[102.71876,1.01728],[102.76385,1.01118],[103.02174,0.84528],[103.04868,0.79702],[103.04371,0.72069],[103.00733,0.69383],[102.89471,0.78998],[102.68149,0.80492],[102.55787,0.78026],[102.51637,0.79133],[102.4065,0.87324],[102.42457,0.9145],[102.50066,0.95327]]],[[[102.62477,1.02196],[102.71559,1.15445],[102.80177,1.16328],[103.03712,1.04458],[103.17457,0.88215],[103.12713,0.83442],[103.08627,0.84101],[102.90675,0.96882],[102.82439,0.99543],[102.7907,1.03148],[102.71192,1.03148],[102.64763,1.00629],[102.62477,1.02196]]],[[[102.21062,1.39826],[102.23121,1.41324],[102.29086,1.40453],[102.4734,1.24201],[102.44557,1.07616],[102.46803,0.97256],[102.39967,0.92788],[102.36931,0.93521],[102.2671,1.03685],[102.23292,1.09951],[102.24513,1.20392],[102.20102,1.29776],[102.21062,1.39826]]],[[[102.33814,1.5585],[102.46266,1.51545],[102.49049,1.48969],[102.50953,1.27729],[102.47877,1.27074],[102.33025,1.41328],[102.09555,1.47525],[102.02654,1.54767],[102.00782,1.61538],[102.07244,1.62324],[102.15235,1.58112],[102.33814,1.5585]]],[[[101.41814,2.04442],[101.47828,2.07241],[101.55055,2.05809],[101.64926,2.12848],[101.75799,2.0113],[101.77556,1.94798],[101.73585,1.88768],[101.7151,1.77822],[101.62525,1.71442],[101.57732,1.7093],[101.49073,1.73676],[101.46013,1.76553],[101.39715,1.90937],[101.41814,2.04442]]],[[[97.06902,2.08714],[97.12013,2.11335],[97.15113,2.05809],[97.10231,2.01606],[97.06902,2.08714]]],[[[96.67172,2.102],[96.62289,2.07062],[96.61329,2.11913],[96.64405,2.12702],[96.67172,2.102]]],[[[97.32862,2.14753],[97.3423,2.05809],[97.32179,2.03144],[97.32179,2.05809],[97.20737,2.17552],[97.10279,2.21271],[97.17172,2.2331],[97.20802,2.20759],[97.28126,2.22907],[97.32862,2.14753]]],[[[96.06568,2.57941],[95.9651,2.61424],[95.93141,2.59561],[95.88307,2.62043],[95.86256,2.65461],[95.79054,2.65461],[95.79428,2.69623],[95.7352,2.75788],[95.74008,2.77806],[95.69801,2.77875],[95.69956,2.83177],[95.78004,2.84638],[95.76677,2.87812],[95.79152,2.94253],[95.81414,2.92211],[95.91188,2.90624],[95.91041,2.87368],[95.88299,2.88394],[95.88307,2.84638],[95.91725,2.86066],[96.00327,2.777],[96.12631,2.73371],[96.10279,2.65461],[96.12973,2.66478],[96.16188,2.64777],[96.14373,2.67878],[96.15797,2.68041],[96.2461,2.6],[96.3213,2.56615],[96.37525,2.47386],[96.39527,2.47736],[96.3965,2.52485],[96.42433,2.51057],[96.4795,2.41498],[96.48121,2.364],[96.42091,2.343],[96.36964,2.36726],[96.33497,2.35546],[96.30763,2.37409],[96.32814,2.39452],[96.28517,2.43643],[96.23992,2.44868],[96.06568,2.57941]]],[[[97.27076,3.21442],[97.17164,3.25483],[97.01856,3.52269],[96.92172,3.6057],[96.88356,3.68244],[96.76051,3.74868],[96.55983,3.74657],[96.4795,3.77871],[96.19777,4.12128],[96.12517,4.13642],[96.0652,4.20502],[96.01002,4.22565],[95.72584,4.53168],[95.61655,4.6284],[95.56544,4.63752],[95.57252,4.67381],[95.52687,4.69725],[95.42628,4.82734],[95.34889,5.0375],[95.2798,5.1225],[95.29916,5.15034],[95.29127,5.19164],[95.24871,5.23102],[95.23194,5.28229],[95.19898,5.29287],[95.25359,5.41157],[95.19728,5.54637],[95.21274,5.57315],[95.2798,5.57437],[95.43189,5.65469],[95.51124,5.60301],[95.5337,5.62214],[95.61158,5.62665],[95.88754,5.51215],[95.93043,5.4145],[96.08806,5.29548],[96.29054,5.25898],[96.40659,5.21723],[96.46632,5.23554],[96.52735,5.21117],[96.65056,5.21625],[96.82838,5.28018],[96.89438,5.26211],[96.9734,5.27342],[97.07434,5.23815],[97.14934,5.19877],[97.17596,5.16128],[97.22655,5.14622],[97.49684,5.2519],[97.52621,5.24226],[97.6644,5.07343],[97.90919,4.88959],[97.96323,4.7895],[98.00701,4.63386],[97.99684,4.54645],[98.04802,4.53901],[98.06129,4.55484],[98.08961,4.53278],[98.14809,4.52402],[98.1858,4.48444],[98.20574,4.49803],[98.27556,4.42536],[98.27024,4.30162],[98.26759,4.28791],[98.17838,4.29374],[98.06573,4.2509],[98.07544,4.21313],[98.00103,3.98007],[97.93147,3.90183],[97.89023,3.91516],[97.89333,3.84819],[97.77758,3.73646],[97.84383,3.57988],[97.91416,3.48377],[97.91359,3.41721],[97.98955,3.33039],[97.95209,3.28574],[97.86398,3.25742],[97.94046,3.12792],[97.93798,3.08627],[97.89307,3.07919],[97.91039,2.92416],[98.05704,2.81213],[98.04454,2.76086],[98.07172,2.68547],[98.03916,2.65229],[98.02531,2.57612],[98.05549,2.4583],[98.09704,2.42543],[98.12763,2.32699],[98.10133,2.18862],[97.9559,2.27171],[97.86687,2.24746],[97.74439,2.28107],[97.65821,2.41157],[97.64405,2.66889],[97.60271,2.8662],[97.40504,2.94334],[97.31349,3.06167],[97.27076,3.21442]]],[[[95.19109,5.60847],[95.15626,5.59479],[95.10914,5.62202],[95.14177,5.66413],[95.19109,5.60847]]],[[[95.05828,5.75731],[95.12696,5.70205],[95.13331,5.69131],[95.12208,5.66926],[95.09474,5.68358],[95.06072,5.65624],[95.04786,5.68964],[95.06072,5.732],[95.01466,5.74461],[95.05828,5.75731]]],[[[95.34181,5.89643],[95.38282,5.84186],[95.38282,5.80707],[95.35548,5.82758],[95.33839,5.7792],[95.27296,5.80707],[95.21355,5.90253],[95.24781,5.90522],[95.28387,5.85741],[95.34181,5.89643]]],[[[104.28403,-0.40106],[104.33937,-0.34645],[104.34604,-0.4284],[104.35287,-0.38738],[104.38266,-0.40146],[104.46957,-0.33213],[104.59938,-0.4638],[104.53419,-0.52858],[104.51124,-0.61395],[104.47674,-0.61403],[104.42042,-0.57496],[104.38364,-0.6535],[104.35629,-0.66172],[104.33579,-0.54266],[104.25587,-0.47552],[104.28403,-0.40106]]],[[[103.75611,-0.3012],[103.75652,-0.34645],[103.69825,-0.34954],[103.61256,-0.38738],[103.46168,-0.36688],[103.48512,-0.2868],[103.55787,-0.2234],[103.71274,-0.26971],[103.75611,-0.3012]]],[[[104.49252,-0.30877],[104.4065,-0.31178],[104.40496,-0.28338],[104.47999,-0.27125],[104.49252,-0.30877]]],[[[104.47657,0.02351],[104.41139,0.0917],[104.40138,0.11909],[104.42872,0.10611],[104.41391,0.17585],[104.49708,0.07128],[104.46957,0.06379],[104.47657,0.02351]]],[[[104.33937,0.36546],[104.4214,0.31794],[104.40512,0.29214],[104.33937,0.36546]]],[[[103.29363,0.62543],[103.29998,0.57543],[103.28077,0.53803],[103.17066,0.51374],[103.14047,0.53937],[103.15895,0.66478],[103.17921,0.6955],[103.21176,0.70816],[103.24692,0.69404],[103.29363,0.62543]]],[[[103.077,0.57477],[103.03663,0.65754],[103.05543,0.65868],[103.0796,0.62442],[103.077,0.57477]]],[[[103.51791,0.66763],[103.49789,0.62702],[103.47202,0.62299],[103.50636,0.70189],[103.51791,0.66763]]],[[[104.28761,0.65078],[104.27735,0.62617],[104.21583,0.70816],[104.27052,0.67504],[104.28761,0.65078]]],[[[104.19581,0.77997],[104.27296,0.79654],[104.2977,0.70816],[104.20558,0.72606],[104.19581,0.77997]]],[[[103.11622,0.75776],[103.0923,0.72236],[103.07716,0.76089],[103.1128,0.79295],[103.11622,0.75776]]],[[[103.43434,0.64728],[103.34555,0.76337],[103.35743,0.87246],[103.40089,0.88007],[103.51002,0.74286],[103.45948,0.65811],[103.43434,0.64728]]],[[[104.62045,0.77704],[104.51124,0.75031],[104.52345,0.7884],[104.56463,0.79816],[104.62045,0.77704]]],[[[103.71811,0.79808],[103.72486,0.76651],[103.70094,0.76569],[103.66773,0.83967],[103.71811,0.79808]]],[[[103.52345,0.77782],[103.42123,0.87324],[103.48854,0.84545],[103.51873,0.81843],[103.52345,0.77782]]],[[[103.72625,0.87324],[103.74342,0.89374],[103.83106,0.81635],[103.83229,0.76537],[103.74635,0.82274],[103.72625,0.87324]]],[[[103.8982,0.85334],[103.94142,0.7757],[103.91139,0.78075],[103.81861,0.88622],[103.8982,0.85334]]],[[[104.25782,0.8686],[104.2575,0.83967],[104.17644,0.79849],[104.14763,0.85895],[104.0923,0.88007],[104.09913,0.94892],[104.1277,0.94253],[104.17213,0.88349],[104.25782,0.8686]]],[[[103.4795,0.89362],[103.469,0.86962],[103.40707,0.91144],[103.46217,0.91893],[103.4795,0.89362]]],[[[103.92164,0.93464],[103.85662,0.96841],[103.83888,1.003],[103.87379,1.00361],[103.88006,1.03148],[103.94215,0.99608],[103.96664,0.94721],[103.92164,0.93464]]],[[[104.48658,0.93708],[104.42107,0.95661],[104.46274,0.9831],[104.46274,1.01728],[104.4852,1.03368],[104.43873,1.05687],[104.32716,1.00678],[104.27101,1.00361],[104.24562,1.01728],[104.23194,1.09333],[104.31658,1.13288],[104.34132,1.17959],[104.38933,1.17866],[104.39967,1.20262],[104.50815,1.17951],[104.57569,1.22541],[104.59254,1.1988],[104.58823,1.1446],[104.65455,1.09638],[104.6587,0.92788],[104.61638,0.90619],[104.59986,0.83503],[104.56707,0.82954],[104.48341,0.85895],[104.48373,0.8933],[104.44923,0.92162],[104.48463,0.92219],[104.48658,0.93708]]],[[[103.34083,1.01952],[103.31479,1.06159],[103.33383,1.1114],[103.38982,1.13028],[103.3978,1.06415],[103.44313,1.01276],[103.4236,0.99018],[103.34083,1.01952]]],[[[103.9961,1.13329],[104.03093,1.18789],[104.08546,1.13329],[104.09059,1.18781],[104.14633,1.16047],[104.13111,1.04877],[104.10597,1.06501],[104.0923,0.98994],[103.95582,1.00983],[103.90675,1.07168],[103.91407,1.0998],[103.95623,1.08487],[103.94451,1.13524],[103.9961,1.13329]]],[[[104.84978,-5.7833],[104.83839,-5.82041],[104.77036,-5.75205],[104.83277,-5.76002],[104.84978,-5.7833]]],[[[106.74952,-2.92311],[106.81251,-2.89219],[106.90895,-2.92978],[106.89527,-3.01849],[106.86118,-3.02899],[106.72267,-2.96608],[106.74952,-2.92311]]],[[[107.50473,-2.85467],[107.48097,-2.8987],[107.41015,-2.94756],[107.34129,-2.88686],[107.39503,-2.86891],[107.42579,-2.83522],[107.48439,-2.82049],[107.50473,-2.85467]]],[[[107.87045,-3.05169],[107.82545,-3.06618],[107.84181,-3.14544],[107.8152,-3.16725],[107.75315,-3.19846],[107.68627,-3.19821],[107.6314,-3.24086],[107.60279,-3.22886],[107.60527,-3.17654],[107.64259,-3.12835],[107.59791,-3.08392],[107.58106,-3.01067],[107.61101,-2.9179],[107.54713,-2.91668],[107.60336,-2.87103],[107.59425,-2.78631],[107.64259,-2.74847],[107.63868,-2.68499],[107.67026,-2.56146],[107.77296,-2.56032],[107.83432,-2.52508],[107.88347,-2.56422],[108.00514,-2.58026],[108.0324,-2.64235],[108.06658,-2.5945],[108.09791,-2.60817],[108.16277,-2.68328],[108.19777,-2.67815],[108.26726,-2.75742],[108.29371,-2.8484],[108.20436,-3.00547],[108.21062,-3.03965],[108.18385,-3.10475],[108.21062,-3.13584],[108.09083,-3.16139],[108.07398,-3.22601],[107.98097,-3.23984],[107.96608,-3.15097],[107.87045,-3.05169]]],[[[107.08375,-2.90984],[107.01708,-2.88021],[107.06463,-2.82252],[107.09923,-2.85906],[107.08375,-2.90984]]],[[[106.67066,-3.09612],[106.60125,-3.07106],[106.53224,-3.10564],[106.49968,-3.03899],[106.43605,-2.97064],[106.36866,-2.96697],[106.30201,-2.91326],[105.9865,-2.82122],[105.90756,-2.67457],[105.90162,-2.62868],[105.94435,-2.49879],[105.92888,-2.45672],[105.82879,-2.39512],[105.82594,-2.30722],[105.78045,-2.15081],[105.66944,-2.11484],[105.60743,-2.11484],[105.56577,-2.06699],[105.45037,-2.12265],[105.30641,-2.13502],[105.22983,-2.07008],[105.14747,-2.08001],[105.12794,-2.04461],[105.13592,-1.96551],[105.1836,-1.91692],[105.29835,-1.87396],[105.37566,-1.82187],[105.40235,-1.7833],[105.39454,-1.73797],[105.33546,-1.69793],[105.34986,-1.6487],[105.45965,-1.56292],[105.53679,-1.55527],[105.56577,-1.53191],[105.61101,-1.54022],[105.62875,-1.61403],[105.70289,-1.65545],[105.6517,-1.70696],[105.6631,-1.73968],[105.7151,-1.77353],[105.761,-1.76531],[105.77809,-1.79266],[105.81275,-1.79266],[105.75099,-1.70306],[105.75758,-1.6452],[105.69557,-1.53191],[105.80909,-1.52565],[105.87574,-1.48919],[105.91375,-1.49424],[105.93946,-1.53533],[105.98048,-1.53875],[106.04152,-1.58359],[106.03549,-1.67832],[106.0984,-1.77695],[106.12696,-1.79013],[106.12135,-1.81927],[106.17945,-1.88828],[106.16261,-2.00701],[106.20069,-2.17815],[106.26417,-2.35133],[106.31886,-2.43133],[106.39617,-2.48211],[106.44109,-2.47137],[106.81544,-2.56097],[106.83326,-2.58026],[106.72193,-2.62933],[106.67481,-2.6998],[106.60377,-2.91025],[106.61305,-2.94256],[106.73846,-3.00457],[106.75196,-3.07366],[106.67066,-3.09612]]],[[[104.49789,-0.22812],[104.44711,-0.22096],[104.43556,-0.19215],[104.51075,-0.1137],[104.52508,-0.00775],[104.53736,0.02131],[104.55836,0.00308],[104.56463,0.03034],[104.67555,-0.05381],[104.68133,-0.06524],[104.64723,-0.07269],[104.65252,-0.08953],[104.70582,-0.09629],[104.76629,-0.18825],[104.81414,-0.1928],[104.82594,-0.14772],[104.84889,-0.13958],[104.92897,-0.23724],[105.01148,-0.28151],[105.0027,-0.29485],[104.91717,-0.28753],[104.93523,-0.33213],[104.85133,-0.3012],[104.73552,-0.21445],[104.65496,-0.21592],[104.54135,-0.27125],[104.49789,-0.22812]]],[[[104.70289,0.03278],[104.6399,0.07005],[104.62615,0.10224],[104.59522,0.10163],[104.49025,0.24262],[104.5311,0.21597],[104.54811,0.22431],[104.68873,0.07128],[104.70289,0.03278]]],[[[104.72071,0.73786],[104.75416,0.73725],[104.73927,0.71625],[104.72071,0.73786]]],[[[104.66139,0.82014],[104.63038,0.80654],[104.63917,0.84797],[104.65943,0.84589],[104.66139,0.82014]]],[[[104.85279,0.97549],[104.83277,0.95515],[104.7986,1.03148],[104.84352,1.01822],[104.85279,0.97549]]],[[[107.55942,1.00361],[107.52955,1.01805],[107.56202,1.03718],[107.60157,1.00983],[107.55958,0.97016],[107.54713,0.97626],[107.55942,1.00361]]],[[[109.0267,2.48583],[109.01246,2.49755],[109.02329,2.52782],[108.96811,2.54365],[108.99643,2.56175],[109.10865,2.53168],[109.09506,2.50438],[109.0267,2.48583]]],[[[106.22625,2.81704],[106.2378,2.73286],[106.2033,2.81908],[106.22625,2.81704]]],[[[108.88966,2.88801],[108.84246,2.84638],[108.77516,2.89509],[108.82927,2.93627],[108.85572,3.00336],[108.89861,2.98286],[108.88966,2.88801]]],[[[105.68189,3.01146],[105.68873,3.05996],[105.70289,3.06611],[105.73707,3.03197],[105.73854,2.98811],[105.78492,2.97736],[105.80201,2.99726],[105.85328,2.98355],[105.83334,2.97736],[105.81186,2.90449],[105.72975,2.88117],[105.76441,2.84968],[105.71266,2.84317],[105.69557,2.88459],[105.72348,2.97736],[105.68189,3.01146]]],[[[107.81121,2.9868],[107.74513,2.98355],[107.77296,3.02529],[107.80714,3.01488],[107.81121,2.9868]]],[[[106.2107,3.12816],[106.20777,3.22533],[106.25912,3.21475],[106.28517,3.1791],[106.28517,3.08723],[106.27906,3.08723],[106.2107,3.12816]]],[[[106.26466,3.28897],[106.27906,3.23062],[106.23048,3.25796],[106.27084,3.36099],[106.29737,3.3583],[106.28566,3.26386],[106.26466,3.28897]]],[[[108.28004,3.73151],[108.26238,3.7923],[108.24537,3.81346],[108.06235,3.85594],[107.98463,4.01203],[108.22486,4.24482],[108.25025,4.21125],[108.25733,4.13056],[108.39617,3.99091],[108.40358,3.93635],[108.36207,3.88858],[108.4065,3.88459],[108.31764,3.68378],[108.23854,3.67626],[108.18385,3.64834],[108.09449,3.69619],[108.12501,3.74787],[108.16489,3.75727],[108.18702,3.7923],[108.22438,3.78535],[108.28004,3.73151]]],[[[107.93735,4.69139],[107.9406,4.70864],[108.00514,4.77237],[107.99342,4.69131],[107.93735,4.69139]]]]}},{"type":"Feature","id":"IDN-north-sumatra","properties":{"id":"IDN-north-sumatra","iso3":"IDN","country_ja":"インドネシア","un_region_ja":"東南アジア","area_ja":"スマトラ島北部（メダン周辺を含む北スマトラ州）","level":"やや高い","source_ids":["BPS2010","ISEAS2022","PEW2025"],"clothing_evidence":"服装調査あり（地図の各範囲を直接測定したものではない）","geometry_kind_ja":"行政区を束ねた概略","geometry_method":{"type":"admin1","names":["Sumatera Utara"]},"map_number":73},"geometry":{"type":"MultiPolygon","coordinates":[[[[98.46778,-0.53883],[98.44793,-0.5263],[98.42555,-0.54339],[98.42205,-0.5866],[98.27516,-0.52516],[98.33611,-0.51775],[98.36402,-0.44199],[98.36402,-0.36004],[98.42547,-0.2986],[98.42921,-0.24383],[98.50733,-0.36492],[98.48683,-0.51092],[98.5005,-0.56561],[98.48683,-0.54559],[98.459,-0.55185],[98.46778,-0.53883]]],[[[98.4061,-0.00738],[98.44337,-0.05202],[98.47999,-0.15838],[98.55983,-0.27825],[98.549,-0.38112],[98.34352,-0.04473],[98.29566,-0.00726],[98.36402,0.01048],[98.4061,-0.00738]]],[[[98.53874,0.09033],[98.5246,0.1452],[98.62542,0.17515],[98.80574,0.16092],[98.85169,0.10962],[98.84459,0.08486],[98.689,0.07078],[98.53874,0.09033]]],[[[97.77426,0.58519],[97.76417,0.56757],[97.72641,0.58519],[97.70411,0.57274],[97.67872,0.59886],[97.69093,0.62421],[97.65821,0.67463],[97.65919,0.7154],[97.61378,0.82355],[97.48634,0.91421],[97.47934,0.94343],[97.39536,0.94489],[97.37159,1.05976],[97.24724,1.26703],[97.19158,1.29776],[97.12843,1.38264],[97.08229,1.40762],[97.06861,1.3946],[97.06365,1.41523],[97.10694,1.43602],[97.16481,1.41071],[97.23585,1.41669],[97.32106,1.47407],[97.33546,1.53767],[97.34978,1.5454],[97.39161,1.50894],[97.41676,1.51923],[97.44166,1.47968],[97.48634,1.47655],[97.69361,1.18602],[97.79225,1.14399],[97.83627,1.06997],[97.89039,1.05817],[97.93442,0.96361],[97.90138,0.90595],[97.87428,0.62202],[97.81935,0.55854],[97.77426,0.58519]]],[[[98.52101,1.65559],[98.55519,1.68203],[98.59913,1.63199],[98.49757,1.62726],[98.43165,1.66153],[98.43483,1.69196],[98.46266,1.7093],[98.52101,1.65559]]],[[[99.0984,0.51423],[99.10027,0.60175],[99.07277,0.6308],[99.0486,0.61994],[99.04176,0.77704],[98.98121,0.83173],[98.97584,0.92084],[98.83904,1.30126],[98.84457,1.34589],[98.83993,1.35152],[98.84002,1.35676],[98.78858,1.4138],[98.76808,1.4936],[98.73023,1.51439],[98.70965,1.56411],[98.73365,1.56989],[98.75343,1.53563],[98.76645,1.54902],[98.81886,1.6197],[98.81888,1.62534],[98.8226,1.63044],[98.8191,1.68232],[98.7881,1.69135],[98.77394,1.7486],[98.72706,1.7919],[98.71111,1.77912],[98.7188,1.74059],[98.71534,1.73393],[98.69744,1.73563],[98.68321,1.74588],[98.53517,1.93647],[98.44402,1.99116],[98.3545,2.00381],[98.32985,2.03828],[98.26922,2.03807],[98.24366,2.08755],[98.1526,2.15693],[98.11533,2.17868],[98.10133,2.18862],[98.12763,2.32699],[98.09704,2.42543],[98.05549,2.4583],[98.02531,2.57612],[98.03916,2.65229],[98.07172,2.68547],[98.04454,2.76086],[98.05704,2.81213],[97.91039,2.92416],[97.89307,3.07919],[97.93798,3.08627],[97.94046,3.12792],[97.86398,3.25742],[97.95209,3.28574],[97.98955,3.33039],[97.91359,3.41721],[97.91416,3.48377],[97.84383,3.57988],[97.77758,3.73646],[97.89333,3.84819],[97.89023,3.91516],[97.93147,3.90183],[98.00103,3.98007],[98.07544,4.21313],[98.06573,4.2509],[98.17838,4.29374],[98.26759,4.28791],[98.2638,4.21024],[98.1858,4.16974],[98.17897,4.10822],[98.26303,4.17731],[98.30567,4.08031],[98.40577,4.07892],[98.47722,4.04621],[98.50799,4.00458],[98.55779,4.0008],[98.5949,3.94367],[98.67662,3.91455],[98.71062,3.80378],[98.79658,3.72544],[98.95753,3.67133],[99.17976,3.54634],[99.36817,3.40794],[99.43328,3.38288],[99.55812,3.24457],[99.75074,3.18049],[99.85287,3.04727],[99.85792,3.01146],[99.88998,3.01826],[99.9795,2.94847],[99.99789,2.79914],[99.95346,2.69623],[99.99269,2.66877],[100.00799,2.60261],[100.02817,2.61758],[100.01222,2.67878],[99.97397,2.70307],[100.01856,2.73168],[100.05494,2.72728],[100.09596,2.57046],[100.12582,2.5301],[100.13852,2.53791],[100.1211,2.66356],[100.1534,2.69744],[100.18351,2.70493],[100.20696,2.70606],[100.212,2.70072],[100.21746,2.67878],[100.24838,2.66206],[100.26881,2.59687],[100.27229,2.59415],[100.27369,2.59016],[100.31218,2.56289],[100.27872,2.35453],[100.3213,2.0746],[100.29257,1.92061],[100.30357,1.88118],[100.37556,1.81446],[100.44398,1.61623],[100.41318,1.5612],[100.10477,1.41521],[100.06721,1.37935],[100.12472,1.3117],[100.13955,1.23222],[100.21373,1.16895],[100.22286,1.15101],[100.22209,1.12992],[100.20901,1.06614],[100.21273,0.87457],[100.17567,0.81856],[100.17472,0.79292],[100.17123,0.78543],[100.1742,0.77918],[100.1734,0.75758],[100.12255,0.74812],[99.94127,0.83618],[99.82639,0.86822],[99.77694,0.85819],[99.70666,0.88723],[99.71048,0.84889],[99.7942,0.78006],[99.81807,0.70869],[99.88928,0.61696],[99.9177,0.55971],[99.9082,0.50359],[99.81409,0.46819],[99.76764,0.49248],[99.69488,0.49542],[99.65534,0.53723],[99.56434,0.56302],[99.44368,0.50369],[99.35361,0.48447],[99.15378,0.25545],[99.13795,0.26309],[99.15846,0.32001],[99.11061,0.34565],[99.13233,0.41206],[99.12257,0.50902],[99.0984,0.51423]]]]}},{"type":"Feature","id":"IDN-java","properties":{"id":"IDN-java","iso3":"IDN","country_ja":"インドネシア","un_region_ja":"東南アジア","area_ja":"南西部ジャワ島（ジャカルタを含む）","level":"高い","source_ids":["BPS2010","ISEAS2022","PEW2025"],"clothing_evidence":"服装調査あり（地図の各範囲を直接測定したものではない）","geometry_kind_ja":"行政区を束ねた概略","geometry_method":{"type":"admin1","names":["Jawa Barat","Jawa Tengah","Jawa Timur","Jakarta Raya","Banten","Yogyakarta"]},"map_number":74},"geometry":{"type":"MultiPolygon","coordinates":[[[[109.88307,-7.84482],[109.65675,-7.78167],[109.4861,-7.76181],[109.42628,-7.77418],[109.39666,-7.74749],[109.40349,-7.72633],[109.36883,-7.71347],[109.09815,-7.68686],[109.01441,-7.7326],[108.97364,-7.70224],[108.90154,-7.68963],[108.87322,-7.61061],[108.799,-7.66473],[108.76105,-7.69276],[108.71388,-7.6657],[108.70788,-7.66749],[108.70395,-7.66562],[108.69808,-7.67041],[108.69174,-7.6723],[108.68982,-7.67715],[108.67315,-7.69075],[108.67262,-7.72064],[108.63893,-7.68792],[108.53956,-7.69231],[108.50782,-7.7195],[108.49527,-7.79292],[108.45371,-7.8185],[108.32683,-7.81747],[107.95353,-7.73987],[107.86453,-7.74513],[107.83023,-7.72917],[107.82815,-7.70049],[107.80674,-7.68668],[107.68655,-7.66207],[107.66084,-7.61421],[107.59096,-7.57043],[107.48115,-7.53819],[107.47051,-7.51691],[107.41139,-7.49586],[107.36153,-7.50371],[107.10705,-7.45641],[106.52266,-7.41096],[106.43393,-7.36199],[106.39776,-7.37847],[106.39906,-7.33482],[106.37537,-7.31019],[106.38608,-7.23064],[106.41489,-7.18768],[106.4673,-7.17645],[106.45655,-7.14479],[106.5405,-7.05461],[106.542,-7.01678],[106.53715,-6.98296],[106.5108,-6.9638],[106.4517,-6.95506],[106.4037,-6.99152],[106.39206,-6.99417],[106.34233,-6.99971],[106.31771,-6.99366],[106.27149,-6.97227],[106.20116,-6.91368],[106.12471,-6.89628],[106.05299,-6.83681],[106.01715,-6.82759],[106.00831,-6.82195],[105.99627,-6.82222],[105.97871,-6.81771],[105.91896,-6.82399],[105.88438,-6.84767],[105.87373,-6.83471],[105.77474,-6.85023],[105.70289,-6.83571],[105.53512,-6.87233],[105.44223,-6.84254],[105.4201,-6.85687],[105.39796,-6.82952],[105.37206,-6.82382],[105.35613,-6.81287],[105.32546,-6.81358],[105.31078,-6.81035],[105.30741,-6.81399],[105.30112,-6.81414],[105.27467,-6.84938],[105.21681,-6.77207],[105.27467,-6.76165],[105.36378,-6.66497],[105.40821,-6.70599],[105.44068,-6.79412],[105.49008,-6.80901],[105.52858,-6.72332],[105.62224,-6.63161],[105.61897,-6.5325],[105.64386,-6.48233],[105.67779,-6.47492],[105.68224,-6.51154],[105.71136,-6.53456],[105.78223,-6.51211],[105.82409,-6.43465],[105.83237,-6.22869],[105.8672,-6.11012],[105.97731,-5.98349],[106.01353,-5.90697],[106.03742,-5.89118],[106.06521,-5.88788],[106.10711,-5.9109],[106.11158,-5.97519],[106.11693,-5.97905],[106.11793,-5.98602],[106.14387,-5.99848],[106.15919,-6.00953],[106.16444,-6.00836],[106.17604,-6.01393],[106.18811,-6.00308],[106.20948,-5.99831],[106.25652,-5.94158],[106.29884,-5.945],[106.36101,-5.99342],[106.47006,-6.03436],[106.54933,-6.00652],[106.66922,-6.01175],[106.72551,-6.04544],[106.72697,-6.05002],[106.68411,-6.1019],[106.73008,-6.05974],[106.7378,-6.08392],[106.74712,-6.08731],[106.75196,-6.09588],[106.79322,-6.1041],[106.98829,-6.07936],[106.99156,-6.07439],[107.00514,-6.07236],[107.01156,-6.04405],[107.01393,-6.04046],[107.01294,-6.03799],[107.01498,-6.02898],[106.99903,-6.00351],[107.02564,-5.95867],[107.02125,-5.92409],[107.04444,-5.91432],[107.16969,-5.97975],[107.28093,-5.95477],[107.35414,-5.976],[107.47027,-6.14543],[107.56318,-6.18425],[107.62113,-6.18747],[107.67822,-6.23802],[107.81031,-6.2112],[107.82626,-6.18513],[107.86396,-6.2064],[107.88536,-6.18692],[107.89562,-6.23102],[108.09368,-6.32685],[108.14226,-6.32261],[108.19508,-6.28706],[108.20529,-6.24982],[108.18656,-6.23119],[108.33217,-6.26165],[108.36027,-6.2464],[108.37223,-6.34035],[108.45541,-6.44207],[108.53956,-6.48691],[108.60548,-6.76165],[108.6631,-6.76735],[108.74879,-6.81219],[108.83497,-6.78786],[108.90897,-6.8293],[108.92302,-6.84466],[108.93862,-6.8459],[108.94483,-6.84938],[108.95555,-6.84725],[108.96892,-6.84832],[108.9712,-6.84415],[108.98341,-6.84173],[109.00131,-6.78916],[109.02084,-6.78867],[109.14283,-6.85621],[109.3519,-6.87566],[109.43824,-6.86012],[109.49293,-6.80153],[109.53199,-6.83514],[109.7256,-6.86305],[109.94068,-6.92343],[110.13885,-6.89715],[110.1775,-6.85621],[110.21258,-6.9],[110.38103,-6.97568],[110.48618,-6.93792],[110.57154,-6.8362],[110.64471,-6.68816],[110.68189,-6.52191],[110.67107,-6.49993],[110.76848,-6.44374],[110.80515,-6.43099],[110.92481,-6.40374],[110.9725,-6.43174],[111.01075,-6.42099],[111.05545,-6.46607],[111.14438,-6.69183],[111.36638,-6.71201],[111.4441,-6.68906],[111.49342,-6.62347],[111.61012,-6.66497],[111.6727,-6.73366],[111.71681,-6.77069],[111.7344,-6.77629],[111.74041,-6.78167],[111.76754,-6.78683],[111.8073,-6.79949],[111.88233,-6.80869],[111.97625,-6.78484],[112.06788,-6.89365],[112.07629,-6.89735],[112.084,-6.90602],[112.09377,-6.90503],[112.10694,-6.91082],[112.43523,-6.87054],[112.54282,-6.91758],[112.56251,-6.86679],[112.58277,-6.87054],[112.60377,-6.90456],[112.58277,-6.98992],[112.61801,-7.04119],[112.6574,-7.03786],[112.66578,-7.05486],[112.61769,-7.07057],[112.61411,-7.09124],[112.68385,-7.1749],[112.66432,-7.19883],[112.60377,-7.19264],[112.70069,-7.25465],[112.76824,-7.19939],[112.82325,-7.26263],[112.81609,-7.38714],[112.76148,-7.44891],[112.76148,-7.53118],[112.8449,-7.59287],[113.056,-7.66302],[113.13266,-7.7278],[113.24122,-7.74066],[113.28533,-7.78167],[113.32309,-7.78558],[113.52858,-7.70037],[113.7859,-7.72633],[113.85475,-7.67702],[113.94508,-7.67799],[114.04558,-7.61199],[114.14039,-7.70086],[114.19597,-7.71413],[114.25856,-7.70037],[114.32521,-7.75026],[114.38699,-7.75783],[114.44597,-7.79469],[114.4673,-7.83099],[114.44044,-7.93255],[114.44679,-8.01426],[114.35865,-8.40911],[114.37672,-8.51946],[114.40113,-8.51718],[114.40561,-8.44703],[114.42319,-8.46502],[114.42612,-8.56243],[114.44532,-8.6028],[114.58912,-8.66424],[114.62477,-8.74066],[114.59718,-8.77557],[114.55535,-8.77793],[114.46762,-8.74814],[114.36695,-8.74147],[114.39194,-8.70029],[114.38527,-8.66473],[114.30258,-8.61191],[114.26173,-8.61093],[114.19703,-8.6456],[114.17481,-8.61981],[114.10402,-8.63812],[114.05934,-8.63144],[114.03199,-8.6041],[113.97999,-8.62021],[113.96437,-8.56243],[113.92286,-8.57676],[113.83717,-8.54209],[113.8235,-8.55633],[113.80616,-8.50107],[113.72389,-8.52825],[113.70729,-8.49236],[113.67262,-8.49481],[113.57301,-8.42596],[113.52719,-8.42929],[113.46656,-8.37754],[113.41358,-8.39023],[113.32309,-8.30926],[113.24073,-8.28094],[113.0267,-8.30299],[112.90268,-8.40399],[112.83383,-8.37575],[112.81788,-8.39658],[112.78419,-8.38681],[112.6727,-8.44703],[112.52068,-8.39178],[112.37664,-8.37127],[112.38404,-8.3576],[112.34156,-8.3327],[112.24439,-8.34197],[112.209,-8.32366],[112.02475,-8.30495],[111.97071,-8.27777],[111.91863,-8.30299],[111.87477,-8.27386],[111.792,-8.25652],[111.77036,-8.31732],[111.75066,-8.3235],[111.7173,-8.29274],[111.69483,-8.34637],[111.71127,-8.36102],[111.69581,-8.37127],[111.65406,-8.35809],[111.63054,-8.3235],[111.61256,-8.33701],[111.5617,-8.31666],[111.51783,-8.32977],[111.44874,-8.31292],[111.42506,-8.26881],[111.27613,-8.24831],[111.16196,-8.28191],[111.14829,-8.25351],[111.11476,-8.24196],[111.10304,-8.2068],[111.05999,-8.25283],[111.05226,-8.25316],[110.94435,-8.22637],[110.86133,-8.20534],[110.84791,-8.2011],[110.71534,-8.19313],[110.47674,-8.11191],[110.38038,-8.07318],[110.32838,-8.02117],[110.04274,-7.8891],[109.90602,-7.83766],[109.88307,-7.84482]],[[106.41266,-6.90459],[106.40969,-6.93665],[106.43706,-6.86977],[106.41266,-6.90459]],[[106.4524,-6.33755],[106.42077,-6.37041],[106.45683,-6.34223],[106.4524,-6.33755]],[[110.78133,-7.85404],[110.79875,-8.12167],[110.80195,-8.12624],[110.78133,-7.85404]],[[110.80625,-8.13238],[110.81084,-8.13893],[110.83704,-8.13325],[110.80625,-8.13238]]],[[[108.95777,-7.72015],[109.04273,-7.76149],[109.04314,-7.7789],[108.85743,-7.73203],[108.80014,-7.73382],[108.79705,-7.70159],[108.82154,-7.67864],[108.95777,-7.72015]]],[[[105.13795,-6.58734],[105.18849,-6.54762],[105.26417,-6.52793],[105.25603,-6.62819],[105.20387,-6.67327],[105.18295,-6.67156],[105.20216,-6.62347],[105.17547,-6.5831],[105.12013,-6.63096],[105.13795,-6.58734]]],[[[110.46559,-5.83953],[110.438,-5.88104],[110.42164,-5.85133],[110.46559,-5.83953]]],[[[113.28907,-8.43279],[113.39519,-8.44703],[113.40919,-8.48675],[113.28199,-8.48821],[113.28907,-8.43279]]],[[[115.80795,-7.14984],[115.88022,-7.15846],[115.86671,-7.1373],[115.89088,-7.10711],[115.8943,-7.16448],[115.83774,-7.1972],[115.79591,-7.19004],[115.74301,-7.15032],[115.76987,-7.14218],[115.77817,-7.11549],[115.80795,-7.14984]]],[[[114.49537,-7.15472],[114.54103,-7.11859],[114.62184,-7.1373],[114.61883,-7.16725],[114.49537,-7.15472]]],[[[114.39186,-7.17889],[114.29282,-7.14315],[114.26976,-7.08084],[114.32225,-7.05003],[114.39686,-7.13146],[114.39186,-7.17889]]],[[[113.66521,-7.11004],[113.64533,-7.13113],[113.61005,-7.12919],[113.54898,-7.23378],[113.51342,-7.24778],[113.47247,-7.22205],[113.23439,-7.20761],[113.16554,-7.2199],[113.14633,-7.17156],[113.1587,-7.15106],[113.12233,-7.13942],[113.10336,-7.17889],[113.14869,-7.21478],[113.12794,-7.23105],[112.81813,-7.16139],[112.72641,-7.15879],[112.72731,-7.08953],[112.70135,-7.09206],[112.69264,-7.05853],[112.70094,-7.0333],[112.79265,-6.98406],[112.84197,-6.90887],[112.91529,-6.8917],[113.44558,-6.88238],[113.52623,-6.89629],[113.92368,-6.86484],[113.98992,-6.87786],[114.09354,-6.93266],[114.1248,-6.98161],[113.90998,-7.04806],[113.87065,-7.09518],[113.89536,-7.12054],[113.87281,-7.12884],[113.66521,-7.11004]]],[[[115.30104,-6.97226],[115.31056,-7.00075],[115.29331,-7.00758],[115.26564,-6.98349],[115.27589,-6.93874],[115.21437,-6.92816],[115.25538,-6.86305],[115.24431,-6.84645],[115.27573,-6.83538],[115.46079,-6.84254],[115.57065,-6.90456],[115.55714,-6.94004],[115.38233,-6.91082],[115.34816,-6.94061],[115.40064,-6.97291],[115.35532,-6.98203],[115.31739,-6.95241],[115.30104,-6.97226]]],[[[112.70069,-5.72601],[112.73618,-5.76312],[112.73146,-5.82838],[112.70069,-5.84881],[112.60426,-5.84743],[112.58277,-5.7942],[112.64536,-5.73211],[112.70069,-5.72601]]]]}},{"type":"Feature","id":"IDN-lombok","properties":{"id":"IDN-lombok","iso3":"IDN","country_ja":"インドネシア","un_region_ja":"東南アジア","area_ja":"南部のロンボク島・スンバワ島（バリの東隣）","level":"高い","source_ids":["BPS2010","ISEAS2022","PEW2025"],"clothing_evidence":"服装調査あり（地図の各範囲を直接測定したものではない）","geometry_kind_ja":"行政区を束ねた概略","geometry_method":{"type":"admin1","names":["Nusa Tenggara Barat"]},"map_number":75},"geometry":{"type":"MultiPolygon","coordinates":[[[[118.89845,-8.68841],[118.85711,-8.72177],[118.76515,-8.71087],[118.702,-8.74814],[118.73618,-8.77467],[118.92693,-8.79656],[118.94972,-8.83367],[118.90805,-8.85052],[118.84596,-8.83685],[118.82927,-8.85052],[118.75733,-8.80202],[118.71404,-8.79998],[118.46502,-8.865],[118.41424,-8.85361],[118.38738,-8.79583],[118.43873,-8.69004],[118.41472,-8.58294],[118.39356,-8.67457],[118.33904,-8.69215],[118.29493,-8.76523],[118.15772,-8.86785],[118.07887,-8.84433],[118.02418,-8.85052],[117.89047,-8.93678],[117.8567,-8.93304],[117.83937,-8.90569],[117.78793,-8.93279],[117.72511,-8.91204],[117.55812,-9.00189],[117.38887,-9.05374],[117.33413,-9.05935],[117.19241,-9.02373],[117.1268,-9.09124],[117.00974,-9.10729],[116.94923,-9.06015],[116.90642,-9.06341],[116.76303,-9.01556],[116.72845,-8.9631],[116.74791,-8.92293],[116.73518,-8.8734],[116.82447,-8.799],[116.7907,-8.74537],[116.76408,-8.73819],[116.77227,-8.68026],[116.74852,-8.66654],[116.79009,-8.5837],[116.83204,-8.5748],[116.83814,-8.50791],[116.87965,-8.52825],[116.98455,-8.49578],[117.12615,-8.40545],[117.11769,-8.38348],[117.19508,-8.3576],[117.21559,-8.38494],[117.27377,-8.3952],[117.43393,-8.48113],[117.44272,-8.41074],[117.55812,-8.40545],[117.5923,-8.51474],[117.59995,-8.44606],[117.6233,-8.43841],[117.63966,-8.54062],[117.69874,-8.57676],[117.74383,-8.56927],[117.73634,-8.58294],[117.79152,-8.63812],[117.75733,-8.64512],[117.80519,-8.71998],[117.89389,-8.70029],[117.90447,-8.72698],[117.969,-8.74814],[118.06813,-8.65594],[118.2461,-8.65716],[118.28175,-8.64153],[118.28289,-8.58799],[118.23316,-8.54852],[118.20924,-8.57676],[118.13356,-8.48675],[118.1172,-8.49652],[118.05746,-8.45062],[118.00318,-8.47373],[117.97022,-8.46136],[117.82252,-8.35418],[117.71225,-8.2409],[117.71111,-8.20387],[117.74098,-8.14788],[117.91782,-8.08587],[117.95875,-8.08327],[117.97755,-8.10914],[118.11525,-8.11387],[118.14967,-8.13445],[118.17726,-8.23268],[118.25359,-8.34027],[118.31227,-8.37127],[118.36525,-8.34466],[118.46339,-8.24944],[118.64747,-8.28875],[118.69581,-8.37127],[118.6565,-8.52646],[118.66733,-8.5473],[118.7269,-8.45184],[118.71697,-8.37957],[118.75392,-8.32643],[118.85922,-8.28883],[118.9725,-8.30202],[118.9983,-8.32122],[119.05112,-8.47047],[119.03053,-8.54778],[119.05226,-8.64569],[119.13014,-8.6334],[119.16733,-8.55975],[119.20362,-8.61093],[119.17498,-8.64512],[119.18181,-8.7208],[119.15162,-8.74236],[118.97185,-8.75115],[118.89845,-8.68841]]],[[[116.50044,-8.80269],[116.50912,-8.85801],[116.5408,-8.83604],[116.58888,-8.86321],[116.56537,-8.89558],[116.44661,-8.92008],[116.43279,-8.91071],[116.47188,-8.8394],[116.42312,-8.83641],[116.3977,-8.85532],[116.40309,-8.9542],[116.37957,-8.91188],[116.35141,-8.9262],[116.32789,-8.89886],[116.20476,-8.92002],[116.16725,-8.87851],[116.10572,-8.87469],[116.07716,-8.89463],[116.06422,-8.88397],[116.08375,-8.865],[116.06861,-8.85573],[116.04029,-8.86468],[116.04029,-8.90228],[116.0193,-8.90814],[115.96925,-8.84938],[115.92823,-8.85491],[115.83926,-8.81686],[115.8307,-8.76981],[115.84859,-8.72479],[115.87941,-8.72479],[115.89226,-8.75482],[116.04119,-8.73414],[116.06567,-8.75997],[116.08758,-8.73724],[116.06027,-8.71391],[116.07264,-8.57778],[116.02794,-8.44501],[116.05005,-8.41464],[116.10572,-8.40545],[116.28639,-8.23626],[116.39381,-8.2011],[116.63331,-8.27508],[116.70623,-8.31707],[116.74317,-8.39178],[116.68523,-8.48056],[116.681,-8.55633],[116.50044,-8.80269]]],[[[117.49252,-8.36102],[117.51124,-8.29551],[117.48268,-8.25066],[117.48683,-8.18287],[117.56349,-8.1452],[117.66432,-8.14813],[117.69256,-8.18353],[117.64031,-8.22405],[117.56658,-8.36395],[117.53395,-8.38494],[117.49252,-8.36102]]],[[[119.02027,-8.18971],[119.042,-8.14853],[119.08644,-8.13152],[119.13746,-8.19061],[119.10035,-8.25156],[119.05152,-8.26141],[119.0228,-8.23431],[119.02027,-8.18971]]]]}},{"type":"Feature","id":"IDN-borneo-se","properties":{"id":"IDN-borneo-se","iso3":"IDN","country_ja":"インドネシア","un_region_ja":"東南アジア","area_ja":"ボルネオ島の南部・東部","level":"高い","source_ids":["BPS2010","ISEAS2022","PEW2025"],"clothing_evidence":"服装調査あり（地図の各範囲を直接測定したものではない）","geometry_kind_ja":"行政区を束ねた概略","geometry_method":{"type":"admin1","names":["Kalimantan Selatan","Kalimantan Timur"]},"map_number":76},"geometry":{"type":"MultiPolygon","coordinates":[[[[115.80681,-4.82187],[115.77345,-4.81512],[115.85182,-4.73903],[115.85808,-4.77996],[115.80681,-4.82187]]],[[[116.08286,-4.03777],[116.05738,-4.0407],[116.05014,-4.0202],[116.06422,-3.95452],[116.09148,-3.93434],[116.06886,-3.88551],[116.07447,-3.80088],[116.01905,-3.72487],[116.01637,-3.62916],[116.0525,-3.47869],[116.11939,-3.32415],[116.26783,-3.21884],[116.26303,-3.40553],[116.32106,-3.49774],[116.27638,-3.5136],[116.2741,-3.53289],[116.29705,-3.58473],[116.30372,-3.71803],[116.33326,-3.74977],[116.28924,-3.81561],[116.30649,-3.90447],[116.2151,-3.94378],[116.20476,-3.97527],[116.09148,-4.06683],[116.08286,-4.03777]]],[[[116.43442,-3.40976],[116.386,-3.63958],[116.32472,-3.53297],[116.3589,-3.44085],[116.40447,-3.37461],[116.43442,-3.40976]]],[[[116.29689,-2.60817],[116.31056,-2.615],[116.36622,-2.55674],[116.39308,-2.57399],[116.36573,-2.6526],[116.36476,-2.86142],[116.28761,-2.98707],[116.26336,-3.00547],[116.22877,-3.00164],[116.21241,-2.93035],[116.17408,-2.90301],[116.15064,-2.81634],[116.13771,-2.82342],[116.13982,-2.86891],[116.11134,-2.93027],[116.12672,-2.96608],[116.10572,-2.99798],[116.16139,-3.00351],[116.1775,-3.0499],[116.25489,-3.10866],[116.2649,-3.13689],[116.16725,-3.15634],[116.18767,-3.23203],[116.16847,-3.2658],[116.12623,-3.27988],[116.17213,-3.22617],[116.11052,-3.24619],[116.02345,-3.4118],[115.98951,-3.5827],[115.96795,-3.60882],[115.85816,-3.62021],[115.7588,-3.69695],[115.06031,-3.98577],[114.66432,-4.18418],[114.62477,-4.17051],[114.60662,-4.13226],[114.6316,-4.01287],[114.60426,-3.85516],[114.6111,-3.68385],[114.52231,-3.5193],[114.5503,-3.34808],[114.50001,-3.38274],[114.47682,-3.50067],[114.35648,-3.45231],[114.31317,-3.4268],[114.50446,-2.88096],[114.53387,-2.84639],[114.63123,-2.82226],[114.66507,-2.76515],[114.74295,-2.73451],[114.78543,-2.68878],[114.81003,-2.58015],[114.86863,-2.51499],[114.90625,-2.42936],[114.88,-2.27464],[115.15533,-2.19599],[115.33015,-2.03708],[115.30798,-1.99192],[115.36095,-1.87989],[115.33826,-1.76537],[115.41691,-1.44337],[115.64253,-1.36627],[115.68594,-1.3685],[115.67752,-1.42591],[115.65739,-1.43316],[115.72015,-1.42632],[115.80201,-1.29444],[115.81658,-1.20701],[115.80511,-1.08526],[115.73968,-1.10381],[115.65525,-0.99431],[115.52874,-0.94464],[115.46001,-0.88599],[115.45319,-0.82812],[115.41516,-0.77391],[115.38741,-0.59764],[115.31201,-0.47325],[115.27418,-0.31104],[115.28411,-0.18516],[115.32224,-0.10997],[115.34663,0.01028],[115.27542,0.03137],[115.21284,0.02496],[115.08577,-0.11751],[115.00257,-0.17766],[114.97813,-0.16671],[114.97043,-0.06816],[115.01983,0.06956],[114.97353,0.17627],[114.95296,0.31254],[115.0251,0.47951],[115.07838,0.54731],[115.02707,0.68699],[114.97648,0.7352],[114.89007,0.73727],[114.85638,0.70616],[114.73541,0.67257],[114.66306,0.62131],[114.37755,0.58865],[114.2514,0.61443],[114.18391,0.65045],[114.05245,0.64895],[113.96987,0.60363],[113.77639,0.55857],[113.80719,0.61996],[113.8506,0.64559],[113.90786,0.71887],[113.94812,0.86222],[113.92305,0.90568],[113.86259,0.90232],[113.86445,0.97643],[114.20055,1.22509],[114.19141,1.34374],[114.20663,1.43476],[114.37486,1.50694],[114.50064,1.43604],[114.5456,1.43495],[114.56803,1.4694],[114.56317,1.53639],[114.62445,1.59879],[114.669,1.69401],[114.67954,1.84074],[114.83199,1.90252],[114.84108,2.03822],[114.78062,2.03605],[114.75303,2.13481],[114.77876,2.2472],[114.91333,2.28405],[114.92221,2.35391],[114.97296,2.35748],[115.10505,2.46569],[115.19269,2.49055],[115.20613,2.50987],[115.15197,2.59705],[115.07146,2.59462],[115.05647,2.60863],[115.07187,2.67183],[115.05699,2.71126],[115.10463,2.76149],[115.06941,2.83199],[115.12282,2.91295],[115.20798,2.9807],[115.24209,3.04162],[115.31,2.98592],[115.46409,3.03082],[115.48218,3.11097],[115.51701,3.15728],[115.4828,3.20647],[115.51763,3.35716],[115.55721,3.42545],[115.60124,3.43023],[115.5444,3.62916],[115.58863,3.85759],[115.5383,3.89783],[115.53882,3.92062],[115.58099,3.94692],[115.60951,3.99691],[115.64692,4.1691],[115.73261,4.23938],[115.77074,4.22561],[115.81746,4.28132],[115.84412,4.38922],[115.87885,4.35214],[115.97724,4.32863],[116.02065,4.27085],[116.10995,4.34511],[116.12576,4.37891],[116.2288,4.35612],[116.31066,4.38338],[116.3582,4.35545],[116.39107,4.29467],[116.41132,4.28865],[116.44636,4.31726],[116.49411,4.32485],[116.48646,4.34883],[116.52222,4.39679],[116.59023,4.33113],[116.68004,4.33992],[116.71167,4.36679],[116.80448,4.33007],[116.88303,4.3449],[117.16466,4.33315],[117.21081,4.35098],[117.26387,4.31769],[117.43648,4.18561],[117.56715,4.15965],[117.51856,4.12226],[117.37306,4.16974],[117.4074,4.12499],[117.39584,4.09894],[117.46648,4.0799],[117.46827,4.04352],[117.52027,4.0493],[117.68849,3.909],[117.65089,3.89521],[117.57008,3.93317],[117.52345,3.92951],[117.63673,3.87287],[117.68165,3.88227],[117.71909,3.86058],[117.78289,3.77904],[117.70216,3.77871],[117.73422,3.75214],[117.81788,3.73005],[117.82618,3.7036],[117.74855,3.63695],[117.62867,3.63207],[117.54664,3.66401],[117.50359,3.76874],[117.46876,3.7923],[117.52345,3.65021],[117.50978,3.60737],[117.43092,3.63467],[117.0905,3.64582],[117.05567,3.6319],[117.03053,3.59439],[117.08318,3.61665],[117.19923,3.61628],[117.21656,3.60301],[117.19996,3.555],[117.24285,3.49067],[117.30454,3.46939],[117.32545,3.43602],[117.37436,3.44863],[117.44654,3.43476],[117.44191,3.37303],[117.36964,3.30524],[117.35955,3.24429],[117.33367,3.23212],[117.27377,3.2648],[117.27003,3.23432],[117.35271,3.18281],[117.45395,3.17121],[117.45509,3.12816],[117.4817,3.10126],[117.6172,3.08588],[117.62941,3.04238],[117.56495,2.98355],[117.65561,2.99738],[117.68507,2.96308],[117.54379,2.92211],[117.73634,2.9016],[117.61964,2.82551],[117.75221,2.78461],[117.78403,2.75825],[117.82618,2.60741],[117.97902,2.46654],[118.03712,2.36396],[118.04469,2.38154],[118.08221,2.33747],[118.09938,2.27782],[118.05779,2.21996],[117.95541,2.18228],[117.91472,2.09349],[117.82618,2.10651],[117.9004,2.04999],[117.74073,2.04499],[117.75001,2.03144],[117.81886,2.01716],[117.85564,1.98338],[117.87338,1.99046],[117.85727,1.89765],[117.89389,1.87376],[117.92408,1.81916],[118.04615,1.78311],[118.04786,1.74356],[118.12672,1.65469],[118.42506,1.48575],[118.39967,1.45441],[118.4489,1.43553],[118.45631,1.3946],[118.47625,1.40204],[118.61329,1.35122],[118.67514,1.28042],[118.75416,1.22956],[118.78468,1.18171],[118.76417,1.16401],[118.80893,1.13972],[118.85694,1.05817],[118.91554,1.0786],[118.9852,1.05756],[119.00554,1.03758],[119.01173,0.97626],[118.95655,0.91266],[118.865,0.86884],[118.79819,0.80492],[118.66277,0.84638],[118.56528,0.80402],[118.4284,0.83999],[118.38396,0.80492],[118.31691,0.85883],[118.18784,0.87523],[118.09669,0.90864],[118.04469,0.95515],[117.98951,1.0786],[117.924,1.12499],[117.89389,1.11347],[118.02475,0.87279],[118.03297,0.80024],[117.98268,0.79133],[117.94744,0.83112],[117.90252,0.83747],[117.81129,0.81175],[117.74317,0.74055],[117.71909,0.63679],[117.62037,0.50202],[117.62713,0.43439],[117.56951,0.38906],[117.51726,0.29096],[117.52312,0.22578],[117.48015,0.16649],[117.51726,0.1402],[117.46998,0.10879],[117.4756,0.0576],[117.49708,0.05101],[117.48911,0.03718],[117.51686,0.01594],[117.53028,-0.03232],[117.48487,-0.09222],[117.43507,-0.23968],[117.44207,-0.28192],[117.49708,-0.35027],[117.45753,-0.42702],[117.46648,-0.45729],[117.44142,-0.52516],[117.59596,-0.42262],[117.63014,-0.41872],[117.6316,-0.44752],[117.55454,-0.5027],[117.59897,-0.52142],[117.57846,-0.59694],[117.53028,-0.60711],[117.57594,-0.62998],[117.53989,-0.67449],[117.55128,-0.68963],[117.48292,-0.69964],[117.61362,-0.73406],[117.62123,-0.77368],[117.53761,-0.81259],[117.48911,-0.79892],[117.4935,-0.82781],[117.45818,-0.82049],[117.44654,-0.87705],[117.41285,-0.87493],[117.37924,-0.83929],[117.33904,-0.9013],[117.32789,-0.84149],[117.2815,-0.80918],[117.25034,-0.90928],[117.16391,-0.9817],[117.03924,-1.13779],[117.02369,-1.2029],[116.95769,-1.23992],[116.81983,-1.26141],[116.83074,-1.195],[116.81137,-1.19264],[116.79713,-1.21722],[116.78745,-1.15887],[116.74635,-1.11053],[116.75685,-1.0237],[116.74317,-1.02483],[116.71534,-1.12477],[116.75709,-1.18222],[116.7361,-1.22096],[116.79086,-1.24391],[116.76303,-1.29852],[116.76238,-1.36533],[116.56764,-1.44655],[116.53924,-1.48121],[116.53712,-1.52565],[116.56446,-1.58343],[116.54021,-1.62274],[116.32488,-1.70387],[116.22242,-1.78965],[116.2859,-1.80706],[116.35889,-1.77453],[116.402,-1.76919],[116.431,-1.77421],[116.44825,-1.79608],[116.41358,-1.84726],[116.46656,-1.90749],[116.45045,-1.95745],[116.45786,-2.04241],[116.42693,-2.07635],[116.33668,-2.10817],[116.28321,-2.16937],[116.37086,-2.13787],[116.41066,-2.20379],[116.51783,-2.16644],[116.54273,-2.20924],[116.59864,-2.18385],[116.57981,-2.31487],[116.51791,-2.55389],[116.48243,-2.56032],[116.44459,-2.49831],[116.30421,-2.52565],[116.32374,-2.54754],[116.29689,-2.60817]],[[115.63526,-1.44113],[115.62858,-1.44353],[115.56988,-1.51794],[115.63526,-1.44113]],[[115.74853,-1.9892],[115.74894,-2.0007],[115.75678,-2.00527],[115.74853,-1.9892]],[[115.8141,-2.18364],[115.8664,-2.34828],[115.87291,-2.3475],[115.8141,-2.18364]],[[115.88012,-2.34664],[115.89626,-2.34471],[115.90843,-2.32791],[115.88012,-2.34664]]],[[[117.417,3.28872],[117.43336,3.33641],[117.52784,3.31737],[117.52752,3.29084],[117.417,3.28872]]],[[[117.2684,3.59292],[117.39373,3.56639],[117.43531,3.5246],[117.5062,3.50214],[117.51726,3.47704],[117.49675,3.45555],[117.37306,3.4975],[117.27076,3.50019],[117.22975,3.52538],[117.21803,3.56029],[117.2684,3.59292]]],[[[118.57488,2.29418],[118.65431,2.18968],[118.65431,2.18228],[118.57846,2.23688],[118.55641,2.3122],[118.57846,2.31879],[118.6338,2.27167],[118.57488,2.29418]]],[[[117.56666,3.43842],[117.67156,3.42699],[117.68393,3.3996],[117.66733,3.27155],[117.64845,3.24604],[117.55641,3.33186],[117.53126,3.40314],[117.56666,3.43842]]],[[[117.89129,3.45563],[117.82618,3.49409],[117.78549,3.53848],[117.78492,3.58198],[117.84791,3.57543],[117.89389,3.4975],[117.89129,3.45563]]],[[[117.7295,3.86807],[117.80738,3.85615],[117.84425,3.82754],[117.8462,3.79914],[117.78403,3.81965],[117.7295,3.86807]]],[[[117.6128,4.10822],[117.66114,4.14924],[117.75001,4.08031],[117.75318,4.05183],[117.70558,3.98749],[117.66529,3.98306],[117.62029,4.01533],[117.59449,4.06387],[117.6128,4.10822]]],[[[117.93483,4.05988],[117.88706,4.03193],[117.83855,4.04019],[117.70361,4.16341],[117.90704,4.15668],[117.93483,4.05988]]]]}},{"type":"Feature","id":"IDN-borneo-wc","properties":{"id":"IDN-borneo-wc","iso3":"IDN","country_ja":"インドネシア","un_region_ja":"東南アジア","area_ja":"ボルネオ島の西部・中部","level":"やや高い","source_ids":["BPS2010","ISEAS2022","PEW2025"],"clothing_evidence":"服装調査あり（地図の各範囲を直接測定したものではない）","geometry_kind_ja":"行政区を束ねた概略","geometry_method":{"type":"admin1","names":["Kalimantan Barat","Kalimantan Tengah"]},"map_number":77},"geometry":{"type":"MultiPolygon","coordinates":[[[[108.72316,-1.69362],[108.77809,-1.70273],[108.7588,-1.71746],[108.67726,-1.7138],[108.72316,-1.69362]]],[[[108.90056,-1.53289],[108.9642,-1.57342],[108.94825,-1.63152],[108.85816,-1.66399],[108.82838,-1.657],[108.82748,-1.5866],[108.79331,-1.58034],[108.90056,-1.53289]]],[[[114.18653,-3.38226],[114.10825,-3.34734],[114.11769,-3.19036],[114.09718,-3.27606],[114.042,-3.35556],[113.81471,-3.45526],[113.71314,-3.47259],[113.6325,-3.4568],[113.6421,-3.25596],[113.6115,-3.17425],[113.48618,-3.17474],[113.45216,-3.19939],[113.43971,-3.23846],[113.36573,-3.25286],[113.30275,-3.16253],[113.35108,-3.27239],[113.23048,-3.16432],[113.20167,-3.09303],[113.10133,-3.04258],[113.03517,-2.92295],[113.03712,-2.9931],[113.01735,-3.0368],[112.98316,-3.04974],[112.94109,-3.10638],[112.96843,-3.14398],[113.0215,-3.16253],[112.63803,-3.41676],[112.58155,-3.41595],[112.5451,-3.44427],[112.34897,-3.32285],[112.20289,-3.32952],[112.11687,-3.38226],[111.91531,-3.56304],[111.89556,-3.5681],[111.80877,-3.53297],[111.84295,-3.38445],[111.81495,-3.19036],[111.83253,-3.06162],[111.76027,-2.90765],[111.75408,-2.82391],[111.73357,-2.8034],[111.75408,-2.73854],[111.71079,-2.77459],[111.71314,-2.8484],[111.67254,-2.89463],[111.70346,-2.94362],[111.56983,-3.01572],[111.53435,-3.01214],[111.48569,-2.9415],[111.36305,-2.92295],[111.29615,-2.93646],[110.98618,-3.0875],[110.9065,-3.08327],[110.82374,-3.03721],[110.75424,-3.02606],[110.80437,-2.95908],[110.96583,-2.89959],[110.95923,-2.88567],[111.00571,-2.86484],[110.95779,-2.88265],[110.95606,-2.879],[110.79396,-2.94354],[110.69793,-3.06268],[110.66245,-3.08074],[110.63063,-3.05332],[110.64356,-3.02899],[110.64207,-3.02023],[110.64259,-3.01873],[110.63982,-3.00699],[110.63038,-2.95135],[110.62407,-2.94006],[110.61695,-2.90984],[110.58855,-2.87656],[110.54949,-2.86761],[110.52886,-2.87511],[110.50807,-2.87461],[110.40406,-2.9205],[110.30104,-2.99798],[110.26319,-3.00286],[110.20485,-2.89617],[110.23756,-2.84694],[110.24008,-2.82856],[110.24708,-2.81512],[110.24391,-2.80056],[110.24586,-2.78631],[110.21168,-2.6526],[110.15699,-2.62127],[110.19923,-2.55234],[110.2649,-2.55657],[110.28053,-2.51824],[110.24684,-2.53981],[110.22104,-2.53281],[110.15992,-2.43646],[110.14088,-2.28973],[110.09718,-2.23577],[110.12916,-2.06951],[110.09254,-1.94964],[110.07504,-1.92246],[109.95362,-1.87428],[109.90382,-1.8261],[109.92433,-1.81316],[109.91066,-1.77899],[109.99391,-1.73024],[110.03395,-1.64617],[110.06853,-1.43255],[110.06137,-1.34637],[110.02955,-1.2859],[109.9642,-1.26572],[109.95151,-1.23089],[109.92986,-1.22324],[109.93458,-1.11256],[109.83546,-1.0862],[109.74049,-0.96754],[109.73487,-0.91766],[109.76352,-0.87086],[109.72438,-0.88877],[109.71412,-0.94736],[109.67726,-0.98382],[109.62989,-0.95192],[109.60523,-0.95664],[109.58172,-0.89446],[109.52564,-0.8624],[109.42799,-0.84661],[109.41896,-0.90358],[109.3908,-0.91188],[109.2732,-0.85361],[109.24529,-0.6959],[109.26254,-0.66741],[109.4686,-0.73707],[109.50652,-0.7164],[109.4616,-0.71299],[109.41293,-0.664],[109.35515,-0.64813],[109.36883,-0.63388],[109.35515,-0.61395],[109.42408,-0.62021],[109.40064,-0.59735],[109.26238,-0.59246],[109.2151,-0.5534],[109.1714,-0.55633],[109.13941,-0.52858],[109.1006,-0.36972],[109.136,-0.36004],[109.09083,-0.2872],[109.10133,-0.25758],[109.07643,-0.25058],[109.06707,-0.27125],[109.04623,-0.24586],[109.06031,-0.21673],[109.11866,-0.20306],[109.22478,-0.23724],[109.1906,-0.18874],[109.18686,-0.08221],[109.1565,0.02009],[109.17213,0.03417],[109.30047,0.01048],[109.16676,0.11229],[109.10231,0.24311],[109.03321,0.29336],[108.95314,0.30174],[108.92091,0.34028],[108.94435,0.42251],[108.91,0.53058],[108.93116,0.6162],[108.87599,0.71467],[108.88966,0.75373],[108.85548,0.83222],[108.94142,0.88402],[108.98081,0.95604],[108.92433,1.16401],[109.14283,1.25064],[109.26637,1.3946],[109.24049,1.4042],[109.13738,1.26227],[108.98585,1.21581],[109.05437,1.35224],[109.07301,1.53392],[109.27223,1.69379],[109.34783,1.80956],[109.33692,1.81879],[109.28679,1.77822],[109.33513,1.85017],[109.34099,1.93553],[109.57887,1.99763],[109.64527,2.08324],[109.60027,1.98314],[109.52844,1.88999],[109.55562,1.80217],[109.64181,1.781],[109.64171,1.63716],[109.65804,1.59719],[109.76635,1.49647],[109.77555,1.45795],[109.8078,1.45996],[109.84283,1.40328],[109.92025,1.39477],[109.96376,1.29858],[110.03073,1.25357],[110.05181,1.21548],[110.17036,1.17445],[110.25656,1.03906],[110.26348,0.99431],[110.36415,0.98139],[110.42264,0.90946],[110.44582,0.89502],[110.46027,0.87974],[110.4799,0.87379],[110.50636,0.85731],[110.5539,0.85137],[110.61343,0.89395],[110.66129,0.87214],[110.70418,0.90139],[110.77673,0.90325],[110.79699,0.94966],[110.88039,1.01053],[111.19758,1.07523],[111.37411,1.00754],[111.47209,1.02221],[111.5032,0.95844],[111.53885,0.99772],[111.62268,1.03027],[111.76282,0.99301],[111.82308,1.00847],[111.9101,1.11404],[112.09293,1.14314],[112.18739,1.37966],[112.15412,1.40953],[112.16156,1.43454],[112.29519,1.50381],[112.39854,1.52334],[112.47048,1.56766],[112.80152,1.54378],[112.85495,1.58272],[112.97319,1.56985],[113.01411,1.55079],[113.02435,1.51438],[112.9582,1.41565],[113.08904,1.43134],[113.1586,1.38816],[113.32366,1.35139],[113.39755,1.29393],[113.52447,1.31356],[113.62483,1.22758],[113.80817,1.33971],[113.90967,1.44247],[114.09426,1.46567],[114.17342,1.42051],[114.20663,1.43476],[114.19141,1.34374],[114.20055,1.22509],[113.92488,1.02114],[113.87003,0.98728],[113.8694,0.98009],[113.86445,0.97643],[113.86259,0.90232],[113.92305,0.90568],[113.94496,0.8677],[113.93159,0.80335],[113.9098,0.72576],[113.8506,0.64559],[113.80719,0.61996],[113.80192,0.60946],[113.79407,0.60363],[113.77639,0.55857],[113.96987,0.60363],[114.05245,0.64895],[114.18391,0.65045],[114.2514,0.61443],[114.37755,0.58865],[114.66306,0.62131],[114.73541,0.67257],[114.85638,0.70616],[114.88873,0.73604],[114.90929,0.73681],[114.96736,0.73542],[115.0355,0.66404],[115.07838,0.54731],[115.0251,0.47951],[114.95296,0.31254],[114.97353,0.17627],[115.01983,0.06956],[114.97043,-0.06816],[114.97813,-0.16671],[115.00257,-0.17766],[115.08577,-0.11751],[115.21284,0.02496],[115.27542,0.03137],[115.34663,0.01028],[115.32224,-0.10997],[115.28411,-0.18516],[115.27418,-0.31104],[115.31201,-0.47325],[115.38741,-0.59764],[115.41516,-0.77391],[115.45319,-0.82812],[115.46001,-0.88599],[115.51784,-0.93782],[115.52345,-0.94013],[115.52874,-0.94464],[115.65525,-0.99431],[115.73968,-1.10381],[115.80511,-1.08526],[115.80763,-1.26074],[115.80486,-1.27732],[115.72015,-1.42632],[115.67752,-1.42591],[115.68594,-1.3685],[115.66579,-1.36074],[115.64825,-1.36656],[115.64253,-1.36627],[115.41691,-1.44337],[115.33826,-1.76537],[115.36095,-1.87989],[115.30798,-1.99192],[115.33015,-2.03708],[115.15533,-2.19599],[114.88,-2.27464],[114.90625,-2.42936],[114.86863,-2.51499],[114.81003,-2.58015],[114.78543,-2.68878],[114.74295,-2.73451],[114.66507,-2.76515],[114.63123,-2.82226],[114.53387,-2.84639],[114.50446,-2.88096],[114.31317,-3.4268],[114.2698,-3.40126],[114.26755,-3.39016],[114.28217,-3.36329],[114.30193,-3.3458],[114.36476,-3.21152],[114.24806,-3.36028],[114.18653,-3.38226]],[[110.92269,-1.62595],[110.92158,-1.63148],[110.95062,-1.6645],[110.92269,-1.62595]],[[111.0116,-1.52611],[110.92716,-1.60367],[110.92505,-1.6142],[111.0116,-1.52611]],[[113.62292,0.31094],[113.62437,0.31698],[113.54364,0.26396],[113.62292,0.31094]],[[113.6457,0.40592],[113.63857,0.39486],[113.63519,0.36209],[113.6457,0.40592]],[[113.70682,0.49835],[113.70332,0.49532],[113.67791,0.45589],[113.70682,0.49835]]],[[[109.14422,-1.31146],[109.10076,-1.30055],[109.17018,-1.25758],[109.17693,-1.2785],[109.14422,-1.31146]]],[[[109.2234,-1.22715],[109.21998,-1.19801],[109.25465,-1.16937],[109.25978,-1.20224],[109.2234,-1.22715]]],[[[109.44451,-1.16888],[109.45232,-1.004],[109.47543,-0.97698],[109.5442,-0.99065],[109.5879,-0.97031],[109.65675,-1.00368],[109.72348,-0.98707],[109.75978,-1.03167],[109.77687,-1.1408],[109.53598,-1.25905],[109.50245,-1.29217],[109.46559,-1.29339],[109.41725,-1.25449],[109.44451,-1.16888]]]]}},{"type":"Feature","id":"IDN-sulawesi","properties":{"id":"IDN-sulawesi","iso3":"IDN","country_ja":"インドネシア","un_region_ja":"東南アジア","area_ja":"中央東部スラウェシ島（北東端を除く）","level":"やや高い","source_ids":["BPS2010","ISEAS2022","PEW2025"],"clothing_evidence":"服装調査あり（地図の各範囲を直接測定したものではない）","geometry_kind_ja":"行政区を束ねた概略","geometry_method":{"type":"admin1","names":["Sulawesi Selatan","Sulawesi Barat","Sulawesi Tenggara","Sulawesi Tengah","Gorontalo"]},"map_number":78},"geometry":{"type":"MultiPolygon","coordinates":[[[[121.75904,-7.41578],[121.75408,-7.37908],[121.7798,-7.34344],[121.81821,-7.33359],[121.83481,-7.38828],[121.75904,-7.41578]]],[[[120.81568,-7.2575],[121.04998,-7.28582],[121.06691,-7.3025],[121.05689,-7.32106],[120.99269,-7.33359],[120.88136,-7.29502],[120.81625,-7.30242],[120.79233,-7.27947],[120.81568,-7.2575]]],[[[120.55625,-7.07289],[120.6137,-7.06982],[120.62126,-6.99824],[120.75782,-7.07594],[120.78126,-7.05592],[120.7715,-7.13055],[120.68336,-7.12428],[120.67035,-7.15096],[120.63349,-7.13153],[120.62417,-7.09396],[120.56291,-7.09454],[120.55625,-7.07289]]],[[[120.47088,-6.27516],[120.44825,-6.25652],[120.42945,-6.18581],[120.44996,-6.1408],[120.44825,-5.84393],[120.47047,-5.76686],[120.49439,-5.77451],[120.54615,-5.93816],[120.5586,-6.06634],[120.52621,-6.19549],[120.53012,-6.28729],[120.50262,-6.37347],[120.50514,-6.43174],[120.48129,-6.47731],[120.46363,-6.38388],[120.47088,-6.27516]]],[[[121.88185,-5.14373],[121.85385,-5.10215],[121.91603,-5.05438],[121.91944,-5.09547],[121.97731,-5.07049],[121.99659,-5.13787],[122.03338,-5.15],[122.06739,-5.21502],[122.04689,-5.24236],[122.04689,-5.45159],[121.96827,-5.46795],[121.92351,-5.40374],[121.88185,-5.39023],[121.80681,-5.25986],[121.84083,-5.16009],[121.88185,-5.14373]]],[[[122.27247,-3.37623],[122.25172,-3.37607],[122.29054,-3.47137],[122.26246,-3.52899],[122.20053,-3.55657],[122.20541,-3.59384],[122.23561,-3.64316],[122.30543,-3.67498],[122.33497,-3.71803],[122.44142,-3.73105],[122.54868,-3.87868],[122.65642,-3.88934],[122.66725,-3.91888],[122.62436,-3.95241],[122.55128,-3.9708],[122.65642,-4.00661],[122.66652,-4.10247],[122.68816,-4.13836],[122.70777,-4.13909],[122.71111,-4.11533],[122.77817,-4.13698],[122.84205,-4.12884],[122.77516,-4.04827],[122.84498,-4.05771],[122.90707,-4.19598],[122.89243,-4.26605],[122.90016,-4.38877],[122.86687,-4.40032],[122.84205,-4.43808],[122.72291,-4.33245],[122.67018,-4.31455],[122.74513,-4.41009],[122.77027,-4.41676],[122.75815,-4.4848],[122.71111,-4.45176],[122.6823,-4.4804],[122.6701,-4.43222],[122.59913,-4.39674],[122.49757,-4.43523],[122.43043,-4.41692],[122.29562,-4.45997],[122.23325,-4.46803],[122.10776,-4.51995],[122.04835,-4.62591],[122.04691,-4.64789],[122.03956,-4.66334],[122.04458,-4.68341],[122.04298,-4.70778],[122.05564,-4.72763],[122.05934,-4.74245],[122.07159,-4.75267],[122.08277,-4.7702],[122.12892,-4.80047],[122.08191,-4.83842],[122.06101,-4.84243],[121.88746,-4.84637],[121.82325,-4.81308],[121.70436,-4.83522],[121.65724,-4.78721],[121.55421,-4.74375],[121.48463,-4.65643],[121.48181,-4.60507],[121.52931,-4.39756],[121.53321,-4.23805],[121.55958,-4.22519],[121.55299,-4.25237],[121.58497,-4.23675],[121.6277,-4.08709],[121.59449,-4.0407],[121.55519,-4.02142],[121.35426,-3.96844],[121.29615,-3.88681],[121.25557,-3.89282],[121.25514,-3.81569],[121.16033,-3.79616],[120.89381,-3.53916],[120.87115,-3.47873],[120.86888,-3.46508],[120.88941,-3.38877],[120.95021,-3.32757],[120.97902,-3.26702],[121.06674,-3.19378],[121.07301,-3.11468],[121.04811,-3.06618],[121.08041,-2.97763],[121.08098,-2.93218],[121.08637,-2.91018],[121.08148,-2.89159],[121.08172,-2.87233],[121.07081,-2.85101],[121.05323,-2.86207],[121.03272,-2.81422],[121.01173,-2.8484],[120.98439,-2.82391],[121.02524,-2.7789],[121.08041,-2.75905],[121.02931,-2.6784],[121.01684,-2.67527],[121.00587,-2.66082],[120.93003,-2.65352],[120.81721,-2.62524],[120.79933,-2.615],[120.7891,-2.61819],[120.77605,-2.61492],[120.58448,-2.68206],[120.54298,-2.74725],[120.20346,-2.9577],[120.28541,-3.12217],[120.26433,-3.14202],[120.38307,-3.20908],[120.4004,-3.25091],[120.42579,-3.25612],[120.40211,-3.29681],[120.39894,-3.50091],[120.44654,-3.72869],[120.35971,-3.89422],[120.3519,-4.10027],[120.38136,-4.16725],[120.38787,-4.29404],[120.36736,-4.42441],[120.4026,-4.4721],[120.40211,-4.57448],[120.44996,-4.64658],[120.41586,-4.6889],[120.38657,-4.82928],[120.32643,-4.84206],[120.30942,-4.87127],[120.30665,-4.99285],[120.26433,-5.15],[120.38787,-5.35223],[120.46363,-5.62021],[120.41635,-5.61679],[120.3475,-5.5136],[120.32325,-5.50953],[120.10043,-5.59564],[119.98658,-5.56422],[119.91489,-5.56894],[119.80567,-5.69248],[119.72364,-5.70379],[119.64796,-5.67881],[119.63404,-5.61745],[119.60971,-5.60914],[119.57,-5.65594],[119.51759,-5.55804],[119.45533,-5.57383],[119.4699,-5.59564],[119.43328,-5.58782],[119.42213,-5.5512],[119.43751,-5.52174],[119.35279,-5.35564],[119.40366,-5.12412],[119.45997,-5.0735],[119.51979,-4.91668],[119.49943,-4.73847],[119.51804,-4.70307],[119.52516,-4.69801],[119.59108,-4.56414],[119.6268,-4.31455],[119.60011,-4.24245],[119.6268,-4.16302],[119.60629,-4.10467],[119.64698,-3.97796],[119.60711,-3.97584],[119.59343,-4.02646],[119.58522,-3.97031],[119.45871,-3.70928],[119.51401,-3.56308],[119.45295,-3.28094],[119.49093,-3.48654],[119.44417,-3.47236],[119.34693,-3.4306],[119.29762,-3.42791],[119.22967,-3.48528],[119.15797,-3.47845],[119.09938,-3.50506],[119.02703,-3.5097],[118.99871,-3.525],[119.00441,-3.55975],[118.97022,-3.53981],[118.94947,-3.56902],[118.92677,-3.56609],[118.8423,-3.36834],[118.85255,-3.29559],[118.81715,-3.17181],[118.78199,-3.1443],[118.76417,-3.09092],[118.79135,-3.06015],[118.8484,-3.0678],[118.88551,-2.86956],[118.83432,-2.841],[118.77166,-2.86207],[118.75733,-2.77581],[118.80616,-2.62981],[118.84148,-2.6277],[118.8711,-2.6539],[118.9144,-2.64837],[119.0149,-2.57724],[119.04737,-2.51287],[119.13575,-2.45428],[119.13404,-2.20355],[119.18556,-2.12086],[119.21608,-2.00994],[119.26441,-1.96331],[119.34702,-1.95941],[119.36704,-1.83294],[119.32879,-1.78118],[119.30543,-1.65203],[119.33326,-1.5735],[119.30242,-1.49375],[119.29477,-1.40537],[119.33326,-1.35019],[119.31365,-1.24578],[119.39918,-1.13348],[119.44361,-1.11305],[119.44778,-1.10013],[119.45314,-1.09645],[119.52516,-0.86045],[119.56622,-0.83369],[119.68214,-0.73691],[119.65943,-0.69622],[119.73365,-0.63388],[119.80983,-0.83392],[119.84653,-0.87461],[119.8659,-0.81357],[119.8643,-0.80046],[119.8672,-0.78834],[119.85402,-0.7164],[119.792,-0.60711],[119.75782,-0.4699],[119.7811,-0.23935],[119.80836,-0.18279],[119.79998,-0.12379],[119.792,-0.10679],[119.73048,-0.12135],[119.6753,-0.09938],[119.63868,-0.05088],[119.63445,0.01048],[119.66847,-0.00384],[119.6753,0.03034],[119.77833,-0.07635],[119.83269,-0.0844],[119.88819,0.07128],[119.79396,0.1966],[119.78517,0.23949],[119.86948,0.28718],[119.85873,0.36424],[119.91179,0.4737],[120.03224,0.5163],[120.04518,0.54999],[120.02475,0.66718],[120.04575,0.73436],[120.12086,0.75434],[120.22706,0.81489],[120.25652,0.9689],[120.27849,0.99421],[120.34164,0.98286],[120.34645,0.85562],[120.36736,0.8664],[120.42205,0.81175],[120.46957,0.79682],[120.51148,0.81061],[120.56813,0.78213],[120.61443,0.83222],[120.60222,0.8557],[120.66228,0.96882],[120.6902,0.99608],[120.7339,0.97968],[120.75424,1.02066],[120.80177,1.05264],[120.79949,1.14208],[120.82594,1.19668],[120.82684,1.21194],[120.82765,1.21402],[120.82727,1.21935],[120.83294,1.31599],[120.85253,1.32567],[120.87452,1.32567],[120.90919,1.35366],[120.90854,1.31143],[120.9673,1.34618],[121.08041,1.33194],[121.1587,1.3028],[121.18279,1.27143],[121.2649,1.22956],[121.3991,1.2624],[121.45143,1.29755],[121.47153,1.25658],[121.43002,1.23298],[121.45045,1.16743],[121.52858,1.08324],[121.54009,1.07899],[121.54672,1.07245],[121.56343,1.07037],[121.58676,1.06175],[121.6112,1.06441],[121.63087,1.06196],[121.92612,1.0987],[121.99025,1.02192],[122.06373,1.06501],[122.23536,1.00983],[122.45411,1.02066],[122.52418,0.97997],[122.63101,0.96162],[122.65855,0.94347],[122.67937,0.91885],[122.84889,0.81802],[122.91847,0.85957],[122.96803,0.96259],[123.09719,0.92913],[123.12187,0.8817],[123.21721,0.82677],[123.24703,0.73293],[123.32537,0.66425],[123.43942,0.61102],[123.48102,0.55692],[123.49983,0.42979],[123.45752,0.31173],[123.39015,0.29784],[123.23878,0.32453],[123.07423,0.5163],[122.97787,0.48281],[122.6941,0.48281],[122.64967,0.52383],[122.65317,0.48041],[122.63941,0.47533],[122.56593,0.49653],[122.32439,0.49706],[122.16635,0.46918],[122.03777,0.48212],[121.98512,0.44843],[121.80047,0.42646],[121.7155,0.51508],[121.636,0.5163],[121.6019,0.55174],[121.58774,0.53286],[121.52833,0.53742],[121.4966,0.48522],[121.33332,0.46228],[121.26059,0.48249],[121.16383,0.45747],[121.10194,0.40954],[121.00489,0.44868],[120.87647,0.42451],[120.84718,0.46174],[120.78883,0.48965],[120.75082,0.48281],[120.67954,0.53058],[120.5027,0.52888],[120.4916,0.52442],[120.4861,0.52424],[120.37525,0.47769],[120.27296,0.37812],[120.17543,0.2476],[120.15821,0.22777],[120.15358,0.21836],[120.13331,0.19123],[120.12426,0.15874],[120.10385,0.11725],[120.07545,-0.01641],[120.02296,-0.07098],[119.99562,-0.20924],[119.99803,-0.22542],[119.99659,-0.23431],[120.01856,-0.36346],[120.05942,-0.44199],[120.04575,-0.48301],[120.07309,-0.61395],[120.08177,-0.62753],[120.0892,-0.65732],[120.25563,-0.89935],[120.32553,-0.93865],[120.38787,-0.9013],[120.41245,-0.90496],[120.44679,-0.96006],[120.50034,-0.97527],[120.58676,-1.11663],[120.56544,-1.21551],[120.67596,-1.39471],[120.83009,-1.3401],[120.82667,-1.3777],[120.84441,-1.38958],[120.9878,-1.38112],[121.03272,-1.41579],[121.07325,-1.42132],[121.10548,-1.40586],[121.167,-1.32293],[121.20655,-1.19134],[121.26677,-1.14861],[121.50066,-0.85931],[121.57781,-0.84678],[121.58766,-0.81259],[121.62013,-0.80039],[121.65968,-0.81259],[121.66285,-0.88763],[121.7142,-0.93548],[121.92604,-0.95534],[122.01856,-0.91676],[122.10532,-0.9262],[122.14137,-0.88681],[122.15626,-0.79892],[122.20769,-0.76474],[122.48748,-0.74969],[122.55714,-0.76816],[122.62233,-0.75058],[122.71648,-0.79241],[122.92905,-0.75888],[122.96022,-0.73056],[122.89731,-0.7164],[122.88299,-0.6959],[122.76645,-0.68304],[122.73463,-0.64837],[122.77931,-0.64625],[122.82301,-0.61224],[123.01295,-0.60442],[123.07586,-0.55641],[123.26625,-0.58226],[123.40349,-0.64267],[123.41944,-0.70273],[123.43135,-0.70596],[123.4447,-0.7363],[123.4448,-0.8134],[123.44031,-0.83934],[123.40016,-0.89479],[123.38331,-1.00368],[123.35239,-1.03973],[123.31121,-1.05145],[123.23878,-1.02483],[123.14991,-0.93548],[123.15089,-0.87298],[123.0962,-0.83506],[123.0608,-0.88055],[123.00945,-0.89373],[122.83871,-0.89918],[122.72096,-1.10906],[122.66163,-1.14284],[122.63844,-1.20615],[122.57211,-1.25319],[122.36883,-1.49277],[122.18393,-1.61419],[122.14324,-1.59401],[122.06373,-1.62127],[122.02589,-1.61444],[121.95476,-1.66383],[121.86134,-1.66969],[121.7986,-1.71795],[121.75514,-1.83375],[121.69215,-1.90814],[121.55299,-1.92913],[121.50473,-1.87672],[121.45672,-1.86094],[121.44093,-1.81357],[121.37135,-1.80576],[121.34742,-1.77899],[121.31186,-1.78289],[121.29607,-1.81666],[121.30421,-1.84694],[121.34059,-1.83978],[121.34571,-1.85573],[121.327,-1.91904],[121.34059,-1.99131],[121.40203,-1.90936],[121.43629,-1.98016],[121.53533,-2.05877],[121.57456,-2.16253],[121.70086,-2.18035],[121.82293,-2.28729],[121.88258,-2.41334],[122.00929,-2.59352],[122.01564,-2.69354],[122.08383,-2.76393],[122.14576,-2.77874],[122.17726,-2.80682],[122.19264,-2.86631],[122.28712,-2.88877],[122.31251,-2.92685],[122.27084,-3.00213],[122.27963,-3.03965],[122.38592,-3.13201],[122.43043,-3.11468],[122.44614,-3.14935],[122.47291,-3.15114],[122.4367,-3.19036],[122.42921,-3.24586],[122.35792,-3.21754],[122.33937,-3.23756],[122.33935,-3.2376],[122.3213,-3.25709],[122.29566,-3.31292],[122.30356,-3.34124],[122.37257,-3.37225],[122.37843,-3.43873],[122.32748,-3.40325],[122.32521,-3.37526],[122.27963,-3.35556],[122.27247,-3.37623]],[[121.18795,-2.87298],[121.16354,-2.87347],[121.08637,-2.91018],[121.18795,-2.87298]],[[121.37846,0.86098],[121.36621,0.8553],[121.50796,0.84693],[121.37846,0.86098]],[[121.30317,0.8261],[121.29525,0.81425],[121.33558,0.84112],[121.30317,0.8261]],[[119.41424,-3.2043],[119.41621,-3.2082],[119.42327,-3.19752],[119.41424,-3.2043]],[[119.43972,-3.18518],[119.43655,-3.18756],[119.48938,-3.18921],[119.43972,-3.18518]],[[119.63919,-3.12095],[119.63573,-3.11322],[119.48938,-3.18921],[119.63919,-3.12095]],[[120.06862,-1.85451],[120.05526,-1.86142],[120.10208,-1.86095],[120.06862,-1.85451]],[[120.38354,-1.84071],[120.36634,-1.86886],[120.39839,-1.84292],[120.38354,-1.84071]],[[120.42653,-1.84712],[120.41686,-1.84568],[120.43378,-1.85699],[120.42653,-1.84712]],[[121.76371,-2.6279],[121.74911,-2.61947],[121.77551,-2.6544],[121.76371,-2.6279]],[[121.79368,-2.69524],[121.78919,-2.68515],[121.79214,-2.70963],[121.79368,-2.69524]],[[121.78495,-2.77678],[121.7865,-2.76226],[121.77897,-2.78305],[121.78495,-2.77678]],[[121.59804,-2.97284],[121.60231,-2.96836],[121.51535,-3.01754],[121.59804,-2.97284]],[[121.26953,-2.87754],[121.2608,-2.8715],[121.23737,-2.87197],[121.26953,-2.87754]],[[119.59867,-1.16866],[119.59728,-1.16221],[119.593,-1.17311],[119.59867,-1.16866]],[[119.84548,-1.77514],[119.83807,-1.76517],[119.82769,-1.85826],[119.84548,-1.77514]],[[119.84662,-1.94872],[119.82389,-1.8923],[119.82212,-1.90815],[119.84662,-1.94872]]],[[[122.3213,-3.51189],[122.35548,-3.55657],[122.29331,-3.58082],[122.29037,-3.54119],[122.3213,-3.51189]]],[[[121.70094,-0.53509],[121.64226,-0.54559],[121.67986,-0.46893],[121.7409,-0.42913],[121.75213,-0.40106],[121.77858,-0.42457],[121.85385,-0.40106],[121.89552,-0.4284],[121.91603,-0.4699],[121.89479,-0.50791],[121.83473,-0.47674],[121.84645,-0.50026],[121.8309,-0.51092],[121.73536,-0.47991],[121.70094,-0.53509]]],[[[122.02955,-0.33213],[122.05405,-0.35516],[122.02662,-0.40692],[121.93181,-0.41465],[121.86085,-0.37786],[121.87233,-0.33261],[121.92351,-0.33961],[121.92652,-0.31227],[122.02955,-0.33213]]],[[[122.09474,-0.38112],[122.08465,-0.40781],[122.07057,-0.39804],[122.06031,-0.32928],[122.07667,-0.26914],[122.09474,-0.26385],[122.13941,-0.38421],[122.09474,-0.38112]]],[[[122.37599,-0.34645],[122.32154,-0.25791],[122.29331,-0.23724],[122.26051,-0.24098],[122.22584,-0.19939],[122.32781,-0.23056],[122.36915,-0.26385],[122.37599,-0.34645]]],[[[122.17709,-0.19638],[122.18971,-0.20525],[122.17726,-0.2304],[122.2365,-0.27337],[122.14438,-0.233],[122.17709,-0.19638]]],[[[121.63315,-0.12469],[121.64967,-0.14739],[121.62452,-0.19842],[121.57456,-0.18255],[121.5691,-0.14479],[121.59742,-0.12469],[121.63315,-0.12469]]],[[[120.39243,1.08609],[120.4065,1.06098],[120.37794,1.02408],[120.37762,1.0799],[120.39243,1.08609]]],[[[120.68336,1.04458],[120.6076,1.07245],[120.66871,1.06102],[120.68336,1.04458]]],[[[124.05934,-6.02744],[124.04127,-6.02077],[124.03045,-5.97601],[123.96892,-5.93532],[123.97918,-5.86989],[124.03745,-5.91432],[124.0652,-5.9625],[124.05934,-6.02744]]],[[[123.73325,-5.47527],[123.80144,-5.52272],[123.81471,-5.59564],[123.69117,-5.47275],[123.73325,-5.47527]]],[[[123.6338,-5.36688],[123.59059,-5.37412],[123.55925,-5.35133],[123.52296,-5.27744],[123.51987,-5.25172],[123.62379,-5.26653],[123.6338,-5.36688]]],[[[122.91041,-5.49928],[122.91822,-5.52744],[122.82765,-5.6762],[122.79029,-5.69248],[122.76783,-5.64137],[122.74659,-5.67938],[122.73561,-5.62689],[122.67701,-5.67881],[122.63836,-5.66221],[122.56715,-5.50693],[122.65455,-5.42474],[122.62916,-5.40374],[122.72104,-5.26621],[122.81471,-5.21136],[122.8086,-5.18939],[122.75758,-5.20672],[122.7566,-5.16473],[122.80445,-5.04363],[122.79119,-5.02125],[122.7527,-5.03387],[122.83351,-4.92913],[122.82097,-4.84206],[122.85499,-4.8178],[122.85499,-4.60955],[122.90895,-4.47454],[123.04135,-4.38437],[123.0857,-4.38909],[123.06153,-4.42132],[123.06853,-4.43963],[123.1478,-4.50848],[123.20045,-4.58904],[123.19093,-4.65301],[123.21127,-4.6775],[123.21974,-4.81666],[123.21127,-4.84206],[123.19703,-4.83685],[123.14991,-4.71795],[123.12387,-4.71022],[123.10532,-4.76727],[123.08155,-4.73903],[123.06739,-4.75262],[123.05209,-4.74033],[123.04689,-4.79705],[123.01295,-4.85711],[123.01515,-4.92938],[122.96437,-4.99285],[122.98536,-5.06487],[122.94988,-5.1902],[122.98846,-5.1867],[123.02036,-5.14218],[123.04689,-5.13746],[123.20932,-5.26539],[123.21314,-5.30169],[123.14503,-5.38543],[123.04689,-5.42425],[122.97755,-5.39422],[122.87623,-5.45843],[122.86101,-5.50807],[122.91041,-5.49928]]],[[[122.59816,-5.22845],[122.64772,-5.25612],[122.65854,-5.29648],[122.64747,-5.3449],[122.61598,-5.35605],[122.5984,-5.4201],[122.58448,-5.40911],[122.54347,-5.42881],[122.54282,-5.3388],[122.51148,-5.28672],[122.4686,-5.39642],[122.43198,-5.39267],[122.40724,-5.3532],[122.45102,-5.31504],[122.39519,-5.32122],[122.36394,-5.38983],[122.27963,-5.36972],[122.27516,-5.32757],[122.31568,-5.24261],[122.33253,-5.12379],[122.4026,-5.06178],[122.35499,-4.88486],[122.32748,-4.84206],[122.38266,-4.74586],[122.49879,-4.72536],[122.65699,-4.62428],[122.71111,-4.61549],[122.73552,-4.64373],[122.75278,-4.84433],[122.78004,-4.9166],[122.77312,-4.95819],[122.7435,-4.95281],[122.6434,-5.07879],[122.60426,-5.15993],[122.60662,-5.19053],[122.636,-5.19427],[122.62989,-5.21673],[122.59816,-5.22845]]],[[[123.02817,-3.97381],[123.10231,-4.01246],[123.20444,-3.99293],[123.23414,-4.01531],[123.25343,-4.08978],[123.1963,-4.18768],[123.13624,-4.2387],[123.04477,-4.20965],[122.97787,-4.12884],[122.95069,-4.04705],[123.02817,-3.97381]]],[[[123.11988,-3.62916],[123.06105,-3.5709],[123.14064,-3.53916],[123.17726,-3.57399],[123.17709,-3.60101],[123.13941,-3.60272],[123.11988,-3.62916]]],[[[122.46469,-3.44085],[122.4336,-3.48528],[122.4026,-3.4306],[122.41228,-3.38779],[122.46469,-3.44085]]],[[[123.85987,-2.01051],[123.88787,-2.05088],[123.88697,-2.07391],[123.83937,-2.04909],[123.85987,-2.01051]]],[[[123.77329,-1.92262],[123.78736,-1.87396],[123.85743,-1.95037],[123.86931,-1.99814],[123.7942,-1.99212],[123.77329,-1.92262]]],[[[123.66383,-1.96331],[123.64959,-1.90179],[123.6644,-1.94891],[123.66383,-1.96331]]],[[[123.73805,-1.90789],[123.74578,-1.93597],[123.71168,-1.95713],[123.7129,-1.91172],[123.73805,-1.90789]]],[[[123.07277,-1.90162],[123.09457,-1.75506],[123.13282,-1.76531],[123.15284,-1.82383],[123.09669,-1.89528],[123.07277,-1.90162]]],[[[123.28028,-1.78582],[123.2798,-1.74822],[123.36573,-1.67311],[123.37818,-1.71282],[123.30128,-1.78834],[123.28028,-1.78582]]],[[[123.52329,-1.48268],[123.54469,-1.497],[123.56886,-1.60084],[123.61647,-1.62461],[123.60133,-1.70281],[123.56422,-1.72194],[123.4935,-1.70965],[123.4756,-1.6491],[123.49269,-1.59499],[123.47674,-1.56276],[123.52329,-1.48268]]],[[[123.2588,-1.466],[123.24334,-1.63242],[123.22682,-1.59336],[123.1784,-1.62249],[123.11069,-1.57692],[123.11183,-1.55633],[123.17726,-1.51824],[123.18483,-1.48561],[123.15235,-1.30055],[123.09457,-1.34637],[122.99317,-1.50921],[122.89584,-1.58953],[122.87403,-1.58457],[122.81202,-1.44362],[122.82081,-1.31374],[122.91383,-1.17637],[122.98536,-1.19606],[123.0298,-1.16888],[123.11207,-1.16269],[123.14625,-1.1832],[123.18946,-1.14528],[123.2461,-1.2234],[123.19874,-1.26873],[123.23194,-1.39471],[123.32114,-1.29241],[123.35222,-1.22918],[123.40691,-1.2195],[123.42848,-1.25774],[123.45509,-1.23089],[123.55096,-1.28476],[123.52858,-1.43304],[123.46217,-1.49432],[123.40838,-1.51653],[123.3812,-1.4983],[123.36215,-1.51141],[123.32683,-1.42116],[123.28858,-1.42156],[123.2588,-1.466]]]]}},{"type":"Feature","id":"IDN-maluku","properties":{"id":"IDN-maluku","iso3":"IDN","country_ja":"インドネシア","un_region_ja":"東南アジア","area_ja":"東部マルク諸島","level":"やや高い","source_ids":["BPS2010","ISEAS2022","PEW2025"],"clothing_evidence":"服装調査あり（地図の各範囲を直接測定したものではない）","geometry_kind_ja":"行政区を束ねた概略","geometry_method":{"type":"admin1","names":["Maluku","Maluku Utara"]},"map_number":79},"geometry":{"type":"MultiPolygon","coordinates":[[[[127.68295,-8.15521],[127.74187,-8.15895],[127.76881,-8.21258],[127.6692,-8.2409],[127.60402,-8.2068],[127.68295,-8.15521]]],[[[127.15211,-8.09694],[127.15895,-8.03493],[127.18588,-8.01873],[127.21632,-8.02695],[127.23422,-8.07041],[127.22495,-8.10858],[127.15211,-8.09694]]],[[[126.05397,-7.8847],[125.92506,-7.91188],[125.81202,-8.00758],[125.77418,-8.00758],[125.80844,-7.93426],[125.81422,-7.85027],[125.8698,-7.81471],[125.88404,-7.75433],[125.96892,-7.66009],[126.04615,-7.69346],[126.20314,-7.71347],[126.26148,-7.68613],[126.32838,-7.69573],[126.48455,-7.59726],[126.62696,-7.55999],[126.64698,-7.61696],[126.72169,-7.66806],[126.81324,-7.66863],[126.83676,-7.72633],[126.8235,-7.76238],[126.71339,-7.74749],[126.55934,-7.81992],[126.46616,-7.96657],[126.42189,-7.93255],[126.27442,-7.91188],[126.18979,-7.92352],[126.13689,-7.8886],[126.05397,-7.8847]]],[[[127.35768,-7.65569],[127.3484,-7.61533],[127.37867,-7.58587],[127.37273,-7.50612],[127.48927,-7.54453],[127.4817,-7.5901],[127.35768,-7.65569]]],[[[127.55128,-5.51238],[127.55519,-5.50661],[127.56137,-5.51727],[127.55128,-5.51238]]],[[[127.55486,-5.49049],[127.55698,-5.49977],[127.54591,-5.49529],[127.55486,-5.49049]]],[[[127.77687,-5.34881],[127.77906,-5.34287],[127.78517,-5.35296],[127.77687,-5.34881]]],[[[127.17255,-3.91011],[127.14509,-3.88498],[127.13793,-3.84685],[127.16521,-3.81414],[127.23463,-3.82106],[127.25602,-3.87453],[127.24137,-3.91082],[127.17255,-3.91011]]],[[[126.17356,-3.60253],[126.14855,-3.5255],[126.05263,-3.44632],[126.00723,-3.36101],[125.99174,-3.24819],[126.01726,-3.17116],[126.09092,-3.1121],[126.13632,-3.16062],[126.202,-3.18184],[126.22774,-3.17476],[126.22657,-3.14951],[126.25831,-3.122],[126.4214,-3.07049],[126.72022,-3.06015],[126.84002,-3.07366],[126.8934,-3.12558],[126.91871,-3.11468],[127.09352,-3.20078],[127.11183,-3.27207],[127.05592,-3.25954],[127.04078,-3.28672],[127.05454,-3.32301],[127.11394,-3.36858],[127.14829,-3.3344],[127.25978,-3.37119],[127.24342,-3.60605],[127.20574,-3.6596],[127.12159,-3.65325],[126.99073,-3.71803],[126.907,-3.78734],[126.69657,-3.86379],[126.43888,-3.75045],[126.24392,-3.6314],[126.20302,-3.63099],[126.17356,-3.60253]]],[[[127.52638,-3.25433],[127.56397,-3.25579],[127.64356,-3.35605],[127.51971,-3.33026],[127.48048,-3.29339],[127.52638,-3.25433]]],[[[127.67921,-3.25164],[127.64332,-3.22438],[127.70631,-3.15634],[127.77223,-3.16253],[127.7964,-3.21152],[127.77849,-3.24424],[127.67921,-3.25164]]],[[[125.93336,-1.96453],[125.99879,-2.01523],[125.97722,-2.18035],[126.08806,-2.44109],[126.07586,-2.46299],[126.04615,-2.47422],[126.01344,-2.45957],[125.96599,-2.40211],[125.94614,-2.27174],[125.90455,-2.23138],[125.86354,-2.05332],[125.93336,-1.96453]]],[[[124.37029,-2.03899],[124.30063,-1.98748],[124.34889,-1.95957],[124.37208,-1.99261],[124.37029,-2.03899]]],[[[125.38063,-1.8541],[125.35646,-1.88144],[125.3353,-1.85068],[125.34693,-1.81097],[125.40211,-1.77467],[125.43084,-1.79827],[125.48325,-1.77695],[125.49708,-1.80576],[125.58985,-1.79909],[125.70289,-1.81927],[125.75563,-1.79453],[125.94614,-1.78582],[126.34522,-1.81764],[126.33595,-1.83799],[126.27215,-1.86728],[125.98023,-1.90179],[125.92758,-1.93141],[125.87175,-1.90252],[125.62029,-1.91562],[125.43214,-1.94964],[125.43214,-1.88144],[125.38063,-1.8541]]],[[[124.40602,-2.00408],[124.32911,-1.87078],[124.38494,-1.6679],[124.51808,-1.62624],[124.52784,-1.65545],[124.63282,-1.63112],[124.87159,-1.69305],[124.95558,-1.69647],[125.02296,-1.72308],[125.04802,-1.76531],[125.05543,-1.75164],[125.11004,-1.75848],[125.09645,-1.75164],[125.12029,-1.68279],[125.18523,-1.70387],[125.19679,-1.78875],[125.22022,-1.78899],[125.23976,-1.74481],[125.26873,-1.7282],[125.29811,-1.74139],[125.28077,-1.7824],[125.31479,-1.77899],[125.31837,-1.88258],[125.14763,-1.87396],[125.11004,-1.89512],[125.05047,-1.88795],[125.01352,-1.94427],[124.8283,-1.89512],[124.67115,-1.97015],[124.54322,-2.00652],[124.40602,-2.00408]]],[[[127.37867,-1.63226],[127.4284,-1.41513],[127.4878,-1.44996],[127.5215,-1.40106],[127.63429,-1.32871],[127.74106,-1.35475],[127.83082,-1.43157],[127.89894,-1.42669],[128.03533,-1.53875],[128.08961,-1.56732],[128.12631,-1.56365],[128.15113,-1.66969],[128.09059,-1.71014],[128.05152,-1.71453],[127.9131,-1.68239],[127.7033,-1.6902],[127.64869,-1.7243],[127.53272,-1.73138],[127.43263,-1.68646],[127.37867,-1.63226]]],[[[127.28419,-1.42539],[127.28582,-1.40032],[127.33025,-1.35377],[127.3711,-1.36745],[127.37875,-1.40545],[127.31666,-1.43629],[127.28419,-1.42539]]],[[[127.66603,-1.27191],[127.55258,-1.23691],[127.5149,-1.26214],[127.4607,-1.23577],[127.50164,-1.18939],[127.54721,-1.17108],[127.68995,-1.2138],[127.69288,-1.24944],[127.66603,-1.27191]]],[[[127.15553,-0.77239],[127.20086,-0.62282],[127.26124,-0.62021],[127.24879,-0.63763],[127.29615,-0.70273],[127.31983,-0.79363],[127.27882,-0.8056],[127.15553,-0.77239]]],[[[127.47022,-0.64129],[127.39861,-0.62021],[127.29526,-0.49432],[127.29184,-0.46014],[127.32936,-0.39804],[127.31666,-0.33961],[127.37281,-0.32903],[127.4463,-0.4153],[127.51686,-0.30194],[127.57862,-0.32497],[127.688,-0.48064],[127.60402,-0.61712],[127.64747,-0.6443],[127.65268,-0.70721],[127.67823,-0.71771],[127.78956,-0.68963],[127.85792,-0.71982],[127.88893,-0.76474],[127.87623,-0.8178],[127.82228,-0.86435],[127.75489,-0.88763],[127.65349,-0.82741],[127.65553,-0.78094],[127.62574,-0.75237],[127.45769,-0.81561],[127.43727,-0.7291],[127.47022,-0.64129]]],[[[127.23487,-0.25172],[127.25457,-0.27565],[127.29713,-0.28192],[127.25131,-0.32334],[127.28004,-0.40252],[127.26157,-0.41465],[127.26881,-0.45631],[127.25196,-0.49717],[127.23463,-0.49041],[127.17945,-0.52516],[127.11736,-0.52516],[127.10857,-0.50107],[127.13103,-0.48301],[127.10231,-0.43776],[127.12477,-0.36004],[127.11036,-0.28769],[127.17481,-0.25555],[127.23487,-0.25172]]],[[[127.39861,0.00308],[127.40887,0.14704],[127.45248,0.1402],[127.4402,0.12027],[127.45289,-0.04103],[127.41285,0.02351],[127.39861,0.00308]]],[[[127.35816,0.28352],[127.33709,0.34878],[127.39869,0.37958],[127.41871,0.35399],[127.41717,0.31293],[127.39625,0.28107],[127.35816,0.28352]]],[[[127.44483,0.72744],[127.4463,0.66718],[127.37867,0.62303],[127.35865,0.66584],[127.38494,0.75715],[127.41847,0.75715],[127.44483,0.72744]]],[[[127.31284,0.75715],[127.28566,0.80215],[127.28883,0.8369],[127.32488,0.86286],[127.36346,0.84097],[127.3711,0.78449],[127.34693,0.75739],[127.31284,0.75715]]],[[[126.40162,1.33202],[126.38087,1.28339],[126.34718,1.32331],[126.36964,1.34882],[126.40162,1.33202]]],[[[128.10369,-8.27508],[128.08326,-8.25457],[128.10377,-8.21185],[128.21355,-8.1994],[128.23146,-8.27288],[128.18198,-8.28509],[128.10369,-8.27508]]],[[[129.0062,-8.2636],[128.94923,-8.23602],[128.91635,-8.25465],[128.88771,-8.24489],[128.83448,-8.1998],[128.8895,-8.17783],[129.02963,-8.2068],[129.035,-8.2361],[129.0062,-8.2636]]],[[[128.02564,-8.26141],[127.9393,-8.21819],[127.8436,-8.20574],[127.76157,-8.11745],[127.83253,-8.09857],[128.01783,-8.14316],[128.09059,-8.13104],[128.12745,-8.16131],[128.02564,-8.26141]]],[[[129.81935,-7.81927],[129.84457,-7.8362],[129.84116,-7.87786],[129.86101,-7.89886],[129.85906,-7.93255],[129.77638,-8.05535],[129.69386,-8.03826],[129.58522,-7.90203],[129.58758,-7.83563],[129.60125,-7.80731],[129.6325,-7.79599],[129.81935,-7.81927]]],[[[130.08033,-7.78737],[130.02564,-7.77256],[130.03093,-7.76263],[130.06666,-7.76263],[130.08033,-7.78737]]],[[[129.9826,-7.70485],[130.01539,-7.74407],[129.99724,-7.74822],[129.9826,-7.70485]]],[[[129.65854,-7.53509],[129.71388,-7.5582],[129.69459,-7.57757],[129.65528,-7.56048],[129.65854,-7.53509]]],[[[128.63868,-7.2199],[128.54664,-7.16269],[128.52882,-7.13055],[128.61964,-7.06316],[128.69972,-7.10955],[128.65854,-7.14381],[128.68051,-7.17246],[128.63868,-7.2199]]],[[[129.11744,-6.97275],[129.14479,-6.96209],[129.1504,-6.99147],[129.12501,-6.99326],[129.11744,-6.97275]]],[[[129.48634,-6.7291],[129.52906,-6.72308],[129.51157,-6.76971],[129.48455,-6.7553],[129.48634,-6.7291]]],[[[130.02605,-6.31846],[129.99871,-6.31715],[129.99781,-6.30975],[130.02605,-6.31846]]],[[[127.79851,-5.40016],[127.8034,-5.40765],[127.79005,-5.4096],[127.79851,-5.40016]]],[[[129.9485,-4.51434],[129.93336,-4.56292],[129.85906,-4.55478],[129.9485,-4.51434]]],[[[129.75782,-4.52256],[129.77833,-4.52451],[129.77027,-4.53932],[129.75782,-4.52256]]],[[[128.81056,-3.67645],[128.76173,-3.69964],[128.74635,-3.65976],[128.79623,-3.64284],[128.81056,-3.67645]]],[[[128.20289,-3.63934],[128.04273,-3.71803],[127.98601,-3.77158],[127.93344,-3.76344],[127.91236,-3.70306],[127.98414,-3.62054],[128.0477,-3.58473],[128.1587,-3.58465],[128.28712,-3.50457],[128.34938,-3.52947],[128.32342,-3.57024],[128.33497,-3.62721],[128.25196,-3.61492],[128.27817,-3.67441],[128.2365,-3.72226],[128.09742,-3.77321],[128.22096,-3.6491],[128.20289,-3.63934]]],[[[128.46144,-3.51214],[128.52882,-3.53297],[128.56381,-3.59189],[128.39291,-3.64284],[128.42709,-3.52272],[128.46144,-3.51214]]],[[[128.72804,-3.61492],[128.66879,-3.56927],[128.63624,-3.62282],[128.56105,-3.49375],[128.59783,-3.4918],[128.67286,-3.53981],[128.69321,-3.50205],[128.72055,-3.52557],[128.72804,-3.61492]]],[[[130.47779,-3.69736],[130.41879,-3.63689],[130.00172,-3.47308],[129.96363,-3.42832],[129.96127,-3.38226],[129.93385,-3.34832],[129.89047,-3.3331],[129.50961,-3.3025],[129.50196,-3.3344],[129.56324,-3.43963],[129.53004,-3.46478],[129.48561,-3.46347],[129.35808,-3.41009],[129.19361,-3.38974],[129.08432,-3.34124],[128.96078,-3.35556],[128.93767,-3.32041],[128.98194,-3.25189],[128.95289,-3.22039],[128.87745,-3.20257],[128.69256,-3.34873],[128.67286,-3.38592],[128.69386,-3.41009],[128.67758,-3.43231],[128.54933,-3.43743],[128.48414,-3.4625],[128.39918,-3.41009],[128.27215,-3.21152],[128.17872,-3.19427],[128.20004,-3.11142],[128.16578,-3.06699],[128.13575,-3.07537],[128.09067,-3.13201],[128.05307,-3.31064],[128.02223,-3.36858],[127.98146,-3.38502],[127.92604,-3.55348],[127.89861,-3.52386],[127.93344,-3.38974],[127.93019,-3.32334],[127.8423,-3.17327],[127.90561,-3.14951],[128.00807,-3.07366],[128.10369,-3.06699],[128.09059,-3.02215],[128.11793,-2.98431],[128.07,-2.97064],[128.1211,-2.94451],[128.17547,-2.85703],[128.38103,-2.85996],[128.51588,-2.83416],[128.60076,-2.85467],[128.86524,-2.86207],[129.05291,-2.80446],[129.06886,-2.82122],[129.06446,-2.89617],[129.10523,-2.94793],[129.17709,-2.9577],[129.17945,-2.92645],[129.21852,-2.94118],[129.22779,-2.91522],[129.35841,-2.85622],[129.37289,-2.80682],[129.40024,-2.7916],[129.54103,-2.78004],[129.55494,-2.79901],[129.76612,-2.86891],[129.81056,-2.91668],[129.86207,-2.90301],[129.88559,-2.93662],[129.89503,-2.92539],[129.96485,-2.97356],[130.04664,-2.99212],[130.30152,-2.97723],[130.38933,-2.99383],[130.48894,-3.0875],[130.5879,-3.12949],[130.62224,-3.21258],[130.63722,-3.35361],[130.66668,-3.40358],[130.76148,-3.40586],[130.81658,-3.43426],[130.83155,-3.45794],[130.8108,-3.48455],[130.87322,-3.57399],[130.87322,-3.61492],[130.83155,-3.69411],[130.82472,-3.82448],[130.84156,-3.865],[130.81788,-3.86883],[130.75278,-3.82789],[130.61647,-3.78631],[130.55128,-3.72096],[130.47779,-3.69736]]],[[[127.827,-3.02899],[127.83717,-3.00189],[127.9253,-2.95517],[127.92604,-2.91668],[127.99439,-2.93906],[127.94728,-3.01849],[127.827,-3.02899]]],[[[128.30616,-0.94329],[128.40349,-0.99529],[128.40675,-1.02597],[128.37289,-1.03769],[128.33033,-1.0202],[128.30616,-0.94329]]],[[[129.54029,-0.21673],[129.51677,-0.20875],[129.45826,-0.1137],[129.37289,-0.07952],[129.37159,-0.0368],[129.29347,0.04768],[129.53688,-0.13421],[129.57154,-0.19215],[129.54029,-0.21673]]],[[[127.55543,0.73989],[127.58806,0.76118],[127.62452,0.83222],[127.61158,0.85773],[127.50782,0.88622],[127.49464,0.90502],[127.51466,0.95889],[127.4878,0.99991],[127.49195,1.05492],[127.47145,1.06558],[127.40414,1.04279],[127.39975,1.07876],[127.42742,1.12848],[127.39861,1.20905],[127.54078,1.47565],[127.51938,1.53193],[127.55616,1.60004],[127.5464,1.64289],[127.57309,1.66401],[127.55567,1.69253],[127.62973,1.8354],[127.68995,1.92528],[127.93483,2.18765],[128.00392,2.18061],[128.04737,2.20384],[128.05681,2.16991],[128.02906,2.10969],[127.96461,2.05362],[127.93458,1.9632],[127.86476,1.92902],[127.84645,1.85147],[127.87566,1.80793],[127.94068,1.80004],[128.0149,1.71922],[127.99562,1.62735],[128.03533,1.53799],[128.0149,1.3946],[127.99562,1.37075],[128.0149,1.30524],[127.97389,1.29776],[127.89064,1.15241],[127.834,1.14387],[127.63754,1.00072],[127.62762,0.93741],[127.65512,0.89004],[127.72071,0.85273],[127.74187,0.81802],[127.79566,0.79906],[127.85174,0.81175],[127.92302,0.86982],[127.93637,1.00731],[127.99391,1.08299],[128.05494,1.12043],[128.14479,1.12466],[128.17945,1.15445],[128.19606,1.19644],[128.17628,1.23298],[128.09742,1.23631],[128.09205,1.25727],[128.2046,1.38996],[128.43727,1.53929],[128.50904,1.5312],[128.53932,1.56192],[128.60467,1.57689],[128.71949,1.57062],[128.72804,1.54853],[128.68751,1.50324],[128.68637,1.44522],[128.74098,1.40485],[128.7483,1.34406],[128.71583,1.28653],[128.70118,1.07087],[128.65064,1.06196],[128.43979,0.93179],[128.30047,0.89374],[128.29835,0.82343],[128.23178,0.82608],[128.21355,0.77391],[128.31349,0.66816],[128.36459,0.64362],[128.43629,0.63886],[128.48504,0.59886],[128.68084,0.55451],[128.69011,0.34699],[128.82423,0.31086],[128.87973,0.25584],[128.89959,0.20779],[128.84791,0.25007],[128.53761,0.32685],[128.46111,0.39484],[128.26222,0.39134],[128.23463,0.41397],[128.21022,0.40681],[128.15203,0.45551],[127.96022,0.48281],[127.91049,0.43769],[127.87827,0.32453],[127.91236,0.25349],[127.92123,0.14558],[127.88787,0.08747],[127.88575,0.02351],[127.97316,-0.19687],[127.98072,-0.26385],[128.01735,-0.3126],[128.04273,-0.4153],[128.09636,-0.51727],[128.22779,-0.70957],[128.44068,-0.90879],[128.25099,-0.86679],[128.22885,-0.83994],[128.26873,-0.8331],[128.24952,-0.79648],[128.03224,-0.69931],[127.88559,-0.40602],[127.85133,-0.36549],[127.70834,-0.28704],[127.66603,-0.20924],[127.70021,0.04768],[127.68067,0.16226],[127.71559,0.31257],[127.69679,0.34223],[127.65512,0.34223],[127.57651,0.41551],[127.55616,0.52383],[127.52687,0.56061],[127.55543,0.73989]]],[[[127.74822,2.24738],[127.75994,2.26992],[127.81056,2.26386],[127.81617,2.23379],[127.78126,2.20893],[127.74822,2.24738]]],[[[128.2461,2.10615],[128.24147,2.22248],[128.19711,2.26618],[128.32114,2.45865],[128.41944,2.53262],[128.45737,2.59007],[128.51515,2.57339],[128.56642,2.63361],[128.68637,2.48395],[128.69451,2.43887],[128.64552,2.32624],[128.6421,2.26118],[128.56666,2.10993],[128.49024,2.05427],[128.34498,2.03994],[128.26905,1.99535],[128.28859,2.03962],[128.2461,2.10615]]],[[[128.12867,2.3583],[128.16017,2.40485],[128.19361,2.36726],[128.16993,2.29743],[128.15463,2.28636],[128.13071,2.31647],[128.12867,2.3583]]],[[[130.97381,-8.14528],[131.03761,-8.08327],[131.08546,-8.12493],[131.07944,-8.14886],[131.18165,-8.12493],[131.06121,-8.20582],[130.89373,-8.25123],[130.8794,-8.30926],[130.81088,-8.35133],[130.76336,-8.35076],[130.85499,-8.24],[130.91342,-8.21364],[130.92644,-8.1325],[130.97381,-8.14528]]],[[[131.0359,-7.68759],[131.04379,-7.71347],[130.9712,-7.70135],[130.99952,-7.65749],[131.13258,-7.62331],[131.0923,-7.69231],[131.0359,-7.68759]]],[[[131.57423,-7.69492],[131.49692,-7.72633],[131.50318,-7.74749],[131.46901,-7.76181],[131.47495,-7.78297],[131.3899,-7.8471],[131.37965,-7.89153],[131.33863,-7.93922],[131.36085,-7.94736],[131.34547,-7.98707],[131.31674,-8.018],[131.29152,-8.01133],[131.3108,-7.95403],[131.28346,-7.93613],[131.22967,-8.00351],[131.11622,-8.00075],[131.12696,-7.92913],[131.11598,-7.8987],[131.0923,-7.89153],[131.09018,-7.84881],[131.11964,-7.8165],[131.15284,-7.82187],[131.16114,-7.79957],[131.13998,-7.78167],[131.15699,-7.77435],[131.15366,-7.74066],[131.11964,-7.73382],[131.11476,-7.70696],[131.13917,-7.68613],[131.20387,-7.71331],[131.24985,-7.70664],[131.19484,-7.68377],[131.18133,-7.64959],[131.24155,-7.48773],[131.3152,-7.42295],[131.35572,-7.43532],[131.39698,-7.34344],[131.45314,-7.33441],[131.45509,-7.29119],[131.49399,-7.22959],[131.54477,-7.2199],[131.52882,-7.1701],[131.56861,-7.13096],[131.65431,-7.11289],[131.65463,-7.17213],[131.70411,-7.13152],[131.74334,-7.19606],[131.69858,-7.22674],[131.66652,-7.22389],[131.64275,-7.25481],[131.67506,-7.35817],[131.6609,-7.38388],[131.70924,-7.4179],[131.6609,-7.48691],[131.66871,-7.50921],[131.63307,-7.62005],[131.57423,-7.69492]]],[[[130.89772,-7.55446],[130.84099,-7.52874],[130.85865,-7.48691],[130.89373,-7.51409],[130.98463,-7.51816],[130.9686,-7.5346],[130.98585,-7.55194],[130.89772,-7.55446]]],[[[131.05738,-7.50791],[131.07179,-7.47942],[130.98927,-7.47324],[130.99106,-7.4389],[131.01824,-7.41522],[131.18287,-7.41595],[131.08033,-7.50368],[131.05738,-7.50791]]],[[[131.28395,-7.32977],[131.29762,-7.31911],[131.27711,-7.37078],[131.21583,-7.35711],[131.26498,-7.29713],[131.28395,-7.32977]]],[[[131.9817,-7.2457],[131.96559,-7.25465],[131.87794,-7.16448],[131.77223,-7.16497],[131.73219,-7.14121],[131.75701,-7.11004],[131.91847,-7.10361],[131.98219,-7.1889],[131.9817,-7.2457]]],[[[131.59742,-6.67913],[131.61931,-6.68255],[131.62452,-6.70973],[131.5687,-6.7326],[131.56617,-6.75164],[131.59132,-6.76767],[131.55104,-6.80153],[131.52735,-6.78086],[131.53736,-6.73805],[131.59742,-6.67913]]],[[[134.62143,-6.747],[134.62827,-6.70941],[134.68149,-6.59987],[134.70737,-6.58904],[134.73756,-6.63096],[134.66944,-6.77288],[134.62143,-6.747]]],[[[134.14617,-6.85898],[134.07342,-6.82676],[134.05299,-6.76434],[134.11061,-6.45916],[134.20997,-6.50742],[134.18946,-6.44524],[134.13697,-6.45037],[134.12037,-6.41985],[134.12745,-6.32529],[134.10271,-6.18011],[134.136,-6.17694],[134.16383,-6.21502],[134.29461,-6.29778],[134.28777,-6.34189],[134.32976,-6.38934],[134.45704,-6.44524],[134.49,-6.51133],[134.48439,-6.57562],[134.52149,-6.58685],[134.49928,-6.63779],[134.47218,-6.6618],[134.4017,-6.65749],[134.43653,-6.68206],[134.34718,-6.80153],[134.3589,-6.82073],[134.31072,-6.85947],[134.18507,-6.91863],[134.14617,-6.85898]]],[[[134.62379,-6.4861],[134.68434,-6.45778],[134.72779,-6.50457],[134.72983,-6.54616],[134.67481,-6.56308],[134.65626,-6.55901],[134.62379,-6.4861]]],[[[134.44614,-6.28541],[134.57472,-6.37477],[134.60776,-6.42148],[134.55372,-6.47324],[134.56056,-6.51605],[134.54176,-6.52947],[134.51157,-6.5136],[134.46388,-6.4249],[134.42726,-6.42636],[134.34718,-6.35963],[134.40642,-6.29957],[134.44614,-6.28541]]],[[[134.87184,-6.28851],[134.88819,-6.31406],[134.82635,-6.47324],[134.79835,-6.45224],[134.79412,-6.40195],[134.81422,-6.3458],[134.83375,-6.34238],[134.84059,-6.28769],[134.87184,-6.28851]]],[[[134.15528,-6.00652],[134.15528,-6.04803],[134.21778,-6.02361],[134.24049,-6.0735],[134.27149,-6.0617],[134.23414,-6.13006],[134.33326,-6.23455],[134.3615,-6.23935],[134.35597,-6.25457],[134.42286,-6.28086],[134.33766,-6.33196],[134.20281,-6.19427],[134.16228,-6.19655],[134.18605,-6.13397],[134.14112,-6.15789],[134.12037,-6.12217],[134.12599,-6.03428],[134.15528,-6.00652]]],[[[134.30177,-6.01629],[134.3191,-5.96608],[134.2881,-5.92392],[134.3235,-5.86826],[134.36036,-5.84954],[134.35402,-5.8283],[134.37827,-5.79371],[134.3615,-5.78053],[134.3309,-5.80397],[134.31821,-5.77256],[134.24789,-5.76043],[134.202,-5.7125],[134.25782,-5.67881],[134.30974,-5.71258],[134.35182,-5.71445],[134.45704,-5.53411],[134.4725,-5.55788],[134.50473,-5.54778],[134.49122,-5.44817],[134.50831,-5.42938],[134.53972,-5.44061],[134.58123,-5.42425],[134.62827,-5.44476],[134.6482,-5.4931],[134.69654,-5.53411],[134.66863,-5.54778],[134.68238,-5.57513],[134.6351,-5.5888],[134.71022,-5.60914],[134.75807,-5.67132],[134.71876,-5.73756],[134.73756,-5.78737],[134.70289,-5.83571],[134.74334,-5.84694],[134.7649,-5.89039],[134.72389,-5.91774],[134.70965,-5.89617],[134.69654,-5.91774],[134.73756,-5.945],[134.72389,-5.945],[134.7361,-5.9695],[134.65431,-5.93328],[134.60109,-5.95184],[134.65699,-5.95387],[134.77223,-6.08961],[134.75465,-6.13551],[134.70289,-6.15789],[134.69109,-6.18808],[134.75807,-6.15789],[134.74781,-6.22991],[134.70183,-6.32187],[134.60776,-6.36956],[134.55372,-6.35589],[134.44947,-6.26377],[134.33351,-6.22145],[134.27662,-6.11932],[134.29249,-6.05486],[134.36769,-6.03436],[134.30177,-6.01629]]],[[[134.21274,-5.75872],[134.22828,-5.77337],[134.22039,-5.81561],[134.18051,-5.82733],[134.16969,-5.76832],[134.21274,-5.75872]]],[[[132.67449,-5.76002],[132.68873,-5.76002],[132.6198,-5.60296],[132.66139,-5.62347],[132.69752,-5.59743],[132.6906,-5.65008],[132.74049,-5.66009],[132.75758,-5.73211],[132.77125,-5.71844],[132.80201,-5.78737],[132.80543,-5.86248],[132.77556,-5.92392],[132.74155,-5.95037],[132.71599,-5.89666],[132.70867,-5.9275],[132.6919,-5.92881],[132.66139,-5.84539],[132.67506,-5.83571],[132.67449,-5.76002]]],[[[132.90008,-5.8139],[132.92888,-5.77711],[132.92888,-5.69801],[132.96412,-5.64072],[133.00408,-5.64715],[133.11012,-5.31097],[133.13787,-5.28729],[133.18434,-5.31032],[133.18873,-5.3445],[133.16538,-5.38014],[133.11329,-5.59564],[133.03354,-5.65439],[132.97543,-5.72869],[132.94939,-5.7942],[132.9568,-5.86248],[132.8423,-5.99684],[132.90008,-5.8139]]],[[[132.81105,-5.5556],[132.79737,-5.60906],[132.81276,-5.67132],[132.80543,-5.68499],[132.78492,-5.65765],[132.78053,-5.68035],[132.76368,-5.67881],[132.74318,-5.60442],[132.78492,-5.52728],[132.78492,-5.56146],[132.81105,-5.5556]]],[[[132.33432,-5.57293],[132.30885,-5.53574],[132.31861,-5.5136],[132.3462,-5.5359],[132.38071,-5.53411],[132.37143,-5.55413],[132.33432,-5.57293]]],[[[131.96241,-5.34352],[132.00864,-5.31276],[132.01629,-5.33082],[132.00034,-5.37322],[131.96559,-5.38877],[131.96241,-5.34352]]],[[[131.7544,-4.73651],[131.7365,-4.76629],[131.72511,-4.7317],[131.73308,-4.69305],[131.7544,-4.73651]]],[[[131.63347,-4.43043],[131.68043,-4.52402],[131.6609,-4.53428],[131.60621,-4.43043],[131.63347,-4.43043]]],[[[131.39186,-4.1535],[131.29656,-4.10906],[131.28151,-4.07],[131.29461,-4.06316],[131.39186,-4.1535]]],[[[131.24985,-4.0097],[131.23959,-4.04705],[131.20916,-3.97894],[131.24985,-4.0097]]],[[[131.40064,-4.04705],[131.36964,-3.96217],[131.41603,-3.95859],[131.44239,-4.06512],[131.40064,-4.04705]]]]}},{"type":"Feature","id":"IDN-bali-denpasar","properties":{"id":"IDN-bali-denpasar","iso3":"IDN","country_ja":"インドネシア","un_region_ja":"東南アジア","area_ja":"南部バリ島デンパサールの一部","level":"やや高い","source_ids":["BPS2010","ISEAS2022","PEW2025"],"clothing_evidence":"服装調査あり（地図の各範囲を直接測定したものではない）","geometry_kind_ja":"位置の目印（面積を持たない）","geometry_method":{"type":"point","coordinates":[115.22,-8.66]},"map_number":80},"geometry":{"type":"Point","coordinates":[115.22,-8.66]}},{"type":"Feature","id":"MYS-peninsula-east","properties":{"id":"MYS-peninsula-east","iso3":"MYS","country_ja":"マレーシア","un_region_ja":"東南アジア","area_ja":"マレー半島の北部・東岸","level":"高い","source_ids":["DOSM2020","MYS_DRESS","PEW2025"],"clothing_evidence":"服装の質的資料あり／地域の率は未取得","geometry_kind_ja":"行政区を束ねた概略","geometry_method":{"type":"admin1","names":["Kelantan","Terengganu","Kedah","Perlis","Pahang"]},"map_number":81},"geometry":{"type":"MultiPolygon","coordinates":[[[[103.37843,3.80244],[103.36101,3.80199],[103.35562,3.79141],[103.35108,3.78921],[103.34836,3.77715],[103.33871,3.7582],[103.34203,3.74907],[103.33961,3.73835],[103.38722,3.62474],[103.46217,3.53412],[103.44801,3.50495],[103.48219,3.51179],[103.42807,3.36717],[103.45606,3.20376],[103.43458,2.96182],[103.44214,2.94039],[103.44117,2.92211],[103.45941,2.89139],[103.47364,2.85102],[103.5007,2.82184],[103.52019,2.78901],[103.63844,2.67211],[103.64019,2.67142],[103.64031,2.67129],[103.60022,2.6324],[103.62394,2.60214],[103.60239,2.53083],[103.63603,2.49484],[103.61851,2.44595],[103.36447,2.5939],[103.15497,2.52935],[102.99209,2.59524],[102.81443,2.79471],[102.70456,2.839],[102.6873,2.89649],[102.66808,2.89184],[102.46634,3.02925],[102.38861,3.11792],[102.13023,3.19451],[102.06905,3.17169],[102.04926,3.22329],[102.00021,3.22849],[101.94854,3.27799],[101.91598,3.2606],[101.8303,3.28915],[101.76498,3.37326],[101.78591,3.42579],[101.7656,3.4995],[101.8055,3.55319],[101.81335,3.59764],[101.77165,3.66895],[101.66814,3.71574],[101.60127,3.79238],[101.60143,3.86702],[101.56076,4.0042],[101.58494,4.08202],[101.55099,4.12468],[101.522,4.12732],[101.51156,4.20088],[101.46531,4.22057],[101.45255,4.31842],[101.43322,4.34418],[101.44578,4.38203],[101.37023,4.40245],[101.34196,4.43146],[101.38635,4.49973],[101.36449,4.57414],[101.37906,4.61285],[101.34336,4.68176],[101.3879,4.70992],[101.38495,4.75056],[101.41906,4.79333],[101.41059,4.83071],[101.44903,4.8543],[101.46143,4.8882],[101.43508,4.97455],[101.45663,4.99512],[101.52882,5.27219],[101.5513,5.27529],[101.61693,5.35993],[101.67636,5.33363],[101.74989,5.36861],[101.75237,5.49129],[101.74137,5.50953],[101.67047,5.51806],[101.68736,5.58191],[101.66442,5.65818],[101.69439,5.69487],[101.69757,5.76714],[101.71377,5.78201],[101.71629,5.78287],[101.73306,5.78251],[101.75147,5.77088],[101.78415,5.7381],[101.79186,5.74536],[101.80048,5.73991],[101.91293,5.85931],[101.93474,5.98173],[102.06,6.0948],[102.07309,6.25751],[102.16358,6.1975],[102.18702,6.20344],[102.18312,6.22305],[102.16684,6.21796],[102.17807,6.23363],[102.19956,6.23282],[102.32452,6.18248],[102.37989,6.13296],[102.49985,5.89741],[102.51539,5.88168],[102.52076,5.87173],[102.53555,5.86128],[102.542,5.85476],[102.62631,5.79719],[102.6692,5.725],[102.87566,5.57144],[102.96943,5.5338],[102.98842,5.51803],[103.12029,5.38133],[103.44801,4.80654],[103.46941,4.55004],[103.45143,4.48847],[103.49643,4.30622],[103.44801,4.21748],[103.44854,4.17574],[103.44596,4.17286],[103.31858,4.19359],[103.44252,4.16903],[103.39519,4.11628],[103.398,4.10433],[103.39405,4.09862],[103.43434,3.95002],[103.41163,3.96394],[103.39471,3.935],[103.37843,3.80244]],[[101.76715,4.63558],[101.6522,4.56449],[101.65512,4.56468],[101.76715,4.63558]],[[102.60664,4.77392],[102.60573,4.75664],[102.61456,4.77311],[102.60664,4.77392]],[[102.66457,4.7872],[102.66064,4.76842],[102.6904,4.71736],[102.66457,4.7872]],[[102.73448,4.68928],[102.74427,4.68809],[102.6904,4.71736],[102.73448,4.68928]],[[102.87168,4.64863],[102.84388,4.67594],[102.87204,4.63266],[102.87168,4.64863]],[[102.87323,4.58034],[102.87313,4.58453],[102.87175,4.57826],[102.87323,4.58034]],[[102.84513,4.54074],[102.86372,4.56694],[102.84326,4.54714],[102.84513,4.54074]],[[102.88144,4.47559],[102.84758,4.53232],[102.85753,4.49817],[102.88144,4.47559]],[[102.94879,4.45606],[102.8856,4.47165],[102.8875,4.46986],[102.94879,4.45606]],[[102.97374,4.47429],[102.97018,4.47756],[102.94879,4.45606],[102.97374,4.47429]],[[103.01178,4.43929],[102.98182,4.46685],[103.018,4.42104],[103.01178,4.43929]],[[103.01445,4.34212],[103.01503,4.34232],[103.02527,4.39973],[103.02341,4.4052],[103.01445,4.34212]],[[102.90331,4.14083],[102.93556,4.27579],[102.93401,4.27318],[102.90331,4.14083]],[[103.00821,4.13453],[102.91904,4.11553],[102.92202,4.11073],[103.00821,4.13453]],[[102.65101,4.82388],[102.6395,4.855],[102.63718,4.85609],[102.65101,4.82388]],[[102.52263,4.90977],[102.51281,4.91437],[102.51305,4.9104],[102.52263,4.90977]]],[[[100.833,6.23667],[100.9101,6.2358],[100.97428,6.27262],[101.02306,6.24099],[101.08166,6.24647],[101.08916,6.18885],[101.05345,6.15761],[101.05252,6.13456],[101.09427,6.08575],[101.07877,5.93817],[101.01531,5.89835],[100.96772,5.80412],[100.96847,5.79914],[100.96529,5.79241],[100.97115,5.78136],[100.97243,5.77285],[100.95464,5.76634],[100.98426,5.72211],[100.96999,5.65911],[100.92875,5.61333],[100.94953,5.58516],[100.93682,5.5231],[100.87878,5.47801],[100.85269,5.35412],[100.75574,5.31557],[100.68618,5.20725],[100.5633,5.08155],[100.51751,5.0991],[100.50372,5.13424],[100.55911,5.14276],[100.52485,5.46918],[100.53322,5.54979],[100.35708,5.56868],[100.35339,5.57787],[100.344,5.66926],[100.37631,5.66332],[100.3864,5.6791],[100.36451,5.69408],[100.37574,5.81094],[100.34913,6.01268],[100.24789,6.22077],[100.18736,6.27872],[100.16448,6.31531],[100.14766,6.35591],[100.12729,6.44229],[100.1457,6.53952],[100.1672,6.56614],[100.16686,6.68663],[100.18756,6.70796],[100.21236,6.68918],[100.27396,6.69626],[100.3292,6.55777],[100.37766,6.52675],[100.38047,6.52633],[100.38739,6.52208],[100.46723,6.51322],[100.63068,6.44478],[100.72995,6.4932],[100.73388,6.45638],[100.80561,6.4148],[100.833,6.23667]]],[[[99.80044,6.27281],[99.83698,6.29423],[99.82643,6.19067],[99.8056,6.17179],[99.76723,6.2238],[99.80044,6.27281]]],[[[99.71904,6.35323],[99.6587,6.36262],[99.64523,6.43584],[99.77093,6.41984],[99.84203,6.46964],[99.91334,6.3902],[99.90062,6.3643],[99.91627,6.33153],[99.86569,6.29053],[99.84459,6.32469],[99.82533,6.3241],[99.72874,6.26148],[99.71904,6.35323]]]]}},{"type":"Feature","id":"MYS-peninsula-west","properties":{"id":"MYS-peninsula-west","iso3":"MYS","country_ja":"マレーシア","un_region_ja":"東南アジア","area_ja":"マレー半島の西岸・南部（クアラルンプール周辺など）","level":"やや高い","source_ids":["PEW2025","MYS_DRESS"],"clothing_evidence":"服装の質的資料あり／地域の率は未取得","geometry_kind_ja":"行政区を束ねた概略","geometry_method":{"type":"admin1","names":["Perak","Pulau Pinang","Selangor","Kuala Lumpur","Putrajaya","Negeri Sembilan","Melaka","Johor"]},"map_number":82},"geometry":{"type":"MultiPolygon","coordinates":[[[[101.26808,2.96516],[101.30592,3.06395],[101.3235,3.07111],[101.3353,3.00902],[101.26808,2.96516]]],[[[101.25961,3.03022],[101.23699,3.03506],[101.26287,3.05634],[101.25961,3.03022]]],[[[101.37281,3.00235],[101.365,3.07636],[101.32342,3.12446],[101.29762,3.2746],[101.23569,3.34414],[101.1976,3.35932],[101.10841,3.47394],[101.04054,3.62197],[100.9336,3.68928],[100.88648,3.75633],[100.81227,3.78657],[100.84112,3.84291],[100.93945,3.86106],[100.84351,3.84758],[100.84539,3.85126],[100.78484,3.83934],[100.7162,3.87914],[100.70905,3.8967],[100.70631,3.98359],[100.80152,3.99112],[100.83465,4.01854],[100.87143,4.01887],[100.8615,4.04035],[100.7776,4.02139],[100.76588,4.09984],[100.67775,4.16519],[100.63258,4.15546],[100.61525,4.25165],[100.56544,4.31916],[100.64552,4.56004],[100.59734,4.57193],[100.59441,4.61091],[100.66619,4.66991],[100.60418,4.66584],[100.59449,4.74307],[100.63258,4.75812],[100.61207,4.77237],[100.61736,4.79291],[100.57618,4.79926],[100.5774,4.85431],[100.55006,4.87543],[100.49439,4.87226],[100.511,4.90693],[100.44158,4.92284],[100.36451,5.0843],[100.4041,5.12018],[100.40516,5.12297],[100.40903,5.12665],[100.41657,5.15294],[100.43092,5.19062],[100.42944,5.19778],[100.43328,5.21117],[100.41896,5.24848],[100.43328,5.29002],[100.38022,5.39069],[100.38494,5.49925],[100.35708,5.56868],[100.53322,5.54979],[100.52485,5.46918],[100.55793,5.14258],[100.50372,5.13424],[100.50456,5.13211],[100.49614,5.13111],[100.51751,5.0991],[100.5633,5.08155],[100.56719,5.08553],[100.57095,5.0845],[100.68618,5.20725],[100.75574,5.31557],[100.85269,5.35412],[100.87878,5.47801],[100.93682,5.5231],[100.93906,5.53404],[100.94333,5.53801],[100.94953,5.58516],[100.92875,5.61333],[100.96999,5.65911],[100.98426,5.72211],[100.95464,5.76634],[100.97243,5.77285],[100.99862,5.72955],[101.0598,5.70958],[101.12218,5.62989],[101.2123,5.68152],[101.24899,5.78699],[101.55791,5.91135],[101.63408,5.85559],[101.63078,5.82841],[101.66592,5.76559],[101.69732,5.76146],[101.69439,5.69487],[101.66442,5.65818],[101.68736,5.58191],[101.66938,5.52225],[101.67142,5.52165],[101.67047,5.51806],[101.6929,5.51536],[101.7475,5.49937],[101.75019,5.4949],[101.74989,5.36861],[101.67636,5.33363],[101.61693,5.35993],[101.5513,5.27529],[101.52882,5.27219],[101.45663,4.99512],[101.43508,4.97455],[101.46143,4.8882],[101.44903,4.8543],[101.41059,4.83071],[101.41906,4.79333],[101.38495,4.75056],[101.3879,4.70992],[101.34336,4.68176],[101.37906,4.61285],[101.36449,4.57414],[101.36601,4.56896],[101.36273,4.55791],[101.38635,4.49973],[101.34196,4.43146],[101.37023,4.40245],[101.44578,4.38203],[101.43322,4.34418],[101.45255,4.31842],[101.46531,4.22057],[101.51156,4.20088],[101.522,4.12732],[101.55099,4.12468],[101.58494,4.08202],[101.56076,4.0042],[101.60143,3.86702],[101.59895,3.7976],[101.60128,3.79545],[101.60127,3.79238],[101.66814,3.71574],[101.77165,3.66895],[101.8123,3.59167],[101.81066,3.5824],[101.7656,3.4995],[101.78591,3.42579],[101.76498,3.37326],[101.8303,3.28915],[101.92107,3.25388],[101.91598,3.2606],[101.94349,3.2753],[102.00021,3.22849],[102.04926,3.22329],[102.06905,3.17169],[102.13023,3.19451],[102.38861,3.11792],[102.46634,3.02925],[102.66808,2.89184],[102.6873,2.89649],[102.70456,2.839],[102.81443,2.79471],[102.99209,2.59524],[103.15497,2.52935],[103.36447,2.5939],[103.61851,2.44595],[103.63603,2.49484],[103.60239,2.53083],[103.62394,2.60214],[103.60022,2.6324],[103.64031,2.67129],[103.71616,2.64155],[103.76515,2.64891],[103.83969,2.52485],[103.83766,2.46381],[103.94898,2.33991],[103.98365,2.25365],[103.97641,2.19237],[104.1128,1.97614],[104.12428,1.87055],[104.14918,1.83747],[104.16749,1.84707],[104.19532,1.79873],[104.25522,1.63776],[104.29371,1.47158],[104.27735,1.36734],[104.17408,1.34821],[104.10621,1.37519],[104.05942,1.48534],[104.14763,1.5454],[104.11118,1.54507],[104.0534,1.50629],[104.01222,1.59687],[103.96599,1.64785],[104.00831,1.54873],[104.00978,1.44863],[103.97446,1.41983],[103.83969,1.47655],[103.6976,1.45063],[103.60011,1.35346],[103.54786,1.38207],[103.54851,1.33169],[103.51637,1.27045],[103.45485,1.33942],[103.41391,1.46784],[103.36736,1.5384],[103.20606,1.61042],[103.03712,1.71552],[102.93458,1.74754],[102.83562,1.84565],[102.69939,1.85944],[102.65064,1.9409],[102.55763,2.01874],[102.5573,2.04511],[102.54632,2.0528],[102.54469,2.05769],[102.52929,2.06471],[102.48889,2.09298],[102.15431,2.23566],[102.05128,2.34089],[101.99903,2.36164],[101.98878,2.39452],[101.92677,2.42243],[101.86525,2.39452],[101.85108,2.47895],[101.80323,2.51801],[101.78305,2.57587],[101.77827,2.57742],[101.77442,2.58657],[101.69788,2.61121],[101.67351,2.62726],[101.54233,2.66128],[101.39918,2.81908],[101.28639,2.84968],[101.30348,2.89484],[101.28305,2.9112],[101.37281,3.00235]],[[101.94844,3.19264],[101.94575,3.22128],[101.93822,3.23123],[101.94844,3.19264]],[[101.87996,2.87104],[101.96342,3.03304],[101.96327,3.03464],[101.87996,2.87104]],[[101.32689,3.76205],[101.33746,3.68952],[101.34506,3.72055],[101.32689,3.76205]],[[101.35866,3.79212],[101.33669,3.78959],[101.32584,3.76925],[101.32616,3.76708],[101.35866,3.79212]],[[101.37023,3.79346],[101.36452,3.7928],[101.3915,3.7768],[101.37023,3.79346]],[[101.51532,3.6798],[101.48044,3.70712],[101.51063,3.67593],[101.51532,3.6798]],[[101.66535,3.08588],[101.62584,3.14263],[101.62608,3.14051],[101.66535,3.08588]],[[101.76312,3.17596],[101.75938,3.1845],[101.74183,3.12632],[101.76312,3.17596]],[[101.68442,3.22211],[101.70834,3.20699],[101.71286,3.20791],[101.68442,3.22211]],[[101.66514,3.23174],[101.64137,3.20276],[101.66711,3.23076],[101.66514,3.23174]],[[101.62174,3.17882],[101.6237,3.16149],[101.62251,3.17976],[101.62174,3.17882]],[[101.6669,2.89393],[101.6768,2.88056],[101.67155,2.96036],[101.6669,2.89393]],[[101.68147,2.87424],[101.73036,2.92887],[101.67909,2.87745],[101.68147,2.87424]],[[102.62045,2.4797],[102.59935,2.42174],[102.62012,2.47597],[102.62045,2.4797]],[[102.6195,2.56139],[102.62097,2.48557],[102.62936,2.58049],[102.6195,2.56139]]],[[[100.2741,5.46849],[100.34343,5.41763],[100.28875,5.26268],[100.18434,5.26854],[100.19614,5.29999],[100.17945,5.4582],[100.21062,5.444],[100.2741,5.46849]]],[[[104.17066,2.8911],[104.22267,2.78559],[104.21079,2.71507],[104.15748,2.71328],[104.13063,2.7458],[104.12696,2.78559],[104.16033,2.81786],[104.15382,2.86408],[104.17066,2.8911]]]]}},{"type":"Feature","id":"MYS-sabah","properties":{"id":"MYS-sabah","iso3":"MYS","country_ja":"マレーシア","un_region_ja":"東南アジア","area_ja":"ボルネオ島北東部（サバ州）","level":"やや高い","source_ids":["PEW2025","IRF-MYS","MYS_DRESS"],"clothing_evidence":"服装の質的資料あり／地域の率は未取得","geometry_kind_ja":"行政区を束ねた概略","geometry_method":{"type":"admin1","names":["Sabah","Labuan"]},"map_number":83},"geometry":{"type":"MultiPolygon","coordinates":[[[[117.90704,4.15668],[117.70361,4.16341],[117.64015,4.22744],[117.70167,4.26752],[117.78541,4.24665],[117.81772,4.20474],[117.89625,4.18134],[117.90704,4.15668]]],[[[118.75611,4.45722],[118.67481,4.43659],[118.64405,4.49531],[118.74879,4.4855],[118.75611,4.45722]]],[[[118.53517,4.6013],[118.34645,4.67622],[118.4253,4.67622],[118.45631,4.69725],[118.51027,4.64887],[118.54949,4.66519],[118.59962,4.6352],[118.57537,4.62739],[118.57228,4.60114],[118.54811,4.62157],[118.53517,4.6013]]],[[[115.24171,5.3874],[115.25929,5.2912],[115.24171,5.27269],[115.20411,5.2836],[115.15919,5.25218],[115.18914,5.34479],[115.24171,5.3874]]],[[[116.39107,4.29467],[116.3582,4.35545],[116.31066,4.38338],[116.2288,4.35612],[116.12576,4.37891],[116.10995,4.34511],[116.02065,4.27085],[115.97724,4.32863],[115.87885,4.35214],[115.84412,4.38922],[115.81746,4.28132],[115.77074,4.22561],[115.73261,4.23938],[115.64692,4.1691],[115.64266,4.14947],[115.63913,4.14595],[115.62791,4.22083],[115.67354,4.3233],[115.64414,4.3625],[115.59065,4.38811],[115.55701,4.57352],[115.6585,4.82482],[115.63628,4.9405],[115.60931,4.96052],[115.42156,4.96233],[115.47975,5.02603],[115.55698,5.06721],[115.5735,5.16966],[115.60523,5.2121],[115.59864,5.22549],[115.53963,5.21234],[115.51066,5.21851],[115.40064,5.29999],[115.39975,5.32421],[115.36525,5.30744],[115.39259,5.41327],[115.55014,5.54019],[115.60483,5.63581],[115.61883,5.61286],[115.58432,5.54849],[115.60483,5.51972],[115.61915,5.56806],[115.67408,5.52936],[115.76238,5.52314],[115.81772,5.53335],[115.84864,5.56],[115.93067,5.76301],[116.05079,5.84227],[116.06642,5.93065],[116.14186,6.07306],[116.12623,6.10252],[116.10377,6.09471],[116.10597,6.12645],[116.15406,6.14728],[116.22267,6.23721],[116.29152,6.23261],[116.29273,6.27578],[116.2361,6.27261],[116.32,6.31338],[116.34767,6.37958],[116.50318,6.49519],[116.52068,6.56875],[116.63901,6.69929],[116.6692,6.87641],[116.69752,6.88972],[116.70034,6.90101],[116.70582,6.90534],[116.71892,6.97541],[116.77069,7.0209],[116.83814,6.96214],[116.85182,6.8902],[116.82252,6.90412],[116.8108,6.86286],[116.85865,6.81786],[116.84392,6.75227],[116.79273,6.66974],[116.78395,6.59162],[116.84547,6.59203],[116.97381,6.70808],[116.98414,6.75495],[117.05787,6.84553],[117.03053,6.93114],[117.08326,6.94847],[117.07838,6.99262],[117.11988,6.98578],[117.15024,7.00312],[117.25652,6.93797],[117.23032,6.81753],[117.27198,6.75373],[117.29591,6.6363],[117.36476,6.62515],[117.45851,6.54755],[117.5337,6.62104],[117.55812,6.54011],[117.60328,6.51472],[117.64088,6.52172],[117.69532,6.45136],[117.7107,6.46377],[117.72706,6.45116],[117.74383,6.38988],[117.72299,6.25462],[117.65626,6.25275],[117.60035,6.19782],[117.66114,6.10562],[117.66114,6.06778],[117.63331,6.03986],[117.66831,6.01341],[117.66896,5.97264],[117.61964,5.93745],[117.49285,5.89468],[117.46876,5.86856],[117.56935,5.9029],[117.77426,5.90803],[117.77166,5.94428],[117.88404,5.95466],[117.97364,6.04776],[118.01686,6.06098],[118.05096,6.02619],[118.07716,5.93159],[118.12517,5.86392],[118.05885,5.80899],[117.92115,5.80903],[117.90846,5.78465],[117.9603,5.68716],[118.0547,5.71833],[118.10662,5.71259],[118.13404,5.68964],[118.17628,5.80516],[118.26222,5.82787],[118.34067,5.79426],[118.36525,5.81379],[118.594,5.68207],[118.56544,5.52595],[118.60304,5.61872],[118.65105,5.63642],[118.73658,5.54784],[118.80006,5.52212],[118.81935,5.47809],[118.83237,5.50544],[118.91879,5.45498],[118.93263,5.39411],[118.97641,5.39558],[118.9839,5.43651],[119.0857,5.40986],[119.1893,5.45075],[119.27375,5.34981],[119.2671,5.20108],[119.15593,5.10619],[118.68149,4.94432],[118.57228,4.97163],[118.49936,4.93146],[118.4284,5.01879],[118.35719,5.0388],[118.29168,5.00092],[118.29127,4.97785],[118.2527,4.98713],[118.21697,4.96581],[118.13648,4.88231],[118.13494,4.85961],[118.17799,4.83076],[118.2776,4.69514],[118.33351,4.65156],[118.38054,4.64265],[118.41114,4.60151],[118.4284,4.59431],[118.44459,4.61494],[118.47674,4.60114],[118.48951,4.5751],[118.46941,4.53718],[118.49659,4.50829],[118.55193,4.53278],[118.59962,4.51919],[118.64576,4.43675],[118.62623,4.41934],[118.59213,4.42915],[118.59278,4.39737],[118.55689,4.36351],[118.39194,4.34638],[118.35328,4.36152],[118.33253,4.33902],[118.16082,4.30622],[117.98268,4.23115],[117.89226,4.25699],[117.80828,4.33356],[117.70753,4.36994],[117.67115,4.42601],[117.65602,4.42422],[117.60581,4.38202],[117.62875,4.36176],[117.65366,4.27216],[117.59897,4.20694],[117.62713,4.1765],[117.56715,4.15965],[117.43648,4.18561],[117.35659,4.25951],[117.2027,4.35607],[117.16466,4.33315],[116.88303,4.3449],[116.80448,4.33007],[116.71167,4.36679],[116.68004,4.33992],[116.59023,4.33113],[116.52222,4.39679],[116.48646,4.34883],[116.49411,4.32485],[116.44636,4.31726],[116.41132,4.28865],[116.39107,4.29467]]],[[[118.16554,5.82754],[118.181,5.85126],[118.21949,5.85554],[118.23081,5.83194],[118.16554,5.82754]]],[[[117.44386,6.69855],[117.4393,6.72394],[117.39991,6.73933],[117.46876,6.76667],[117.51075,6.70429],[117.5066,6.67349],[117.44304,6.63573],[117.34693,6.65498],[117.35499,6.67963],[117.44386,6.69855]]],[[[117.05641,7.20287],[117.06772,7.28001],[117.17115,7.34268],[117.24627,7.35578],[117.28191,7.33234],[117.26238,7.20197],[117.24708,7.18317],[117.14039,7.16763],[117.07154,7.10248],[117.05641,7.20287]]],[[[116.89096,7.19367],[116.85182,7.19806],[116.90016,7.28742],[116.96168,7.30793],[117.00262,7.3557],[117.02272,7.31883],[117.01002,7.27998],[116.97674,7.29023],[116.98219,7.25332],[116.88648,7.2294],[116.90512,7.20893],[116.89096,7.19367]]]]}},{"type":"Feature","id":"MYS-kuching","properties":{"id":"MYS-kuching","iso3":"MYS","country_ja":"マレーシア","un_region_ja":"東南アジア","area_ja":"ボルネオ島北西部クチンの一部","level":"やや高い","source_ids":["PEW2025","IRF-MYS","MYS_DRESS"],"clothing_evidence":"服装の質的資料あり／地域の率は未取得","geometry_kind_ja":"位置の目印（面積を持たない）","geometry_method":{"type":"point","coordinates":[110.34,1.56]},"map_number":84},"geometry":{"type":"Point","coordinates":[110.34,1.56]}},{"type":"Feature","id":"BRN-all","properties":{"id":"BRN-all","iso3":"BRN","country_ja":"ブルネイ","un_region_ja":"東南アジア","area_ja":"全域（住民の生活圏）","level":"高い","source_ids":["PEW2025"],"clothing_evidence":"宗教人口・地域分布からの弱い定性推定／着用率未取得","geometry_kind_ja":"国・地域全体","geometry_method":{"type":"country"},"map_number":85},"geometry":{"type":"MultiPolygon","coordinates":[[[[114.74197,4.72945],[114.7739,4.63682],[114.78817,4.4612],[114.80605,4.43332],[114.8479,4.42374],[114.84563,4.39511],[114.82899,4.34049],[114.78196,4.28493],[114.78258,4.26442],[114.8138,4.2771],[114.81721,4.25966],[114.76687,4.13182],[114.62776,4.01668],[114.58663,4.02144],[114.56937,4.0644],[114.47738,4.14497],[114.41992,4.26013],[114.28267,4.26491],[114.2899,4.36131],[114.24556,4.48143],[114.11896,4.56163],[113.99879,4.60114],[114.25172,4.59268],[114.32667,4.60688],[114.52931,4.69379],[114.60182,4.77998],[114.72267,4.87604],[114.9284,5.00056],[115.05779,5.0541],[115.10174,5.04987],[115.05738,5.01264],[114.94836,4.81893],[114.85576,4.80666],[114.74197,4.72945]]],[[[115.27268,4.63677],[115.27248,4.47466],[115.35826,4.35028],[115.34627,4.31377],[115.16995,4.36126],[115.09182,4.40542],[115.07983,4.50396],[115.02681,4.66003],[115.02978,4.82064],[115.04811,4.80183],[115.13022,4.85204],[115.11647,4.89606],[115.14617,4.90852],[115.1468,4.88562],[115.20736,4.8256],[115.27268,4.63677]]]]}},{"type":"Feature","id":"THA-deep-south","properties":{"id":"THA-deep-south","iso3":"THA","country_ja":"タイ王国","un_region_ja":"東南アジア","area_ja":"最南部（マレーシア国境近く）","level":"高い","source_ids":["PEW2025","IRF-THA"],"clothing_evidence":"宗教人口・地域分布からの弱い定性推定／着用率未取得","geometry_kind_ja":"行政区を束ねた概略","geometry_method":{"type":"admin1","names":["Pattani","Yala","Narathiwat","Satun"]},"map_number":86},"geometry":{"type":"MultiPolygon","coordinates":[[[[101.10342,6.58378],[101.10141,6.63169],[101.0628,6.65383],[101.03769,6.74827],[101.06804,6.85773],[101.19142,6.86188],[101.24427,6.90203],[101.35133,6.87592],[101.3283,6.91787],[101.26254,6.94477],[101.29173,6.95457],[101.38521,6.90522],[101.44447,6.88972],[101.53112,6.85293],[101.5617,6.8349],[101.66112,6.67666],[101.72348,6.57441],[101.73356,6.56137],[101.77166,6.50072],[101.79491,6.48196],[101.80836,6.46455],[101.84426,6.44214],[102.07309,6.25751],[102.06,6.0948],[101.93474,5.98173],[101.91293,5.85931],[101.79186,5.74536],[101.72679,5.78647],[101.66592,5.76559],[101.63078,5.82841],[101.63408,5.85559],[101.57931,5.90633],[101.56754,5.9043],[101.55791,5.91135],[101.52007,5.89612],[101.5002,5.89269],[101.24899,5.78699],[101.21589,5.69185],[101.18058,5.66334],[101.13696,5.63835],[101.11593,5.63788],[101.0598,5.70958],[100.99862,5.72955],[100.96529,5.79241],[101.01531,5.89835],[101.07877,5.93817],[101.09427,6.08575],[101.05252,6.13456],[101.05345,6.15761],[101.08916,6.18885],[101.08166,6.24647],[101.02306,6.24099],[100.97428,6.27262],[100.9101,6.2358],[100.833,6.23667],[100.82373,6.2986],[100.91119,6.31843],[100.92503,6.43372],[101.02901,6.47702],[101.10342,6.58378]],[[101.15517,6.60239],[101.15872,6.60006],[101.21783,6.59626],[101.22409,6.60248],[101.15517,6.60239]],[[101.33312,6.55167],[101.33607,6.55209],[101.30486,6.59549],[101.33312,6.55167]],[[101.55766,6.54505],[101.56786,6.54744],[101.55363,6.54975],[101.55766,6.54505]],[[101.58413,6.55127],[101.60169,6.55539],[101.61198,6.54258],[101.60758,6.57504],[101.58413,6.55127]],[[101.60639,6.58386],[101.59158,6.59698],[101.60733,6.57689],[101.60639,6.58386]],[[101.61522,6.62761],[101.58112,6.61032],[101.58303,6.60788],[101.61522,6.62761]],[[101.54662,6.45603],[101.55177,6.45793],[101.61321,6.5335],[101.61247,6.53897],[101.54662,6.45603]],[[101.38354,6.19818],[101.40371,6.22518],[101.38201,6.20035],[101.38354,6.19818]]],[[[99.2173,6.53693],[99.15846,6.55439],[99.24781,6.57486],[99.25758,6.56094],[99.2173,6.53693]]],[[[99.6587,6.49234],[99.60027,6.58344],[99.65699,6.72382],[99.70444,6.5583],[99.6587,6.49234]]],[[[100.10353,6.53319],[100.08058,6.53681],[100.06332,6.50658],[99.99122,6.59785],[99.96412,6.59374],[99.96095,6.66055],[99.93735,6.66474],[99.86752,6.7626],[99.82488,6.7696],[99.79721,6.82168],[99.6858,6.87735],[99.69044,6.93549],[99.71388,6.94221],[99.68092,6.97362],[99.67921,7.02676],[99.74806,7.12604],[99.74315,7.12585],[99.74561,7.12966],[99.82407,7.14202],[99.8374,7.09406],[99.88349,7.06877],[99.92804,7.13765],[99.98855,7.06923],[100.05558,7.05551],[100.07299,6.99373],[100.12002,6.93213],[100.2134,6.88527],[100.19433,6.79886],[100.20983,6.7446],[100.1992,6.69941],[100.16684,6.69512],[100.1672,6.56614],[100.1457,6.53952],[100.12729,6.44229],[100.0901,6.48485],[100.10353,6.53319]]]]}},{"type":"Feature","id":"THA-andaman","properties":{"id":"THA-andaman","iso3":"THA","country_ja":"タイ王国","un_region_ja":"東南アジア","area_ja":"南部の西海岸（クラビー・パンガー・プーケット周辺）","level":"やや高い","source_ids":["PEW2025","IRF-THA"],"clothing_evidence":"宗教人口・地域分布からの弱い定性推定／着用率未取得","geometry_kind_ja":"行政区を束ねた概略","geometry_method":{"type":"admin1","names":["Krabi","Phangnga","Phuket","Trang"]},"map_number":87},"geometry":{"type":"MultiPolygon","coordinates":[[[[98.32309,7.77094],[98.29184,7.77749],[98.26775,7.89008],[98.28533,7.90375],[98.25416,7.92829],[98.28142,8.00308],[98.28142,8.1918],[98.33009,8.17048],[98.34352,8.1092],[98.36012,8.11884],[98.40553,8.08251],[98.42262,8.09931],[98.43914,8.08251],[98.41863,7.99315],[98.39812,7.97264],[98.41863,7.90375],[98.43165,7.91743],[98.43979,7.88662],[98.39967,7.86457],[98.39812,7.81501],[98.34392,7.83291],[98.32309,7.77094]]],[[[98.52849,8.12348],[98.60239,8.06346],[98.60353,7.90375],[98.57732,7.91962],[98.56324,7.98631],[98.58229,8.01537],[98.55112,8.04255],[98.52849,8.12348]]],[[[98.46632,8.33576],[98.42823,8.31696],[98.45314,8.29401],[98.4629,8.21613],[98.42498,8.14842],[98.40553,8.1645],[98.39129,8.13654],[98.35694,8.185],[98.28589,8.22348],[98.19947,8.53437],[98.20973,8.58149],[98.24733,8.51455],[98.2531,8.53465],[98.21998,8.56916],[98.24049,8.65107],[98.21998,8.72622],[98.25074,8.75995],[98.26157,8.85065],[98.32488,8.97525],[98.36402,8.97394],[98.35808,8.996],[98.39129,9.0353],[98.33269,9.02607],[98.32985,9.05207],[98.38201,9.07193],[98.32838,9.16437],[98.32228,9.20938],[98.33969,9.19977],[98.37078,9.22647],[98.3519,9.25137],[98.38962,9.34492],[98.4241,9.35687],[98.53252,9.28455],[98.48198,9.06343],[98.50647,8.9787],[98.45392,8.94387],[98.45872,8.88716],[98.50151,8.87724],[98.57262,8.80026],[98.60518,8.79063],[98.60269,8.71143],[98.54683,8.65549],[98.5844,8.6257],[98.66202,8.644],[98.71328,8.62508],[98.75571,8.67309],[98.80289,8.64438],[98.85209,8.64058],[98.92826,8.56408],[98.88464,8.51444],[98.90826,8.47129],[98.89053,8.41326],[98.91027,8.31541],[99.00153,8.31526],[99.06065,8.35174],[99.18121,8.32226],[99.26606,8.34156],[99.31604,8.29285],[99.31738,8.20152],[99.28668,8.10284],[99.34425,7.99825],[99.32565,7.95729],[99.33943,7.93148],[99.33805,7.94308],[99.40079,7.89009],[99.51075,7.87179],[99.53918,7.87892],[99.61194,7.98282],[99.72769,7.99205],[99.7479,7.9776],[99.73627,7.86301],[99.82174,7.66837],[99.79787,7.63894],[99.79756,7.59737],[99.88442,7.38415],[99.94246,7.29664],[99.93936,7.24762],[99.96509,7.177],[100.04643,7.06342],[99.98855,7.06923],[99.92804,7.13765],[99.88349,7.06877],[99.8374,7.09406],[99.82407,7.14202],[99.67758,7.12328],[99.67237,7.17072],[99.61411,7.13666],[99.55787,7.19745],[99.54542,7.2663],[99.58522,7.30671],[99.60353,7.37617],[99.54957,7.30183],[99.52467,7.31135],[99.5254,7.37002],[99.50815,7.38495],[99.48829,7.28571],[99.47071,7.27998],[99.37818,7.32095],[99.3366,7.38361],[99.34742,7.42349],[99.34214,7.44751],[99.344,7.46898],[99.32985,7.5034],[99.29558,7.50715],[99.30885,7.52831],[99.29273,7.62067],[99.25081,7.63292],[99.25234,7.64057],[99.27778,7.67],[99.25677,7.65506],[99.25544,7.65605],[99.25571,7.65738],[99.21163,7.68885],[99.15077,7.73443],[99.13054,7.76724],[99.11215,7.70551],[99.07415,7.70105],[99.03321,7.72281],[99.01441,7.81501],[99.06227,7.85936],[99.06959,7.92487],[99.02809,7.90375],[98.96778,7.9562],[98.96046,8.00678],[98.91798,8.05134],[98.8436,8.00287],[98.8003,8.05244],[98.77027,8.02367],[98.74741,8.06826],[98.74415,8.21491],[98.72706,8.25385],[98.70655,8.2259],[98.70314,8.29853],[98.62403,8.28116],[98.62623,8.3461],[98.66574,8.38138],[98.64922,8.36872],[98.65545,8.37963],[98.60353,8.3972],[98.59889,8.37491],[98.52605,8.33633],[98.49366,8.34321],[98.48666,8.3249],[98.46632,8.33576]],[[99.33876,7.74343],[99.3345,7.73562],[99.3396,7.74152],[99.33876,7.74343]],[[99.34154,7.91362],[99.29418,7.8441],[99.34239,7.90647],[99.34154,7.91362]]],[[[98.30698,8.95791],[98.26157,8.87857],[98.25221,8.99702],[98.26092,9.01293],[98.28842,9.00446],[98.30698,8.95791]]],[[[98.32301,9.07624],[98.30934,9.04898],[98.25424,9.03681],[98.24049,9.04898],[98.24822,9.15009],[98.27329,9.15998],[98.32301,9.07624]]],[[[97.86842,9.4204],[97.87184,9.37958],[97.84002,9.40428],[97.8436,9.42495],[97.86842,9.4204]]],[[[97.85328,9.46137],[97.89527,9.46735],[97.89479,9.43871],[97.86988,9.44074],[97.86996,9.42524],[97.85328,9.46137]]],[[[99.41725,7.23534],[99.38331,7.19408],[99.37778,7.25235],[99.38551,7.27558],[99.45387,7.239],[99.41725,7.23534]]],[[[99.02068,7.63687],[99.03492,7.64427],[99.07586,7.60895],[99.08611,7.53653],[99.11744,7.47919],[99.09995,7.46723],[99.05714,7.50406],[99.03126,7.56192],[99.02068,7.63687]]],[[[99.06707,7.6752],[99.12428,7.65738],[99.10873,7.59418],[99.04461,7.6634],[99.06707,7.6752]]],[[[98.62086,8.08999],[98.5796,8.10615],[98.57008,8.11888],[98.59669,8.13032],[98.62403,8.1918],[98.63754,8.17129],[98.62086,8.08999]]]]}},{"type":"Feature","id":"THA-bangkok","properties":{"id":"THA-bangkok","iso3":"THA","country_ja":"タイ王国","un_region_ja":"東南アジア","area_ja":"中部バンコク東部などの一部","level":"やや高い","source_ids":["PEW2025","IRF-THA"],"clothing_evidence":"宗教人口・地域分布からの弱い定性推定／着用率未取得","geometry_kind_ja":"位置の目印（面積を持たない）","geometry_method":{"type":"point","coordinates":[100.62,13.76]},"map_number":88},"geometry":{"type":"Point","coordinates":[100.62,13.76]}},{"type":"Feature","id":"PHL-mindanao","properties":{"id":"PHL-mindanao","iso3":"PHL","country_ja":"フィリピン","un_region_ja":"東南アジア","area_ja":"南部ミンダナオ島の西寄り（コタバト・マラウィ周辺）","level":"高い","source_ids":["PSA2020","PEW2025"],"clothing_evidence":"宗教人口・地域分布からの弱い定性推定／着用率未取得","geometry_kind_ja":"行政区を束ねた概略","geometry_method":{"type":"admin1","names":["Lanao del Sur","Maguindanao"]},"map_number":89},"geometry":{"type":"Polygon","coordinates":[[[123.9109,7.69892],[123.86189,7.70379],[123.86927,7.73973],[123.99339,7.70186],[124.00595,7.76728],[124.05835,7.84479],[124.05882,7.90401],[124.11953,7.91895],[124.16258,8.01682],[124.25446,8.03419],[124.29777,8.11119],[124.29911,8.21557],[124.35813,8.22513],[124.39652,8.16942],[124.4774,8.12819],[124.66612,7.97305],[124.66715,7.93766],[124.6226,7.93419],[124.60447,7.91021],[124.63149,7.84614],[124.70493,7.77637],[124.76559,7.65132],[124.80864,7.61111],[124.72673,7.62832],[124.59176,7.62476],[124.54178,7.6784],[124.50664,7.69023],[124.46419,7.66632],[124.44877,7.53949],[124.49269,7.43319],[124.32567,7.17502],[124.37756,7.17191],[124.43533,7.23527],[124.49021,7.22793],[124.44722,7.09807],[124.48504,7.06071],[124.55946,7.03383],[124.56152,6.99911],[124.5824,6.98231],[124.68152,6.95095],[124.72089,6.99596],[124.66684,7.07874],[124.72244,7.11941],[124.69289,7.16396],[124.72234,7.20096],[124.79789,7.0745],[124.78616,6.98081],[124.83303,6.97529],[124.83717,6.76765],[124.89649,6.72889],[124.87654,6.68368],[124.90858,6.63944],[124.80771,6.65675],[124.72007,6.77194],[124.69371,6.77809],[124.71107,6.84589],[124.63894,6.84361],[124.64281,6.86031],[124.56674,6.82976],[124.57703,6.79302],[124.55822,6.75416],[124.47243,6.7259],[124.26676,6.72693],[124.22242,6.76181],[124.03983,6.7586],[124.03663,6.79971],[124.0171,6.8083],[123.99733,6.78608],[123.97494,6.81829],[123.97486,6.96532],[124.02947,7.11514],[124.18377,7.22639],[124.22937,7.18156],[124.281,7.16526],[124.30545,7.22232],[124.25111,7.31471],[124.22025,7.32075],[124.22033,7.32423],[124.24675,7.40412],[124.18387,7.41444],[124.16731,7.43185],[124.0652,7.60273],[123.9109,7.69892]]]}},{"type":"Feature","id":"PHL-sulu","properties":{"id":"PHL-sulu","iso3":"PHL","country_ja":"フィリピン","un_region_ja":"東南アジア","area_ja":"南西端の島列（バシラン・スールー・タウィタウィ）","level":"高い","source_ids":["PSA2020","PEW2025"],"clothing_evidence":"宗教人口・地域分布からの弱い定性推定／着用率未取得","geometry_kind_ja":"行政区を束ねた概略","geometry_method":{"type":"admin1","names":["Basilan","Sulu","Tawi-Tawi"]},"map_number":90},"geometry":{"type":"MultiPolygon","coordinates":[[[[119.50359,4.76423],[119.45655,4.65571],[119.46274,4.77578],[119.43539,4.90278],[119.46876,4.8937],[119.50359,4.76423]]],[[[119.81935,4.80386],[119.81235,4.81684],[119.85377,4.80825],[119.85768,4.79857],[119.81935,4.80386]]],[[[119.84262,4.90485],[119.83692,4.86286],[119.7986,4.87979],[119.79314,4.92186],[119.84262,4.90485]]],[[[119.74578,5.04401],[119.79835,5.12104],[119.81251,5.06989],[119.74578,5.04401]]],[[[120.0254,5.16055],[120.00489,5.12865],[119.98048,5.12645],[119.95411,5.07551],[119.92237,5.08771],[119.89161,5.0598],[119.81935,5.0598],[119.82179,5.13056],[119.94272,5.19013],[119.96485,5.2226],[120.08692,5.25898],[120.09742,5.29002],[120.18784,5.34512],[120.21437,5.34024],[120.22022,5.2696],[120.25196,5.26651],[120.21656,5.11498],[120.18458,5.13646],[120.18238,5.20441],[120.14552,5.1833],[120.12094,5.218],[120.10043,5.15664],[120.0254,5.16055]]],[[[120.80738,5.69571],[120.86012,5.70384],[120.88266,5.68529],[120.79933,5.66763],[120.80738,5.69571]]],[[[120.58814,6.38076],[120.60434,6.32966],[120.57732,6.25153],[120.54558,6.23847],[120.49464,6.24934],[120.49204,6.2674],[120.52215,6.27725],[120.58814,6.38076]]],[[[120.86069,5.57437],[120.90455,5.53803],[120.8978,5.49852],[120.85084,5.50544],[120.82374,5.53364],[120.82439,5.55321],[120.86069,5.57437]]],[[[120.89088,5.70978],[120.90431,5.7591],[120.92937,5.73322],[120.90992,5.70002],[120.89088,5.70978]]],[[[121.13502,5.80707],[121.16285,5.84805],[121.23113,5.80093],[121.16212,5.78758],[121.13502,5.80707]]],[[[121.26173,5.87197],[121.22779,5.94212],[121.08106,5.88817],[121.00831,5.92377],[120.93409,5.88569],[120.87184,5.96101],[120.90553,6.01504],[121.00172,6.05756],[121.04225,6.09711],[121.11476,6.09512],[121.17905,6.06363],[121.21778,5.99893],[121.27125,6.02619],[121.42123,5.98713],[121.41944,5.94798],[121.39177,5.93989],[121.3895,5.90986],[121.34059,5.90327],[121.29249,5.85883],[121.26173,5.87197]]],[[[121.94321,6.03364],[121.85768,6.00227],[121.77662,6.07738],[121.90235,6.03364],[121.94044,6.04609],[121.94321,6.03364]]],[[[121.88006,6.50324],[121.87501,6.57486],[121.81446,6.59292],[121.81168,6.63262],[121.81867,6.65175],[121.83119,6.66223],[121.92067,6.67461],[121.96525,6.5792],[122.09902,6.58671],[122.05671,6.67271],[122.0493,6.73909],[122.05069,6.73922],[122.13389,6.70632],[122.33522,6.60334],[122.23536,6.57119],[122.18865,6.45108],[121.96225,6.40485],[121.95004,6.44452],[121.88006,6.50324]]],[[[121.58253,6.63166],[121.61671,6.67227],[121.62892,6.58857],[121.61638,6.56143],[121.58253,6.63166]]]]}},{"type":"Feature","id":"SGP-all","properties":{"id":"SGP-all","iso3":"SGP","country_ja":"シンガポール","un_region_ja":"東南アジア","area_ja":"全域（住民の生活圏）","level":"やや高い","source_ids":["PEW2025"],"clothing_evidence":"宗教人口・地域分布からの弱い定性推定／着用率未取得","geometry_kind_ja":"国・地域全体","geometry_method":{"type":"country"},"map_number":91},"geometry":{"type":"Polygon","coordinates":[[[103.97486,1.33446],[103.83888,1.26626],[103.64039,1.32225],[103.70834,1.42939],[103.83155,1.44709],[104.00343,1.37417],[103.97486,1.33446]]]}},{"type":"Feature","id":"KHM-mekong","properties":{"id":"KHM-mekong","iso3":"KHM","country_ja":"カンボジア","un_region_ja":"東南アジア","area_ja":"中部（プノンペン北方、メコン川沿い）","level":"やや高い","source_ids":["PEW2025","IRF-KHM"],"clothing_evidence":"宗教人口・地域分布からの弱い定性推定／着用率未取得","geometry_kind_ja":"緯度経度で囲った概略","geometry_method":{"type":"bbox","bounds":[104.5,11.5,106.2,13.0]},"map_number":92},"geometry":{"type":"Polygon","coordinates":[[[106.2,13.0],[106.2,11.73014],[106.01542,11.7705],[105.93408,11.64286],[105.85791,11.66156],[105.80489,11.62492],[105.79042,11.58741],[105.85321,11.54687],[105.8618,11.5],[104.5,11.5],[104.5,13.0],[106.2,13.0]]]}},{"type":"Feature","id":"MMR-rakhine","properties":{"id":"MMR-rakhine","iso3":"MMR","country_ja":"ミャンマー","un_region_ja":"東南アジア","area_ja":"西端（バングラデシュ国境寄り）","level":"やや高い","source_ids":["PEW2025"],"clothing_evidence":"宗教人口・地域分布からの弱い定性推定／着用率未取得","geometry_kind_ja":"緯度経度で囲った概略","geometry_method":{"type":"bbox","bounds":[92.1,20.2,93.3,21.6]},"map_number":93},"geometry":{"type":"Polygon","coordinates":[[[93.11578,20.2],[93.12094,20.21198],[93.0892,20.21035],[93.07709,20.2],[92.99623,20.2],[93.00123,20.23933],[93.04127,20.33202],[93.09132,20.38101],[93.10043,20.4311],[93.05958,20.36225],[93.04322,20.36494],[93.03102,20.40965],[93.08562,20.53295],[93.07325,20.55463],[93.02263,20.45254],[93.01629,20.32486],[92.93851,20.2],[92.77393,20.2],[92.77215,20.20148],[92.77817,20.23164],[92.86402,20.30077],[92.94288,20.32123],[92.89332,20.32953],[92.84693,20.37735],[92.82691,20.49506],[92.79265,20.50625],[92.79656,20.48383],[92.7693,20.45506],[92.75856,20.47211],[92.77898,20.47826],[92.75099,20.49852],[92.72071,20.59223],[92.63502,20.69798],[92.70826,20.57868],[92.73748,20.44477],[92.73121,20.25918],[92.65317,20.41828],[92.53989,20.52753],[92.50701,20.60928],[92.45362,20.66852],[92.38111,20.70014],[92.28102,20.95942],[92.27052,21.04902],[92.18076,21.15788],[92.17828,21.29973],[92.23626,21.41709],[92.28453,21.41906],[92.32266,21.46189],[92.3547,21.45182],[92.40028,21.371],[92.52451,21.36113],[92.57061,21.24728],[92.63376,21.28222],[92.63923,21.3187],[92.59024,21.49554],[92.58381,21.6],[93.3,21.6],[93.3,20.2],[93.11578,20.2]]]}},{"type":"Feature","id":"MMR-yangon","properties":{"id":"MMR-yangon","iso3":"MMR","country_ja":"ミャンマー","un_region_ja":"東南アジア","area_ja":"南部ヤンゴンの一部","level":"やや高い","source_ids":["PEW2025"],"clothing_evidence":"宗教人口・地域分布からの弱い定性推定／着用率未取得","geometry_kind_ja":"位置の目印（面積を持たない）","geometry_method":{"type":"point","coordinates":[96.16,16.78]},"map_number":94},"geometry":{"type":"Point","coordinates":[96.16,16.78]}},{"type":"Feature","id":"TUR-interior","properties":{"id":"TUR-interior","iso3":"TUR","country_ja":"トルコ","un_region_ja":"西アジア","area_ja":"中央部・東部の内陸（アンカラ以東）","level":"高い","source_ids":["PEW2025","PEW_DRESS2010","GALLUP_TUR"],"clothing_evidence":"服装調査あり（地図の各範囲を直接測定したものではない）","geometry_kind_ja":"緯度経度で囲った概略","geometry_method":{"type":"bbox","bounds":[31,35.8,44.9,42.2]},"map_number":95},"geometry":{"type":"Polygon","coordinates":[[[31.39275,41.18842],[31.41961,41.28034],[31.39617,41.29548],[31.40358,41.31647],[31.47104,41.32477],[31.4983,41.35204],[31.65895,41.39793],[31.87159,41.50458],[32.16188,41.61201],[32.26336,41.72016],[32.35182,41.72944],[32.38258,41.75609],[32.39967,41.7425],[32.61256,41.83955],[32.67921,41.83633],[32.92612,41.88182],[33.32447,42.01903],[34.33131,41.94794],[34.48268,41.97525],[34.56178,41.95185],[34.69418,41.94595],[34.79859,41.96223],[34.88901,42.0078],[34.94809,42.09878],[35.02394,42.09251],[35.04444,42.05158],[35.08155,42.0292],[35.1338,42.02363],[35.17124,42.04413],[35.21632,42.02363],[35.11671,42.0069],[35.09213,41.92805],[35.12574,41.87531],[35.20948,41.81135],[35.19581,41.80451],[35.22478,41.76187],[35.29819,41.71516],[35.57667,41.62971],[35.9568,41.73627],[35.92897,41.70893],[35.91529,41.64623],[35.97291,41.72858],[36.0381,41.68781],[36.04493,41.70148],[36.13445,41.59907],[36.11997,41.49433],[36.13445,41.4619],[36.23683,41.35887],[36.33188,41.32319],[36.34376,41.28872],[36.39503,41.25641],[36.45102,41.24042],[36.51791,41.26264],[36.57936,41.30732],[36.61988,41.37507],[36.75807,41.36628],[36.98487,41.2945],[37.03191,41.24283],[37.03972,41.18154],[37.13551,41.14663],[37.29933,41.14037],[37.52475,41.03718],[37.60792,41.05044],[37.68979,41.14037],[37.7151,41.11473],[37.78386,41.12263],[37.78517,41.06],[37.89576,40.98212],[37.93474,40.9951],[38.20143,40.94135],[38.26832,40.95038],[38.3309,40.91787],[38.5394,40.92691],[38.63705,40.97602],[38.67791,40.94864],[38.71762,40.95478],[38.7837,41.00178],[38.90838,41.03766],[39.04176,41.0434],[39.1683,41.07974],[39.2732,41.05044],[39.43019,41.11249],[39.49293,41.10102],[39.63006,41.00849],[39.72999,41.01716],[39.89568,40.95478],[39.99936,40.98212],[40.0857,40.92646],[40.14275,40.9228],[40.30104,40.96845],[40.46485,41.05044],[40.55738,41.04247],[40.69825,41.09813],[40.82749,41.19794],[40.92205,41.19062],[41.04274,41.23249],[41.12135,41.28555],[41.19077,41.29572],[41.285,41.35383],[41.39039,41.37934],[41.42416,41.40786],[41.43816,41.45136],[41.52076,41.51423],[41.63997,41.47871],[41.7026,41.48904],[41.70684,41.46316],[41.81298,41.42181],[41.94796,41.50558],[42.01958,41.48507],[42.15839,41.4999],[42.46307,41.43184],[42.53552,41.49349],[42.56518,41.56713],[42.66099,41.58826],[42.81995,41.57235],[42.76652,41.50434],[42.82997,41.47251],[42.86801,41.50021],[43.00206,41.38269],[43.12391,41.31293],[43.18401,41.29898],[43.10314,41.2488],[43.17202,41.24234],[43.23062,41.17263],[43.38327,41.1872],[43.43759,41.1562],[43.4518,41.13258],[43.44043,41.10659],[43.46048,41.02287],[43.56543,40.98815],[43.63618,40.93352],[43.65954,40.85198],[43.72062,40.76289],[43.72935,40.6771],[43.69953,40.63457],[43.70718,40.61194],[43.66481,40.57406],[43.65251,40.52941],[43.63148,40.53686],[43.63897,40.52259],[43.55949,40.47789],[43.62533,40.42017],[43.59422,40.34544],[43.67597,40.26597],[43.69137,40.23863],[43.67307,40.22773],[43.72139,40.16938],[43.65251,40.139],[43.66543,40.11016],[43.91213,40.02433],[44.03243,40.00862],[44.10447,40.03596],[44.13548,40.02231],[44.25526,40.0434],[44.32565,40.03466],[44.52217,39.93353],[44.59819,39.83101],[44.69203,39.79302],[44.78433,39.69024],[44.80699,39.6399],[44.6465,39.71954],[44.59043,39.77153],[44.56573,39.76589],[44.45949,39.69846],[44.45763,39.63872],[44.41401,39.56089],[44.40481,39.43439],[44.38797,39.4145],[44.29495,39.38121],[44.17651,39.41155],[44.06137,39.40028],[44.01486,39.37408],[44.06943,39.28701],[44.0777,39.20006],[44.18664,39.14513],[44.17914,39.03493],[44.1392,38.99395],[44.15196,38.96462],[44.20576,38.87566],[44.275,38.84357],[44.24865,38.72182],[44.26048,38.67924],[44.24431,38.65896],[44.29702,38.62232],[44.28952,38.38226],[44.36337,38.36461],[44.40905,38.38179],[44.45876,38.33833],[44.43675,38.29694],[44.37241,38.2495],[44.36058,38.14785],[44.32709,38.1284],[44.33381,38.10088],[44.29588,38.07902],[44.22756,37.98099],[44.2255,37.92931],[44.20209,37.89717],[44.21961,37.87531],[44.36714,37.86022],[44.4044,37.80974],[44.43303,37.80612],[44.43644,37.7678],[44.50646,37.77935],[44.59612,37.71638],[44.54527,37.66302],[44.54088,37.63272],[44.58744,37.58401],[44.56594,37.44717],[44.57214,37.43079],[44.63818,37.4126],[44.66165,37.37565],[44.69803,37.38005],[44.72138,37.34328],[44.80159,37.29269],[44.79848,37.26031],[44.75353,37.21533],[44.76613,37.14192],[44.73379,37.16724],[44.61028,37.17835],[44.45442,37.07634],[44.34311,37.04244],[44.30663,36.97723],[44.28482,36.96917],[44.23428,36.98366],[44.18002,37.08761],[44.18922,37.12921],[44.24834,37.16967],[44.23501,37.23677],[44.18447,37.27917],[44.08804,37.31116],[43.99037,37.3125],[43.89363,37.22491],[43.8094,37.19969],[43.74692,37.23065],[43.59422,37.22946],[43.52952,37.2539],[43.4796,37.24336],[43.33615,37.32023],[43.27031,37.30868],[43.11482,37.37113],[42.93705,37.32015],[42.81406,37.34682],[42.78047,37.3755],[42.71567,37.35529],[42.54524,37.14089],[42.35724,37.10998],[42.33533,37.17117],[42.3467,37.23977],[42.29202,37.28506],[42.22319,37.28814],[42.2112,37.32491],[42.00925,37.17561],[41.47977,37.07557],[41.20134,37.06497],[40.89645,37.1227],[40.70897,37.10048],[40.52572,37.02588],[40.41389,37.00402],[40.19014,36.88442],[39.76525,36.74215],[39.2396,36.66128],[39.03217,36.70117],[38.72501,36.69394],[38.66413,36.71952],[38.47996,36.85574],[38.22426,36.90839],[38.12297,36.88462],[37.81974,36.76055],[37.65406,36.73213],[37.44612,36.6342],[37.24189,36.65859],[37.10443,36.65099],[37.05307,36.61994],[37.01452,36.64226],[37.01844,36.70665],[36.9647,36.75383],[36.63986,36.82809],[36.56927,36.62014],[36.56534,36.5325],[36.53124,36.47901],[36.55273,36.40817],[36.59335,36.37349],[36.57764,36.33287],[36.64865,36.3059],[36.67004,36.23732],[36.59346,36.2181],[36.48018,36.22554],[36.45073,36.19991],[36.373,36.22761],[36.35802,35.99398],[36.29735,36.00075],[36.27751,35.99419],[36.26903,35.95874],[36.19689,35.95171],[36.17488,35.92267],[36.15762,35.82257],[36.1385,35.81978],[36.05075,35.86541],[36.00393,35.86918],[35.98026,35.92685],[35.9113,35.91775],[35.97543,36.0185],[35.94842,36.08784],[35.78736,36.30427],[35.82447,36.36107],[35.90846,36.41816],[35.91871,36.44819],[35.99025,36.47964],[36.04493,36.53766],[36.17872,36.59634],[36.21119,36.6424],[36.18897,36.80174],[36.09547,36.89712],[36.02027,36.92634],[35.80543,36.77509],[35.68409,36.76463],[35.61354,36.71988],[35.6067,36.74038],[35.57301,36.70067],[35.57944,36.68513],[35.6198,36.71239],[35.63404,36.69937],[35.64812,36.73322],[35.66481,36.71239],[35.70916,36.71988],[35.62257,36.68073],[35.60865,36.64688],[35.69557,36.7062],[35.65797,36.6752],[35.62355,36.60252],[35.55714,36.58747],[35.49,36.61392],[35.47869,36.59854],[35.53102,36.58271],[35.44549,36.59634],[35.34604,36.54108],[34.98227,36.72077],[34.9004,36.71988],[34.90789,36.74038],[34.77076,36.81607],[34.69288,36.81387],[34.5547,36.76765],[34.27622,36.58698],[34.17775,36.47337],[34.07732,36.41389],[34.07789,36.32884],[33.99977,36.30292],[33.959,36.21357],[33.94142,36.21337],[33.95094,36.2377],[33.93092,36.29047],[33.8711,36.31489],[33.81105,36.2674],[33.82472,36.25991],[33.79908,36.23066],[33.70525,36.18171],[33.68824,36.13703],[33.64723,36.19257],[33.55226,36.12751],[33.53053,36.13081],[33.5442,36.14448],[33.45826,36.15815],[33.21241,36.12409],[33.15691,36.13703],[33.08774,36.08283],[32.94093,36.1035],[32.80372,36.02717],[32.67066,36.0467],[32.36549,36.17797],[32.28728,36.24482],[32.27613,36.28783],[32.19215,36.35838],[32.10206,36.48615],[32.01881,36.54654],[31.81674,36.5895],[31.73658,36.64228],[31.37859,36.76765],[31.37631,36.79194],[31.34083,36.80858],[31.0,36.84972],[31.0,41.08497],[31.23121,41.09199],[31.39275,41.18842]]]}},{"type":"Feature","id":"TUR-west","properties":{"id":"TUR-west","iso3":"TUR","country_ja":"トルコ","un_region_ja":"西アジア","area_ja":"西部（イスタンブール・エーゲ海岸周辺）","level":"やや高い","source_ids":["PEW2025","PEW_DRESS2010","GALLUP_TUR"],"clothing_evidence":"服装調査あり（地図の各範囲を直接測定したものではない）","geometry_kind_ja":"緯度経度で囲った概略","geometry_method":{"type":"bbox","bounds":[25.5,35.8,31,42.2]},"map_number":96},"geometry":{"type":"MultiPolygon","coordinates":[[[[30.77589,36.84956],[30.68653,36.89118],[30.60174,36.83812],[30.56984,36.78132],[30.57667,36.6789],[30.55616,36.63788],[30.58351,36.59634],[30.56984,36.52802],[30.52084,36.48973],[30.47462,36.4016],[30.50164,36.36359],[30.49415,36.34931],[30.51987,36.34186],[30.42742,36.22639],[30.39861,36.20596],[30.38429,36.27424],[30.25457,36.3083],[30.15854,36.29865],[30.1447,36.25434],[30.13103,36.27424],[30.11061,36.24006],[30.04819,36.25877],[30.03484,36.25434],[30.05592,36.24689],[29.98845,36.21776],[29.91652,36.21906],[29.83009,36.18545],[29.77955,36.13935],[29.76173,36.13703],[29.7754,36.15815],[29.71925,36.16266],[29.67237,36.12336],[29.62387,36.17797],[29.6421,36.18696],[29.58351,36.18545],[29.62387,36.19912],[29.42042,36.23062],[29.41163,36.2674],[29.34962,36.23261],[29.23463,36.32429],[29.1447,36.34931],[29.1447,36.37718],[29.09636,36.39094],[29.13038,36.41136],[29.1242,36.4536],[29.09636,36.47346],[29.12428,36.49331],[29.11492,36.55268],[29.01441,36.54792],[29.03688,36.56147],[29.02052,36.5895],[29.04176,36.62425],[29.05584,36.61424],[29.09636,36.64411],[29.09059,36.6271],[29.11687,36.63422],[29.09636,36.66523],[28.95631,36.72752],[28.93897,36.75129],[28.84995,36.66523],[28.87037,36.63052],[28.88404,36.67145],[28.9017,36.65827],[28.86964,36.60663],[28.82887,36.60252],[28.81861,36.6208],[28.84254,36.63788],[28.78785,36.65095],[28.78272,36.67739],[28.74635,36.6977],[28.66489,36.69257],[28.64918,36.71833],[28.62338,36.69937],[28.60353,36.73355],[28.61036,36.81607],[28.59669,36.79499],[28.54615,36.82343],[28.52443,36.8133],[28.52784,36.78876],[28.48683,36.80174],[28.5005,36.81607],[28.45606,36.82852],[28.46632,36.85334],[28.452,36.88361],[28.37672,36.85444],[28.42481,36.82909],[28.39601,36.7895],[28.31495,36.81607],[28.31495,36.79499],[28.27817,36.79645],[28.27833,36.81415],[28.31495,36.82909],[28.25717,36.84618],[28.23666,36.81322],[28.24887,36.76683],[28.29509,36.71988],[28.23357,36.71988],[28.23357,36.69937],[28.16228,36.67267],[28.1115,36.60419],[28.0617,36.59634],[28.0359,36.56477],[27.97771,36.56574],[27.95924,36.60252],[28.03443,36.60252],[28.08961,36.64411],[28.07594,36.65778],[28.04802,36.63788],[28.06121,36.66474],[28.03793,36.69062],[28.02963,36.67036],[27.96608,36.68879],[28.04184,36.71988],[28.11638,36.71882],[28.0822,36.74714],[28.11004,36.77509],[28.13054,36.75397],[28.11842,36.8006],[28.04721,36.76333],[28.03443,36.77509],[27.91765,36.74038],[27.91245,36.75414],[27.85621,36.74038],[27.80649,36.76081],[27.71941,36.75625],[27.68426,36.72671],[27.67115,36.65778],[27.55454,36.68513],[27.47267,36.65095],[27.40431,36.66523],[27.39405,36.68415],[27.3628,36.68513],[27.35581,36.71239],[27.41432,36.7093],[27.44956,36.75397],[27.6115,36.76533],[27.62338,36.80174],[27.64536,36.80646],[27.76002,36.78132],[27.79908,36.80663],[27.89715,36.81232],[28.02752,36.78132],[28.05543,36.80858],[28.00701,36.82909],[28.02459,36.8391],[28.00701,36.857],[28.05543,36.87067],[28.02125,36.91161],[28.0617,36.92593],[28.04184,36.93891],[28.15724,36.93212],[28.16529,36.91161],[28.15724,36.94579],[28.18523,36.93891],[28.21241,37.00043],[28.24464,36.98819],[28.24659,37.00788],[28.32936,37.03677],[28.3047,37.05085],[28.12623,37.03587],[28.10727,37.03213],[28.11004,37.01411],[27.98658,37.03514],[27.78785,37.00788],[27.78045,36.9936],[27.68767,37.00544],[27.63649,36.98054],[27.56715,36.99665],[27.56202,36.97309],[27.47267,36.9936],[27.43849,37.02774],[27.39682,37.02774],[27.38331,36.9936],[27.37647,37.02774],[27.32862,37.01411],[27.30812,36.95942],[27.26319,36.96337],[27.22877,37.06184],[27.29444,37.1103],[27.26043,37.1103],[27.25294,37.12397],[27.32179,37.12397],[27.32179,37.15868],[27.3423,37.13011],[27.38331,37.15184],[27.38657,37.13007],[27.43849,37.12397],[27.45981,37.0895],[27.56511,37.12564],[27.57553,37.1376],[27.55454,37.13011],[27.52784,37.19282],[27.58766,37.1988],[27.57553,37.17853],[27.60987,37.19965],[27.58937,37.2307],[27.61598,37.27473],[27.55323,37.27293],[27.51466,37.22931],[27.50001,37.23383],[27.51775,37.246],[27.5088,37.26805],[27.46363,37.25202],[27.49138,37.32734],[27.47267,37.34369],[27.46852,37.31562],[27.44614,37.30561],[27.39682,37.32315],[27.39674,37.36563],[27.43849,37.39082],[27.40724,37.41275],[27.32179,37.37092],[27.33033,37.35163],[27.2461,37.33617],[27.19077,37.35733],[27.20509,37.39826],[27.22625,37.4051],[27.2225,37.47675],[27.17775,37.46654],[27.18043,37.54458],[27.20932,37.5633],[27.20851,37.59687],[27.01149,37.66572],[27.02076,37.68626],[27.12721,37.68854],[27.21315,37.71345],[27.24952,37.74433],[27.26157,37.80353],[27.23911,37.86441],[27.27475,37.92902],[27.23911,37.98794],[27.14112,37.98603],[27.07016,38.02001],[27.05592,38.04572],[26.97543,38.06525],[26.8934,38.05622],[26.87306,38.0351],[26.84205,38.07608],[26.83522,38.13129],[26.79363,38.17227],[26.77605,38.16523],[26.76027,38.21674],[26.63592,38.2036],[26.62289,38.13874],[26.60922,38.14496],[26.59498,38.10395],[26.56764,38.14496],[26.5569,38.1223],[26.52377,38.14741],[26.5193,38.17967],[26.49171,38.17402],[26.41749,38.22065],[26.41749,38.20018],[26.39015,38.22382],[26.39015,38.26166],[26.35402,38.22826],[26.23308,38.28026],[26.30763,38.32306],[26.28891,38.34064],[26.29412,38.36986],[26.30763,38.35786],[26.32114,38.37767],[26.3143,38.33674],[26.38502,38.31843],[26.38331,38.34357],[26.41749,38.33674],[26.47592,38.36689],[26.45151,38.42609],[26.48911,38.40619],[26.51303,38.43293],[26.44077,38.47281],[26.38787,38.45425],[26.40382,38.48754],[26.36964,38.53535],[26.34897,38.63548],[26.35629,38.66169],[26.41407,38.67939],[26.50563,38.65266],[26.63038,38.51923],[26.64332,38.46772],[26.58815,38.46088],[26.60524,38.4538],[26.58815,38.41869],[26.62208,38.40534],[26.67311,38.3072],[26.69996,38.32575],[26.6775,38.34357],[26.67066,38.38516],[26.7024,38.43016],[26.72535,38.43293],[26.76686,38.36408],[26.79509,38.35863],[26.92457,38.37767],[27.01336,38.4125],[27.08863,38.40225],[27.16424,38.4466],[27.02231,38.46247],[26.93539,38.43488],[26.94508,38.4466],[26.89763,38.4947],[26.84929,38.5124],[26.81471,38.54279],[26.88982,38.50804],[26.83522,38.54902],[26.84889,38.5974],[26.79363,38.5974],[26.80104,38.61172],[26.75318,38.61791],[26.75945,38.63841],[26.71909,38.65266],[26.75318,38.66633],[26.71909,38.72093],[26.81821,38.75544],[26.90349,38.73457],[26.89723,38.74828],[26.93507,38.77045],[26.89723,38.81656],[26.93767,38.83023],[26.96079,38.80614],[26.95875,38.84447],[27.01336,38.87116],[27.03354,38.8605],[27.06267,38.88687],[27.04127,38.89167],[27.05787,38.91852],[27.04127,38.94009],[26.98259,38.91962],[26.96241,38.94009],[26.92457,38.94009],[26.86622,38.9134],[26.80649,38.95014],[26.79916,38.99836],[26.81471,39.02196],[26.79363,39.02196],[26.87306,39.06293],[26.87525,39.09089],[26.82374,39.14908],[26.7378,39.19721],[26.71876,39.26288],[26.60922,39.27521],[26.64552,39.31757],[26.65382,39.30646],[26.63592,39.29694],[26.67066,39.28266],[26.67026,39.30598],[26.81471,39.39936],[26.80104,39.43354],[26.85084,39.43977],[26.86793,39.4715],[26.92986,39.48774],[26.93767,39.57477],[26.8934,39.58438],[26.83286,39.55683],[26.80787,39.5707],[26.4568,39.52119],[26.36215,39.48135],[26.28663,39.48762],[26.24928,39.46564],[26.11297,39.45917],[26.07423,39.47451],[26.07,39.49628],[26.11069,39.59789],[26.15675,39.64924],[26.16359,39.70417],[26.1364,39.75568],[26.15496,39.82616],[26.1364,39.83759],[26.16765,39.97358],[26.19777,40.00886],[26.25115,39.99486],[26.31105,40.01948],[26.36215,40.06346],[26.3694,40.10293],[26.39324,40.10822],[26.40797,40.19367],[26.50074,40.21296],[26.73561,40.40355],[26.89723,40.40615],[26.99147,40.38862],[27.09636,40.4523],[27.21534,40.4477],[27.28696,40.46821],[27.32862,40.41356],[27.29444,40.40615],[27.45232,40.32201],[27.55128,40.30882],[27.61297,40.331],[27.76271,40.31538],[27.88356,40.3863],[27.79176,40.39289],[27.75017,40.45759],[27.68426,40.49616],[27.76002,40.53706],[27.78045,40.51533],[27.9699,40.503],[28.03443,40.47443],[27.90398,40.39989],[27.90846,40.37421],[27.94467,40.36603],[28.11199,40.39606],[28.34799,40.40404],[28.48683,40.39989],[28.45883,40.37946],[28.54542,40.3913],[28.63771,40.36518],[28.77198,40.40253],[28.93873,40.36518],[29.05161,40.36734],[29.0901,40.42723],[29.15154,40.43407],[29.06568,40.48188],[28.96949,40.46137],[28.91668,40.47089],[28.77418,40.52277],[28.79265,40.55329],[28.98634,40.64476],[29.28159,40.66592],[29.39186,40.70783],[29.41684,40.68675],[29.49057,40.72724],[29.52752,40.7215],[29.55991,40.69107],[29.75327,40.72456],[29.92416,40.71646],[29.9393,40.73505],[29.92921,40.75804],[29.7754,40.74873],[29.66619,40.78352],[29.42872,40.77607],[29.37778,40.75654],[29.32911,40.79035],[29.33953,40.80781],[29.31544,40.82445],[29.25457,40.81078],[29.29493,40.83877],[29.26393,40.86978],[29.02809,40.98212],[29.00758,41.0305],[29.06235,41.07632],[29.09059,41.14094],[29.0691,41.15278],[29.16969,41.2331],[29.23178,41.24071],[29.88461,41.14899],[30.13689,41.14379],[30.21705,41.16714],[30.28248,41.21552],[30.36997,41.18134],[30.83326,41.0799],[31.0,41.08497],[31.0,36.84972],[30.93971,36.857],[30.77589,36.84956]]],[[[25.97804,39.83417],[26.08302,39.83495],[26.07496,39.7849],[25.97804,39.83417]]],[[[25.92595,40.24283],[25.97185,40.22114],[25.96306,40.15713],[26.01222,40.16657],[26.01222,40.14606],[25.99025,40.13691],[25.76596,40.09715],[25.66326,40.12617],[25.75904,40.20673],[25.92595,40.24283]]],[[[27.64047,40.49413],[27.65659,40.44945],[27.59636,40.45799],[27.57993,40.47655],[27.60727,40.50544],[27.64047,40.49413]]],[[[27.54591,40.66035],[27.55454,40.64692],[27.60524,40.66327],[27.7024,40.65302],[27.73268,40.62519],[27.60475,40.57681],[27.53598,40.602],[27.52638,40.63911],[27.54591,40.66035]]],[[[28.09718,41.62669],[28.23276,41.51899],[28.38429,41.44745],[28.90846,41.26655],[29.10922,41.2353],[29.08676,41.19188],[29.04078,41.16429],[29.07065,41.13019],[29.04217,41.06635],[28.98951,41.03107],[28.99236,41.0082],[28.94614,41.00947],[28.82203,40.96162],[28.77019,40.97931],[28.62525,40.96841],[28.59522,40.97797],[28.60353,41.00947],[28.57553,41.02367],[28.58253,41.04637],[28.55193,41.08051],[28.52784,41.08515],[28.56251,41.03677],[28.54135,40.98957],[28.43531,41.04291],[28.16529,41.08515],[28.01303,41.04072],[27.94125,40.9711],[27.7378,41.01264],[27.52418,40.9892],[27.47169,40.94184],[27.42481,40.83129],[27.33082,40.76097],[27.28793,40.70356],[27.17775,40.63264],[27.04754,40.61221],[26.98976,40.56379],[26.91163,40.55073],[26.68336,40.45547],[26.60157,40.34614],[26.42652,40.23029],[26.34555,40.19977],[26.37582,40.15351],[26.23064,40.06489],[26.15748,40.05533],[26.27198,40.23041],[26.26694,40.25776],[26.21811,40.29686],[26.23178,40.31013],[26.20997,40.32193],[26.21909,40.33145],[26.32114,40.36518],[26.56446,40.49946],[26.68377,40.51533],[26.73276,40.56379],[26.78826,40.56293],[26.82895,40.602],[26.79038,40.66059],[26.60922,40.63947],[26.50563,40.59858],[26.44467,40.61904],[26.39975,40.60415],[26.09132,40.60541],[26.05372,40.66059],[26.05812,40.6977],[26.03321,40.73505],[26.11229,40.74697],[26.15828,40.81219],[26.21202,40.84743],[26.22618,40.89931],[26.2392,40.88567],[26.26039,40.92045],[26.30401,40.90903],[26.2944,40.92665],[26.35909,40.96468],[26.33315,40.99073],[26.36809,41.00773],[26.37418,41.03114],[26.32509,41.07408],[26.33946,41.11449],[26.31734,41.1223],[26.33605,41.15258],[26.32106,41.18762],[26.33605,41.22891],[26.32054,41.24622],[26.41211,41.2657],[26.54017,41.35179],[26.59112,41.32931],[26.63174,41.35753],[26.59546,41.61245],[26.57644,41.591],[26.46441,41.64852],[26.47619,41.67573],[26.33336,41.71304],[26.3163,41.74376],[26.33419,41.78954],[26.37553,41.81662],[26.52611,41.82424],[26.55898,41.90173],[26.54296,41.92036],[26.60569,41.96741],[26.73674,41.95896],[26.78057,41.98343],[26.81943,41.96566],[26.9389,41.99622],[27.04654,42.08294],[27.17382,42.05707],[27.21641,42.09562],[27.27335,42.09175],[27.39686,41.98932],[27.54641,41.90116],[27.56274,41.90644],[27.55075,41.92421],[27.6093,41.95349],[27.68707,41.9686],[27.81534,41.9468],[27.81192,41.9947],[28.01677,41.97256],[28.04493,41.8902],[27.97755,41.88736],[27.97202,41.82225],[28.08839,41.67691],[28.07594,41.66055],[28.09718,41.62669]]]]}},{"type":"Feature","id":"IRQ-all","properties":{"id":"IRQ-all","iso3":"IRQ","country_ja":"イラク","un_region_ja":"西アジア","area_ja":"全域（住民の生活圏）","level":"高い","source_ids":["PEW2025"],"clothing_evidence":"宗教人口・地域分布からの弱い定性推定／着用率未取得","geometry_kind_ja":"国・地域全体","geometry_method":{"type":"country"},"map_number":97},"geometry":{"type":"Polygon","coordinates":[[[44.76655,37.07895],[44.8019,37.04353],[44.8406,37.0472],[44.88737,37.01593],[44.86918,36.96736],[44.88344,36.88685],[44.83414,36.83403],[44.83125,36.79192],[44.9962,36.74169],[45.04591,36.66805],[44.99139,36.53374],[45.03816,36.494],[45.08374,36.41282],[45.2213,36.42093],[45.23887,36.403],[45.25701,36.31169],[45.28269,36.27489],[45.25851,36.26223],[45.29737,36.22673],[45.3046,36.14038],[45.34832,36.08751],[45.32031,35.99403],[45.35959,35.97687],[45.47927,36.01201],[45.53999,35.99398],[45.64686,35.93321],[45.71874,35.82831],[45.74902,35.81099],[45.83475,35.81053],[45.87832,35.83523],[46.00492,35.83797],[46.06042,35.85724],[46.11505,35.84644],[46.16352,35.79751],[46.28139,35.82831],[46.32707,35.8035],[46.31338,35.77151],[46.23788,35.71555],[46.00379,35.67426],[45.99924,35.57214],[45.95934,35.57871],[45.98456,35.53106],[45.96399,35.49417],[46.04099,35.38156],[46.12016,35.31852],[46.1274,35.28906],[46.10145,35.23428],[46.16925,35.21625],[46.13039,35.1314],[46.15106,35.1116],[46.00921,35.06091],[45.9132,35.08732],[45.89909,35.04691],[45.85703,35.02127],[45.86896,34.96836],[45.8502,34.90681],[45.83501,34.89017],[45.75512,34.90996],[45.7454,34.84098],[45.66675,34.80692],[45.66282,34.76325],[45.62738,34.72083],[45.68763,34.65324],[45.70153,34.55128],[45.50066,34.59169],[45.50346,34.49417],[45.41705,34.44436],[45.46077,34.34046],[45.52154,34.3425],[45.55756,34.31196],[45.56102,34.2646],[45.52666,34.17931],[45.54454,34.13949],[45.45488,34.06986],[45.41995,33.99426],[45.38036,33.97356],[45.42372,33.93878],[45.48578,33.93865],[45.61673,33.76869],[45.64515,33.69792],[45.72112,33.64076],[45.73455,33.58312],[45.81579,33.6258],[45.88596,33.63092],[45.88204,33.6002],[45.92793,33.55087],[45.85258,33.49437],[45.8994,33.4763],[45.97443,33.4908],[46.01939,33.4384],[46.03624,33.36794],[46.1553,33.26022],[46.16719,33.16834],[46.10538,33.11839],[46.0303,33.10568],[46.04327,33.08346],[46.12042,33.06168],[46.11949,33.03101],[46.07572,32.9945],[46.09701,32.95432],[46.27343,32.95949],[46.47931,32.89179],[46.71589,32.75601],[47.09059,32.47456],[47.15255,32.45518],[47.26531,32.48468],[47.34334,32.45869],[47.41083,32.39529],[47.40246,32.32351],[47.50922,32.2138],[47.49134,32.14863],[47.57806,32.10616],[47.6178,32.04187],[47.66808,32.01241],[47.76528,31.8641],[47.83447,31.80571],[47.83132,31.76184],[47.67893,31.40785],[47.67294,30.9947],[48.01224,30.98907],[48.01359,30.46388],[48.13058,30.4475],[48.17048,30.40667],[48.20009,30.32394],[48.30571,30.31283],[48.4087,30.20234],[48.38111,30.14534],[48.45314,30.00143],[48.55926,29.9466],[48.52052,29.9289],[48.41188,29.93842],[48.11915,30.04499],[48.03826,30.03685],[47.96901,30.00406],[47.95167,30.08832],[47.93482,30.10708],[47.94801,29.99404],[47.67417,30.09822],[47.35822,30.09212],[47.1971,30.03424],[47.11049,29.96091],[46.97737,29.65798],[46.85345,29.44456],[46.71186,29.27139],[46.53244,29.09575],[46.35746,29.06314],[44.69183,29.20184],[42.85871,30.49468],[42.0754,31.07986],[40.42413,31.92053],[40.02901,31.99448],[39.14637,32.11814],[39.292,32.24452],[39.25634,32.34268],[39.23577,32.35286],[39.04633,32.30849],[39.02876,32.32834],[38.97822,32.47497],[39.05718,32.4966],[38.77451,33.37168],[40.69047,34.3315],[40.96528,34.40185],[41.20423,34.79312],[41.20134,35.24302],[41.24309,35.36653],[41.26108,35.49417],[41.34221,35.59369],[41.3635,35.65524],[41.35451,35.82557],[41.23669,36.06033],[41.27699,36.35478],[41.38541,36.51638],[41.78993,36.58929],[41.84378,36.61787],[42.37719,37.06224],[42.35724,37.10998],[42.56126,37.14662],[42.71567,37.35529],[42.79246,37.37434],[42.81406,37.34682],[42.93705,37.32015],[43.11482,37.37113],[43.27031,37.30868],[43.33615,37.32023],[43.4796,37.24336],[43.52952,37.2539],[43.59422,37.22946],[43.74692,37.23065],[43.8094,37.19969],[43.89363,37.22491],[43.99037,37.3125],[44.08804,37.31116],[44.18447,37.27917],[44.23501,37.23677],[44.24834,37.16967],[44.18922,37.12921],[44.18002,37.08761],[44.23428,36.98366],[44.28482,36.96917],[44.30663,36.97723],[44.34311,37.04244],[44.45442,37.07634],[44.61028,37.17835],[44.73379,37.16724],[44.76613,37.14192],[44.75254,37.11314],[44.76655,37.07895]]]}},{"type":"Feature","id":"SYR-all","properties":{"id":"SYR-all","iso3":"SYR","country_ja":"シリア","un_region_ja":"西アジア","area_ja":"全域（住民の生活圏）","level":"やや高い","source_ids":["PEW2025"],"clothing_evidence":"宗教人口・地域分布からの弱い定性推定／着用率未取得","geometry_kind_ja":"国・地域全体","geometry_method":{"type":"country"},"map_number":98},"geometry":{"type":"Polygon","coordinates":[[[35.84973,32.89582],[35.88807,32.94494],[35.85903,32.99021],[35.8489,33.09868],[35.81149,33.11191],[35.8302,33.18999],[35.80766,33.20172],[35.80363,33.24846],[35.7686,33.2727],[35.80208,33.31249],[35.76384,33.3344],[35.80994,33.36003],[35.8211,33.40672],[35.91949,33.46235],[35.93324,33.52782],[36.03525,33.5678],[36.02967,33.59764],[35.92156,33.6403],[35.94843,33.70921],[36.05044,33.81644],[36.13829,33.85062],[36.16568,33.8298],[36.23182,33.85253],[36.3575,33.82378],[36.36763,33.85755],[36.3111,33.87199],[36.26893,33.90677],[36.28856,33.94651],[36.39109,34.04472],[36.47522,34.0535],[36.48845,34.08864],[36.6041,34.1991],[36.56276,34.26295],[36.58198,34.2999],[36.51863,34.35364],[36.52514,34.42294],[36.4498,34.46454],[36.43347,34.49433],[36.33538,34.49348],[36.31988,34.51412],[36.38355,34.55381],[36.38892,34.59624],[36.43626,34.59784],[36.44018,34.62936],[36.36753,34.6292],[36.30893,34.68755],[36.26159,34.62724],[36.03793,34.62843],[35.9699,34.64985],[35.86687,34.92422],[35.90056,35.02192],[35.88787,35.1092],[35.96241,35.19794],[35.91529,35.28791],[35.92897,35.32148],[35.91896,35.41767],[35.81837,35.50894],[35.77052,35.50422],[35.77809,35.54116],[35.7234,35.5821],[35.77849,35.61274],[35.77117,35.66779],[35.80006,35.68146],[35.84034,35.74746],[35.83595,35.78998],[35.79859,35.84968],[35.87086,35.85179],[35.9113,35.91775],[35.98026,35.92685],[36.00393,35.86918],[36.15762,35.82257],[36.17488,35.92267],[36.19689,35.95171],[36.26903,35.95874],[36.27751,35.99419],[36.29735,36.00075],[36.35802,35.99398],[36.373,36.22761],[36.45073,36.19991],[36.48018,36.22554],[36.66425,36.229],[36.64865,36.3059],[36.57764,36.33287],[36.59335,36.37349],[36.55273,36.40817],[36.53124,36.47901],[36.56534,36.5325],[36.56927,36.62014],[36.63986,36.82809],[36.9647,36.75383],[37.01844,36.70665],[37.01452,36.64226],[37.05307,36.61994],[37.10443,36.65099],[37.24189,36.65859],[37.44612,36.6342],[37.65406,36.73213],[37.81974,36.76055],[38.12297,36.88462],[38.22426,36.90839],[38.47996,36.85574],[38.66413,36.71952],[38.72501,36.69394],[39.03217,36.70117],[39.2396,36.66128],[39.76525,36.74215],[40.19014,36.88442],[40.41389,37.00402],[40.52572,37.02588],[40.70897,37.10048],[40.89645,37.1227],[41.20134,37.06497],[41.47977,37.07557],[42.00925,37.17561],[42.2112,37.32491],[42.22319,37.28814],[42.29202,37.28506],[42.3467,37.23977],[42.33533,37.17117],[42.37719,37.06224],[41.84378,36.61787],[41.78993,36.58929],[41.38541,36.51638],[41.27699,36.35478],[41.23669,36.06033],[41.35451,35.82557],[41.3635,35.65524],[41.34221,35.59369],[41.26108,35.49417],[41.24309,35.36653],[41.20134,35.24302],[41.20423,34.79312],[40.96528,34.40185],[40.69047,34.3315],[38.77451,33.37168],[36.81938,32.31679],[36.68957,32.31966],[36.6535,32.34286],[36.38789,32.37932],[36.17736,32.52732],[36.06625,32.51732],[36.006,32.60791],[36.00362,32.65509],[35.95535,32.65744],[35.94419,32.69077],[35.75759,32.74435],[35.83423,32.82795],[35.84973,32.89582]]]}},{"type":"Feature","id":"LBN-north","properties":{"id":"LBN-north","iso3":"LBN","country_ja":"レバノン","un_region_ja":"西アジア","area_ja":"北部（トリポリ周辺）","level":"やや高い","source_ids":["PEW2025","IRF-LBN","PEW_DRESS2010"],"clothing_evidence":"服装調査あり（地図の各範囲を直接測定したものではない）","geometry_kind_ja":"緯度経度で囲った概略","geometry_method":{"type":"bbox","bounds":[35.65,34.15,36.6,34.7]},"map_number":99},"geometry":{"type":"Polygon","coordinates":[[[35.65,34.15],[35.65,34.23378],[35.66521,34.31135],[35.68873,34.32832],[35.70582,34.3166],[35.75074,34.3898],[35.80616,34.41498],[35.82358,34.43452],[35.80543,34.46491],[35.90333,34.47797],[35.98316,34.53864],[35.98959,34.59968],[35.9699,34.64985],[36.03793,34.62843],[36.26159,34.62724],[36.30893,34.68755],[36.36753,34.6292],[36.44018,34.62936],[36.43626,34.59784],[36.38892,34.59624],[36.38355,34.55381],[36.31988,34.51412],[36.33538,34.49348],[36.43347,34.49433],[36.4498,34.46454],[36.52514,34.42294],[36.51863,34.35364],[36.58198,34.2999],[36.56276,34.26295],[36.6,34.20543],[36.6,34.19518],[36.55269,34.15],[35.65,34.15]]]}},{"type":"Feature","id":"LBN-south-east","properties":{"id":"LBN-south-east","iso3":"LBN","country_ja":"レバノン","un_region_ja":"西アジア","area_ja":"南部と東部内陸（ベカー高原）","level":"やや高い","source_ids":["PEW2025","IRF-LBN","PEW_DRESS2010"],"clothing_evidence":"服装調査あり（地図の各範囲を直接測定したものではない）","geometry_kind_ja":"緯度経度で囲った概略","geometry_method":{"type":"bbox","bounds":[35.1,33.05,36.7,34.15]},"map_number":100},"geometry":{"type":"Polygon","coordinates":[[[36.47522,34.0535],[36.39109,34.04472],[36.28856,33.94651],[36.27534,33.89721],[36.36763,33.85755],[36.36959,33.83701],[36.33828,33.82119],[36.23182,33.85253],[36.16568,33.8298],[36.13829,33.85062],[36.05044,33.81644],[35.94843,33.70921],[35.92156,33.6403],[36.02967,33.59764],[36.03525,33.5678],[35.93324,33.52782],[35.91949,33.46235],[35.8211,33.40672],[35.76942,33.34264],[35.69852,33.32267],[35.65214,33.27666],[35.62006,33.26954],[35.60385,33.24009],[35.54949,33.28102],[35.48014,33.08739],[35.34516,33.05558],[35.28366,33.10119],[35.10524,33.08902],[35.1058,33.11245],[35.14763,33.14033],[35.16179,33.17695],[35.17465,33.17015],[35.20476,33.2248],[35.20916,33.25462],[35.18832,33.28001],[35.22478,33.312],[35.27101,33.45751],[35.34913,33.51386],[35.39438,33.64997],[35.43849,33.71137],[35.48129,33.82368],[35.47047,33.90209],[35.57203,33.90998],[35.61354,33.99315],[35.64088,33.99942],[35.62696,34.04426],[35.64772,34.11913],[35.64,34.15],[35.65,34.15],[36.55269,34.15],[36.48845,34.08864],[36.47522,34.0535]]]}},{"type":"Feature","id":"JOR-all","properties":{"id":"JOR-all","iso3":"JOR","country_ja":"ヨルダン","un_region_ja":"西アジア","area_ja":"全域（住民の生活圏）","level":"高い","source_ids":["PEW2025","PEW_DRESS2010"],"clothing_evidence":"服装調査あり（地図の各範囲を直接測定したものではない）","geometry_kind_ja":"国・地域全体","geometry_method":{"type":"country"},"map_number":101},"geometry":{"type":"Polygon","coordinates":[[[35.89572,32.71328],[35.94419,32.69077],[35.95535,32.65744],[36.00362,32.65509],[36.006,32.60791],[36.06625,32.51732],[36.17736,32.52732],[36.38789,32.37932],[36.80657,32.31304],[38.77451,33.37168],[39.05718,32.4966],[38.97822,32.47497],[39.02876,32.32834],[39.04633,32.30849],[39.23577,32.35286],[39.25634,32.34268],[39.292,32.24452],[39.14637,32.11814],[38.96344,31.99433],[36.95953,31.491],[37.48002,31.00726],[37.98138,30.49881],[37.64755,30.33086],[37.4702,29.99455],[36.72875,29.85353],[36.47708,29.49461],[36.06946,29.20003],[36.01644,29.18995],[34.94938,29.35169],[34.99781,29.51797],[34.95558,29.55899],[34.95986,29.58621],[35.04895,29.84231],[35.08626,30.03403],[35.14528,30.12338],[35.12523,30.24467],[35.16212,30.3614],[35.14001,30.43019],[35.20532,30.6171],[35.27953,30.78024],[35.31663,30.82282],[35.32222,30.88995],[35.38526,30.96328],[35.39156,31.02395],[35.43849,31.10374],[35.43621,31.15955],[35.3957,31.25768],[35.45285,31.40082],[35.48014,31.64112],[35.55941,31.76535],[35.52468,31.91924],[35.54587,31.94456],[35.52282,32.05784],[35.54515,32.08683],[35.53523,32.11081],[35.57254,32.23759],[35.55941,32.23759],[35.57254,32.25191],[35.55197,32.37482],[35.56561,32.36795],[35.54515,32.40957],[35.57998,32.49148],[35.55197,32.51882],[35.55941,32.55295],[35.57998,32.56039],[35.56055,32.6409],[35.61176,32.6819],[35.76973,32.74805],[35.89572,32.71328]]]}},{"type":"Feature","id":"SAU-all","properties":{"id":"SAU-all","iso3":"SAU","country_ja":"サウジアラビア","un_region_ja":"西アジア","area_ja":"全域（住民の生活圏）","level":"高い","source_ids":["PEW2025","FCDO-SAU"],"clothing_evidence":"服装の質的資料あり／地域の率は未取得","geometry_kind_ja":"国・地域全体","geometry_method":{"type":"country"},"map_number":102},"geometry":{"type":"MultiPolygon","coordinates":[[[[36.82374,25.45987],[36.9157,25.4267],[36.89943,25.41885],[36.90431,25.39411],[36.96144,25.4145],[36.89975,25.36103],[36.79868,25.44741],[36.77654,25.4964],[36.82374,25.45987]]],[[[36.87916,25.44335],[36.71925,25.55565],[36.68141,25.55345],[36.7256,25.56517],[36.87452,25.46332],[36.87916,25.44335]]],[[[36.827,25.54719],[36.84132,25.57001],[36.86655,25.55752],[36.84938,25.53303],[36.827,25.54719]]],[[[36.9144,25.60664],[36.92319,25.51944],[36.90073,25.5493],[36.8982,25.59545],[36.9144,25.60664]]],[[[36.53102,25.6446],[36.63795,25.57461],[36.68312,25.57233],[36.66765,25.54975],[36.56772,25.59846],[36.5394,25.58918],[36.49147,25.64509],[36.54363,25.70287],[36.53102,25.6446]]],[[[36.59783,25.75837],[36.58839,25.71426],[36.61109,25.70946],[36.58302,25.69868],[36.54428,25.73135],[36.54249,25.80195],[36.55844,25.83637],[36.59083,25.86054],[36.55543,25.79633],[36.59783,25.75837]]],[[[41.84337,16.74672],[41.82494,16.79824],[41.77817,16.81269],[41.75708,16.89637],[41.82808,16.85861],[41.86006,16.82112],[41.86329,16.78514],[41.90514,16.74758],[42.01105,16.73908],[42.03499,16.71577],[42.06461,16.72838],[42.02174,16.7558],[42.06218,16.8142],[42.10408,16.79228],[42.11655,16.74417],[42.18644,16.70553],[42.17856,16.58348],[42.07317,16.6358],[42.11763,16.65986],[42.08575,16.69353],[41.95546,16.67011],[41.84337,16.74672]]],[[[41.86085,17.01362],[41.93816,16.97289],[41.9438,16.88346],[41.97596,16.87551],[41.98518,16.8536],[41.9323,16.83836],[41.99544,16.797],[42.00185,16.76099],[41.91889,16.79115],[41.83497,16.89167],[41.88795,16.90778],[41.92848,16.9549],[41.92091,16.97895],[41.8462,16.99746],[41.86085,17.01362]]],[[[51.21526,24.62585],[51.26881,24.6245],[51.30641,24.61083],[51.29029,24.57852],[51.30242,24.51716],[51.38795,24.59707],[51.39527,24.63133],[51.4983,24.58356],[51.4437,24.55476],[51.39527,24.48794],[51.33619,24.44794],[51.30641,24.40599],[51.29965,24.34634],[51.27857,24.34052],[51.27882,24.30777],[51.34498,24.2978],[51.41285,24.32347],[51.47901,24.31086],[51.52613,24.26826],[51.56935,24.25617],[51.57316,24.12783],[51.59352,24.07832],[52.55848,22.93858],[55.1053,22.62095],[55.18684,22.70358],[55.62671,22.02377],[55.63757,21.97897],[54.97838,19.99542],[51.97861,18.99564],[49.12882,18.6121],[49.03585,18.57972],[48.16195,18.14892],[47.58901,17.46328],[47.45796,17.13089],[47.42757,17.09183],[47.16134,16.94744],[46.97034,16.95685],[46.7472,17.25476],[46.7101,17.27538],[46.32263,17.22407],[45.43038,17.31202],[45.22213,17.41739],[45.16539,17.42839],[44.64645,17.43181],[44.56196,17.40447],[44.40414,17.41873],[44.21154,17.39062],[44.14901,17.40483],[44.08535,17.34344],[44.00391,17.36783],[43.91513,17.30184],[43.89404,17.31217],[43.88671,17.35367],[43.73064,17.35243],[43.57706,17.48297],[43.48714,17.51749],[43.41289,17.51996],[43.30307,17.45904],[43.16504,17.32592],[43.2222,17.30783],[43.25217,17.27197],[43.2486,17.25192],[43.15616,17.2097],[43.11843,17.08625],[43.1359,17.00961],[43.11264,16.91003],[43.14582,16.83448],[43.2115,16.79686],[43.16851,16.73722],[43.17998,16.66462],[43.08495,16.67257],[43.03627,16.5363],[42.90677,16.47936],[42.89819,16.4189],[42.78948,16.37096],[42.79493,16.45283],[42.72869,16.54719],[42.73732,16.67113],[42.70387,16.70905],[42.71241,16.73062],[42.63575,16.81517],[42.57586,16.83234],[42.54176,16.878],[42.55568,16.92206],[42.5442,17.00434],[42.51271,17.03701],[42.44752,17.04902],[42.41082,17.15575],[42.3567,17.18244],[42.38404,17.121],[42.36378,17.10871],[42.36297,17.02481],[42.30152,17.4536],[42.14088,17.57119],[42.09352,17.65209],[42.05323,17.65322],[42.0005,17.71748],[41.97934,17.71064],[41.86948,17.8205],[41.78761,17.83356],[41.67726,17.9606],[41.67368,18.00926],[41.59352,18.09589],[41.60255,18.11469],[41.56105,18.18985],[41.52133,18.19668],[41.5337,18.21035],[41.51857,18.22797],[41.49334,18.22394],[41.50636,18.2722],[41.47218,18.2792],[41.4358,18.46996],[41.35572,18.56904],[41.2754,18.59203],[41.21022,18.69794],[41.24903,18.83417],[41.17124,18.87165],[41.13649,18.93651],[41.17652,19.06737],[41.06861,19.12539],[41.04021,19.18354],[41.03614,19.26455],[40.9559,19.34333],[40.93767,19.41938],[40.95924,19.456],[40.94467,19.50568],[40.83546,19.54662],[40.76043,19.60871],[40.79444,19.60126],[40.79803,19.69233],[40.74488,19.777],[40.65406,19.79434],[40.65659,19.75951],[40.56446,19.88589],[40.52703,19.91035],[40.53452,19.96182],[40.44557,20.00971],[40.39357,20.06428],[40.31349,20.09072],[40.23211,20.16356],[40.23878,20.17805],[40.16481,20.20039],[40.08383,20.27924],[40.04518,20.28612],[39.99195,20.26667],[39.90309,20.30825],[39.94068,20.25918],[39.7601,20.35082],[39.56739,20.56769],[39.59474,20.58877],[39.54347,20.61921],[39.49293,20.70624],[39.50603,20.7464],[39.45753,20.75947],[39.47787,20.73896],[39.45826,20.74486],[39.42319,20.77172],[39.42335,20.81411],[39.45753,20.79426],[39.44874,20.8273],[39.41131,20.84687],[39.40968,20.82835],[39.35971,20.86262],[39.33912,20.88744],[39.34083,20.91031],[39.35963,20.89672],[39.35279,20.91987],[39.29713,20.92398],[39.2378,21.06289],[39.17433,21.10887],[39.15651,21.16755],[39.17018,21.19147],[39.08074,21.31501],[39.17107,21.40412],[39.14967,21.48013],[39.15895,21.5078],[39.14275,21.54092],[39.1198,21.51691],[39.0923,21.57656],[39.0774,21.69156],[39.10906,21.74779],[39.10125,21.76],[39.06674,21.72525],[38.9496,21.92192],[38.93125,22.00607],[38.93265,22.02519],[38.95914,22.03444],[39.00569,22.00201],[39.04444,22.1308],[39.04664,22.15107],[39.02613,22.11689],[39.0193,22.13158],[39.04037,22.23578],[39.14275,22.40322],[39.11492,22.41861],[39.0948,22.37018],[39.07026,22.36583],[39.08152,22.54679],[38.98569,22.72427],[39.01303,22.76679],[38.94549,22.8312],[38.97088,22.74689],[38.9026,22.84317],[38.85117,22.94327],[38.88041,22.92849],[38.91285,22.86197],[38.95102,22.85196],[38.96469,22.87043],[38.89389,22.96515],[38.79957,22.99868],[38.77906,23.04116],[38.80437,23.07925],[38.79835,23.1496],[38.77762,23.13929],[38.69171,23.27296],[38.60018,23.56825],[38.55991,23.56249],[38.59547,23.52147],[38.54006,23.54324],[38.53922,23.59187],[38.49485,23.64464],[38.45265,23.784],[38.39957,23.81409],[38.36535,23.87045],[38.18536,23.97593],[38.07914,24.07039],[38.04573,24.06739],[37.93532,24.13901],[37.98307,24.16566],[37.93953,24.16144],[37.94795,24.20705],[37.91258,24.19154],[37.91813,24.14959],[37.86563,24.14989],[37.67609,24.29124],[37.62599,24.28144],[37.62839,24.24804],[37.52272,24.26773],[37.4294,24.36731],[37.41796,24.40097],[37.42785,24.42113],[37.45495,24.40687],[37.45667,24.44125],[37.22853,24.7377],[37.22706,24.79955],[37.17872,24.79938],[37.14861,24.85102],[37.21892,24.84662],[37.2566,24.87124],[37.27996,24.9641],[37.25147,25.05256],[37.2422,25.17528],[37.10532,25.32217],[37.05982,25.41962],[37.0774,25.43106],[37.01824,25.4947],[36.93629,25.64615],[36.8816,25.67284],[36.81739,25.75796],[36.79566,25.75947],[36.79225,25.72061],[36.70232,25.77998],[36.66212,25.8791],[36.70582,25.94375],[36.69606,26.02228],[36.64064,26.06021],[36.53663,26.08242],[36.51271,26.11099],[36.30893,26.49824],[36.22983,26.62556],[36.09767,26.75397],[36.03199,26.90681],[36.01393,26.90233],[35.91188,26.99958],[35.80307,27.14208],[35.81284,27.19107],[35.78403,27.2355],[35.55958,27.45563],[35.51051,27.54418],[35.50026,27.61933],[35.39438,27.777],[35.35133,27.80142],[35.32276,27.87629],[35.24562,27.96235],[35.16358,28.00934],[35.2269,28.03315],[35.21632,28.05439],[35.16179,28.05817],[35.05193,28.11957],[35.01971,28.11347],[35.03077,28.09911],[34.99789,28.1142],[34.92775,28.0786],[34.8602,28.08539],[34.84645,28.07119],[34.84262,28.09984],[34.86622,28.11278],[34.83676,28.11628],[34.80486,28.07119],[34.79176,28.0786],[34.8191,28.11278],[34.77076,28.09292],[34.70924,28.14008],[34.64715,28.09911],[34.6683,28.07119],[34.64715,28.07119],[34.63502,28.03327],[34.61305,28.03022],[34.60621,28.09602],[34.57439,28.09406],[34.57276,28.11278],[34.62713,28.17666],[34.65772,28.17056],[34.64959,28.20087],[34.6683,28.20897],[34.67457,28.27045],[34.68873,28.26362],[34.67457,28.27725],[34.71502,28.32746],[34.80378,28.52713],[34.77847,28.6645],[34.83855,28.82856],[34.84197,28.88963],[34.82537,28.90038],[34.85629,28.96381],[34.85255,29.04507],[34.90935,29.23066],[34.94207,29.25047],[34.93263,29.28925],[34.95558,29.30512],[34.94938,29.35169],[36.01644,29.18995],[36.06946,29.20003],[36.47708,29.49461],[36.72875,29.85353],[37.4702,29.99455],[37.64755,30.33086],[37.98138,30.49881],[37.48002,31.00726],[36.95953,31.491],[38.96344,31.99433],[39.15774,32.12135],[40.37028,31.93847],[42.0754,31.07986],[42.85871,30.49468],[44.69183,29.20184],[46.35746,29.06314],[46.53244,29.09575],[47.43347,28.99472],[47.4945,28.90403],[47.54995,28.7706],[47.58167,28.63148],[47.66813,28.53351],[48.43278,28.54048],[48.49464,28.50015],[48.50782,28.41572],[48.49903,28.39338],[48.46876,28.38711],[48.50489,28.38963],[48.52394,28.41446],[48.53549,28.40762],[48.52223,28.31883],[48.61842,28.21727],[48.60084,28.14777],[48.65211,28.04609],[48.792,28.00702],[48.74684,27.98164],[48.74366,27.96133],[48.88266,27.82673],[48.87452,27.76992],[48.8392,27.72858],[48.8576,27.80353],[48.85287,27.81794],[48.80502,27.7565],[48.82553,27.8111],[48.81251,27.8286],[48.77882,27.71955],[48.81129,27.74282],[48.81528,27.68757],[48.8392,27.70808],[48.85808,27.66283],[48.88014,27.68757],[48.87713,27.64448],[48.85963,27.64045],[48.8733,27.61249],[48.8318,27.61249],[48.87078,27.60562],[48.90064,27.63296],[48.89112,27.58812],[48.91432,27.57152],[48.91529,27.60863],[48.96852,27.62035],[49.05421,27.56826],[49.06397,27.55634],[49.04469,27.54418],[49.05893,27.53815],[49.07203,27.55785],[49.23976,27.54511],[49.30535,27.48212],[49.31276,27.44863],[49.28492,27.47533],[49.26393,27.45287],[49.20883,27.45808],[49.18189,27.44115],[49.15772,27.45848],[49.1198,27.44115],[49.20704,27.39517],[49.24025,27.42719],[49.26385,27.41389],[49.22967,27.37971],[49.2234,27.33129],[49.27882,27.35879],[49.31276,27.34496],[49.3226,27.20572],[49.33953,27.20783],[49.34522,27.18281],[49.37086,27.21874],[49.41236,27.20401],[49.39747,27.16258],[49.36687,27.16063],[49.37485,27.14907],[49.40707,27.13272],[49.43507,27.16681],[49.43189,27.14277],[49.52443,27.13272],[49.48911,27.17475],[49.51645,27.18838],[49.54493,27.17365],[49.57211,27.19416],[49.5586,27.13955],[49.57008,27.10407],[49.69947,26.95824],[49.87184,26.86249],[49.97299,26.84235],[50.0691,26.72858],[50.15846,26.66486],[50.16188,26.63923],[50.09254,26.68911],[50.02369,26.69953],[50.00636,26.74763],[49.98846,26.72443],[50.00367,26.57071],[50.03061,26.49461],[50.05828,26.46393],[50.19158,26.40355],[50.21656,26.32392],[50.21225,26.19131],[50.18238,26.1601],[50.17408,26.18073],[50.15455,26.16625],[50.14137,26.03596],[50.11329,26.10326],[50.07358,26.13154],[50.06568,26.17373],[50.0324,26.20108],[49.97584,26.13959],[50.01043,26.07689],[49.99,26.06045],[49.99,26.00178],[50.02101,26.00446],[50.0241,26.03596],[50.10133,25.98949],[50.1277,25.94037],[50.10776,25.91474],[50.11834,25.86786],[50.16188,25.7827],[50.24724,25.67943],[50.2575,25.6319],[50.22674,25.68716],[50.14471,25.73334],[50.14869,25.69986],[50.18238,25.67284],[50.19606,25.68716],[50.23406,25.61518],[50.34799,25.48212],[50.37428,25.46117],[50.36199,25.503],[50.38136,25.51289],[50.41017,25.4641],[50.47153,25.4372],[50.52036,25.31477],[50.51759,25.24486],[50.54908,25.17479],[50.56218,25.05484],[50.60629,25.04271],[50.66163,24.97997],[50.68141,24.91389],[50.72641,24.88166],[50.73732,24.78217],[50.76059,24.7364],[50.78614,24.72724],[50.80787,24.74665],[50.88101,24.6364],[50.9286,24.58721],[50.97888,24.56773],[51.09546,24.56018],[51.21526,24.62585]]],[[[36.99928,25.46943],[37.04233,25.40737],[37.03126,25.39875],[36.96656,25.44896],[36.94654,25.44188],[36.95183,25.46751],[36.99928,25.46943]]],[[[49.55405,27.32827],[49.53126,27.34618],[49.48756,27.33413],[49.45623,27.29035],[49.45362,27.31639],[49.50123,27.36054],[49.58513,27.34431],[49.68881,27.31769],[49.60727,27.32246],[49.56544,27.2978],[49.5381,27.31147],[49.55405,27.32827]]]]}},{"type":"Feature","id":"YEM-all","properties":{"id":"YEM-all","iso3":"YEM","country_ja":"イエメン","un_region_ja":"西アジア","area_ja":"全域（住民の生活圏）","level":"高い","source_ids":["PEW2025","IRF-YEM"],"clothing_evidence":"宗教人口・地域分布からの弱い定性推定／着用率未取得","geometry_kind_ja":"国・地域全体","geometry_method":{"type":"country"},"map_number":103},"geometry":{"type":"MultiPolygon","coordinates":[[[[53.28688,12.12734],[53.31027,12.11144],[53.26308,12.11487],[53.24833,12.1213],[53.28688,12.12734]]],[[[53.08292,12.16479],[53.08638,12.13434],[53.05659,12.12825],[52.98526,12.16273],[53.08292,12.16479]]],[[[52.22438,12.18032],[52.17986,12.17284],[52.16236,12.19741],[52.11232,12.19863],[52.06412,12.23547],[52.11843,12.24155],[52.20043,12.20644],[52.38958,12.19725],[52.37113,12.17156],[52.38846,12.14887],[52.24023,12.15688],[52.22438,12.18032]]],[[[54.24594,12.43354],[54.1405,12.35134],[54.04755,12.35296],[54.00824,12.32986],[53.96998,12.34186],[53.73116,12.30041],[53.57215,12.33461],[53.50563,12.41633],[53.30689,12.5434],[53.38941,12.56078],[53.39603,12.65647],[53.47008,12.67142],[53.51895,12.71435],[53.65476,12.70476],[53.76289,12.6197],[53.8461,12.5986],[53.876,12.64729],[54.0081,12.64574],[54.11939,12.70112],[54.16789,12.66499],[54.19549,12.6754],[54.47066,12.54357],[54.54029,12.55024],[54.45742,12.51923],[54.44468,12.48472],[54.40234,12.46722],[54.24594,12.43354]]],[[[43.44899,12.65298],[43.4358,12.63215],[43.39015,12.66633],[43.42897,12.67377],[43.44899,12.65298]]],[[[42.71925,13.74262],[42.78256,13.77993],[42.79493,13.76992],[42.75408,13.6979],[42.68849,13.66376],[42.71925,13.74262]]],[[[42.72153,13.96939],[42.6919,14.01317],[42.76026,14.06468],[42.80177,14.02314],[42.78175,13.91999],[42.75408,13.92072],[42.76759,13.94868],[42.72153,13.96939]]],[[[42.55893,15.39297],[42.6019,15.44627],[42.636,15.44554],[42.58155,15.39159],[42.62818,15.39867],[42.61411,15.30805],[42.56837,15.26887],[42.54575,15.29442],[42.55893,15.39297]]],[[[52.85108,16.55614],[52.53256,16.44725],[52.29274,16.26382],[52.22145,16.16088],[52.22438,16.11359],[52.15553,15.98387],[52.18653,15.91909],[52.17547,15.87792],[52.22438,15.84675],[52.22145,15.71699],[52.24488,15.6577],[52.22836,15.61612],[51.9131,15.51533],[51.8742,15.49152],[51.86866,15.45157],[51.82928,15.4687],[51.67994,15.40347],[51.66212,15.37714],[51.67644,15.34028],[51.53053,15.31684],[51.47429,15.2707],[51.36785,15.22972],[51.34246,15.2377],[51.26881,15.20181],[50.66147,15.0585],[50.55405,15.04857],[50.45948,15.01044],[50.35825,14.93334],[50.17954,14.84333],[50.14625,14.8498],[50.04184,14.81826],[50.0298,14.85029],[49.94215,14.83877],[49.57814,14.73729],[49.46046,14.67357],[49.37241,14.64981],[49.1902,14.54857],[49.18189,14.51659],[49.13705,14.53266],[49.09278,14.5196],[49.00994,14.40111],[49.00367,14.32477],[48.88697,14.25031],[48.85255,14.16698],[48.79762,14.14045],[48.69581,14.04361],[48.56479,14.04605],[48.46876,13.98896],[48.45045,14.01065],[48.33823,14.0163],[48.34571,14.00263],[48.18873,13.96914],[48.19361,13.99339],[48.14039,14.03059],[48.01686,14.05728],[47.93116,14.03059],[47.82097,13.93846],[47.64568,13.8732],[47.3982,13.65485],[46.91188,13.53327],[46.82423,13.4763],[46.70069,13.43032],[46.60475,13.4409],[46.52003,13.41303],[46.313,13.41356],[46.23455,13.43635],[46.11134,13.40681],[45.81544,13.37954],[45.66578,13.34199],[45.49415,13.19465],[45.40301,13.07014],[45.19353,13.01268],[45.11818,12.96174],[45.05877,12.82714],[45.0586,12.76203],[45.01775,12.75983],[44.97934,12.78229],[44.98097,12.79731],[45.03517,12.80366],[45.04249,12.82087],[45.01515,12.85871],[44.99806,12.83145],[44.94459,12.83397],[44.91676,12.79946],[44.87159,12.80353],[44.87184,12.76996],[44.92091,12.77139],[44.88136,12.72988],[44.78517,12.77228],[44.72779,12.74201],[44.69361,12.80345],[44.61061,12.81957],[44.54282,12.79731],[44.41554,12.67015],[44.40699,12.68525],[44.19117,12.61913],[44.13803,12.63898],[44.18995,12.63215],[44.19117,12.66047],[44.15349,12.65595],[44.06235,12.61172],[43.9463,12.59805],[43.89479,12.65265],[43.6006,12.75629],[43.52556,12.69037],[43.46803,12.6839],[43.47315,12.84662],[43.40138,12.94343],[43.3864,13.00727],[43.30885,13.13931],[43.24887,13.21271],[43.22633,13.28388],[43.2483,13.34894],[43.25424,13.52656],[43.29518,13.5856],[43.28093,13.72211],[43.2435,13.79434],[43.23316,13.87637],[43.16172,13.95399],[43.09552,14.08396],[42.98732,14.48924],[42.95932,14.5135],[42.96599,14.53026],[42.98365,14.52033],[43.0215,14.44208],[43.02866,14.53799],[42.98732,14.63386],[42.99985,14.66332],[42.96168,14.70856],[42.94223,14.78889],[42.88364,14.88369],[42.88331,14.91551],[42.91041,14.84138],[42.94565,14.81143],[42.93727,14.94847],[42.88014,15.02485],[42.88233,15.10248],[42.86402,15.13642],[42.73341,15.2093],[42.69142,15.21426],[42.6714,15.18537],[42.63771,15.19086],[42.61012,15.2436],[42.68263,15.24649],[42.67823,15.30829],[42.71241,15.36628],[42.69939,15.31167],[42.77426,15.26044],[42.79493,15.2093],[42.80689,15.34431],[42.77719,15.42194],[42.77426,15.49103],[42.71925,15.57001],[42.73341,15.59223],[42.70826,15.62783],[42.71363,15.69473],[42.6919,15.70209],[42.74171,15.75324],[42.75245,15.81639],[42.82,15.87495],[42.83481,15.91535],[42.8401,16.09781],[42.78948,16.37096],[42.89819,16.4189],[42.90677,16.47936],[43.03627,16.5363],[43.08495,16.67257],[43.17998,16.66462],[43.16851,16.73722],[43.2115,16.79686],[43.14582,16.83448],[43.11264,16.91003],[43.1359,17.00961],[43.11843,17.08625],[43.15616,17.2097],[43.2486,17.25192],[43.24184,17.29342],[43.16504,17.32592],[43.30307,17.45904],[43.41289,17.51996],[43.50337,17.51345],[43.61954,17.45883],[43.73064,17.35243],[43.88671,17.35367],[43.89404,17.31217],[43.91513,17.30184],[44.00391,17.36783],[44.08535,17.34344],[44.14901,17.40483],[44.21154,17.39062],[44.40414,17.41873],[44.56196,17.40447],[44.64645,17.43181],[45.16539,17.42839],[45.22213,17.41739],[45.43038,17.31202],[46.32263,17.22407],[46.7101,17.27538],[46.7472,17.25476],[46.97034,16.95685],[47.16134,16.94744],[47.42757,17.09183],[47.45796,17.13089],[47.58901,17.46328],[48.16195,18.14892],[49.03585,18.57972],[49.12882,18.6121],[51.97861,18.99564],[52.72146,17.29817],[52.80156,17.26742],[53.09034,16.6424],[53.02182,16.61945],[52.98487,16.62816],[52.85108,16.55614]]]]}},{"type":"Feature","id":"OMN-all","properties":{"id":"OMN-all","iso3":"OMN","country_ja":"オマーン","un_region_ja":"西アジア","area_ja":"全域（住民の生活圏）","level":"高い","source_ids":["PEW2025","IRF-OMN"],"clothing_evidence":"宗教人口・地域分布からの弱い定性推定／着用率未取得","geometry_kind_ja":"国・地域全体","geometry_method":{"type":"country"},"map_number":104},"geometry":{"type":"MultiPolygon","coordinates":[[[[55.83619,17.49091],[55.83709,17.51008],[55.86297,17.51887],[55.89088,17.50458],[55.83619,17.49091]]],[[[56.05535,17.5598],[56.09555,17.51887],[56.04689,17.49335],[55.97283,17.49836],[55.9642,17.51992],[56.05535,17.5598]]],[[[58.65219,20.17048],[58.63592,20.277],[58.6482,20.36884],[58.70069,20.4311],[58.76889,20.45161],[58.79558,20.5384],[58.90626,20.69798],[58.9183,20.68146],[58.90626,20.626],[58.95004,20.50894],[58.84409,20.43732],[58.80828,20.37958],[58.78517,20.27953],[58.65219,20.17048]]],[[[56.84107,24.22382],[56.93946,24.11591],[57.15154,23.95356],[57.64519,23.79043],[57.79575,23.78221],[57.83497,23.74006],[57.88771,23.72085],[58.1316,23.71332],[58.22739,23.67914],[58.31723,23.62092],[58.45297,23.62397],[58.4909,23.65656],[58.58416,23.64696],[58.65903,23.56249],[58.70688,23.53514],[58.72055,23.54881],[58.72804,23.52839],[58.76205,23.54206],[58.79298,23.49567],[58.80763,23.42113],[58.92945,23.3181],[59.00172,23.21239],[59.0101,23.15331],[59.07374,23.09325],[59.0879,23.04841],[59.23227,22.94302],[59.29754,22.79271],[59.35182,22.76118],[59.41065,22.67084],[59.53549,22.58308],[59.5158,22.56151],[59.6268,22.57982],[59.7212,22.54145],[59.73976,22.49779],[59.76254,22.4986],[59.74578,22.53824],[59.80323,22.53474],[59.82488,22.50886],[59.84457,22.44526],[59.81178,22.23737],[59.68816,22.08271],[59.64527,21.92585],[59.60564,21.91022],[59.49789,21.75633],[59.44858,21.6249],[59.34425,21.44473],[59.16627,21.36278],[59.05437,21.27709],[58.85426,21.06562],[58.80787,20.99079],[58.79884,20.93602],[58.73487,20.883],[58.73902,20.86225],[58.68035,20.82835],[58.65903,20.79084],[58.66765,20.77228],[58.68653,20.75947],[58.72934,20.78681],[58.72804,20.76691],[58.69988,20.74079],[58.66651,20.7464],[58.64536,20.69115],[58.59181,20.64395],[58.51857,20.41681],[58.48357,20.4042],[58.44581,20.35863],[58.35914,20.38158],[58.27556,20.36848],[58.27963,20.38483],[58.20289,20.40473],[58.21339,20.46528],[58.23463,20.42365],[58.22828,20.48884],[58.26417,20.58763],[58.25514,20.60928],[58.20574,20.61335],[58.09083,20.56684],[58.06723,20.51105],[58.07586,20.48005],[57.99439,20.44229],[57.95582,20.39956],[57.96656,20.33023],[57.85613,20.26065],[57.82374,20.20108],[57.84799,20.11176],[57.81365,19.977],[57.76205,19.84296],[57.68922,19.72818],[57.71998,19.65306],[57.70444,19.54873],[57.77394,19.40965],[57.75066,19.26805],[57.81186,19.15689],[57.80201,19.09479],[57.83985,19.02998],[57.81568,18.99177],[57.70973,18.944],[57.50147,18.95368],[57.20753,18.90998],[56.91505,18.81029],[56.80779,18.74559],[56.64112,18.55927],[56.6443,18.4676],[56.54884,18.18985],[56.56129,18.14924],[56.46258,18.08442],[56.43198,18.03217],[56.35768,17.96979],[56.35629,17.94001],[56.18849,17.9571],[56.11622,17.93659],[56.0311,17.94343],[55.90943,17.90664],[55.65349,17.89533],[55.44516,17.84101],[55.36948,17.69636],[55.26319,17.60773],[55.2282,17.53876],[55.2295,17.48859],[55.30079,17.41681],[55.2942,17.35212],[55.25123,17.28998],[55.26026,17.23428],[55.21925,17.21039],[55.18922,17.14476],[55.14357,17.12783],[55.02687,17.01113],[55.01092,17.02627],[54.97535,16.99746],[54.79184,16.9514],[54.69793,16.97016],[54.67408,17.01976],[54.59205,17.03848],[54.08497,17.01113],[54.01271,16.97761],[54.00945,16.93745],[53.98113,16.90876],[53.75318,16.86774],[53.66928,16.78408],[53.61541,16.75788],[53.33863,16.73481],[53.09034,16.6424],[52.80156,17.26742],[52.72146,17.29817],[51.97861,18.99564],[54.97838,19.99542],[55.63757,21.97897],[55.62671,22.02377],[55.18684,22.70358],[55.19129,22.99547],[55.22591,23.12125],[55.3211,23.27509],[55.37526,23.46934],[55.44533,23.55226],[55.4783,23.67636],[55.53835,23.77005],[55.53059,23.87467],[55.46155,23.93056],[55.4568,23.96316],[55.64687,24.02502],[55.76241,24.02815],[55.80706,24.00748],[55.99785,24.08127],[55.93315,24.22072],[55.90318,24.23224],[55.83032,24.21227],[55.7557,24.23033],[55.80737,24.34079],[55.80861,24.39763],[55.77461,24.4259],[55.75983,24.55853],[55.81823,24.64338],[55.79476,24.70392],[55.78867,24.8552],[55.82939,24.92117],[55.93543,24.97773],[56.0056,24.95618],[56.02927,24.86117],[55.97842,24.88611],[55.95765,24.86866],[56.00209,24.82301],[56.03155,24.75415],[56.09914,24.73051],[56.12725,24.7457],[56.17118,24.82399],[56.24166,24.84244],[56.30833,24.89517],[56.32899,24.97269],[56.38331,24.97822],[56.4935,24.70018],[56.61118,24.49632],[56.80144,24.30297],[56.84107,24.22382]]],[[[56.24489,25.27799],[56.23363,25.31253],[56.26062,25.33107],[56.34912,25.29403],[56.34437,25.26653],[56.21996,25.21526],[56.20837,25.25537],[56.24489,25.27799]],[[56.28298,25.25548],[56.28833,25.27193],[56.26508,25.28118],[56.26303,25.24922],[56.28298,25.25548]]],[[[56.29493,26.19424],[56.36695,26.2215],[56.40414,26.21475],[56.39454,26.23916],[56.36785,26.24409],[56.30844,26.2215],[56.31593,26.29043],[56.35841,26.26496],[56.36378,26.27953],[56.32228,26.30964],[56.35629,26.33759],[56.36378,26.38597],[56.38364,26.35871],[56.40414,26.3723],[56.41163,26.34504],[56.46217,26.33186],[56.48732,26.33137],[56.47983,26.35187],[56.50099,26.35871],[56.50896,26.32372],[56.45281,26.31835],[56.39861,26.2687],[56.4323,26.23945],[56.47625,26.24917],[56.48732,26.23518],[56.45965,26.20209],[56.4533,26.2215],[56.43198,26.2215],[56.43198,26.19424],[56.47983,26.14582],[56.41245,26.15843],[56.40414,26.18675],[56.37745,26.17373],[56.39112,26.20108],[56.36842,26.20453],[56.32879,26.17284],[56.33595,26.11164],[56.36378,26.14582],[56.36378,26.10488],[56.47299,26.09862],[56.38014,26.03824],[56.38364,26.02228],[56.42286,26.02314],[56.4004,25.99047],[56.42213,25.95661],[56.4533,25.94717],[56.43897,25.92609],[56.38364,25.92609],[56.39943,25.90233],[56.36378,25.80687],[56.30177,25.74177],[56.30177,25.76289],[56.27377,25.70913],[56.27905,25.62745],[56.2058,25.61777],[56.14513,25.67084],[56.1412,25.73269],[56.172,25.76525],[56.13965,25.82297],[56.17056,25.87682],[56.18348,26.01454],[56.1627,26.07355],[56.0774,26.06105],[56.18181,26.246],[56.20826,26.26309],[56.21241,26.20783],[56.26686,26.22748],[56.29493,26.19424]]]]}},{"type":"Feature","id":"ARE-all","properties":{"id":"ARE-all","iso3":"ARE","country_ja":"アラブ首長国連邦","un_region_ja":"西アジア","area_ja":"全域（住民の生活圏）","level":"やや高い","source_ids":["PEW2025"],"clothing_evidence":"宗教人口・地域分布からの弱い定性推定／着用率未取得","geometry_kind_ja":"国・地域全体","geometry_method":{"type":"country"},"map_number":105},"geometry":{"type":"MultiPolygon","coordinates":[[[[53.86305,24.23469],[53.9546,24.20099],[53.96485,24.17259],[53.95102,24.14973],[53.88461,24.14118],[53.83741,24.17744],[53.83448,24.15217],[53.77467,24.13011],[53.62778,24.17194],[53.72283,24.22988],[53.77027,24.22724],[53.84815,24.27505],[53.86305,24.23469]]],[[[54.18832,24.27749],[54.19077,24.22724],[54.11256,24.27167],[54.10157,24.29776],[54.11525,24.31851],[54.13697,24.32689],[54.18832,24.27749]]],[[[52.5561,24.30695],[52.61109,24.37324],[52.63446,24.3666],[52.65085,24.3249],[52.59215,24.25337],[52.5561,24.30695]]],[[[54.22218,24.28449],[54.18312,24.31501],[54.18458,24.33706],[54.23243,24.35757],[54.26637,24.2945],[54.22218,24.28449]]],[[[53.36158,24.35074],[53.41676,24.41283],[53.44703,24.37983],[53.44044,24.34125],[53.34579,24.29834],[53.32276,24.26269],[53.27601,24.28867],[53.26614,24.27381],[53.18458,24.28701],[53.32961,24.33611],[53.36671,24.31924],[53.36158,24.35074]]],[[[56.36199,25.05728],[56.38331,24.97822],[56.32899,24.97269],[56.30833,24.89517],[56.24166,24.84244],[56.17118,24.82399],[56.12725,24.7457],[56.09914,24.73051],[56.03155,24.75415],[56.00209,24.82301],[55.96478,24.85386],[55.96085,24.88125],[55.97842,24.88611],[56.02927,24.86117],[56.0056,24.95618],[55.97842,24.97176],[55.89698,24.96861],[55.7991,24.88611],[55.7927,24.72229],[55.81823,24.64338],[55.75983,24.55853],[55.77461,24.4259],[55.81089,24.38924],[55.80737,24.34079],[55.7557,24.23033],[55.83032,24.21227],[55.90318,24.23224],[55.93315,24.22072],[55.99785,24.08127],[55.80706,24.00748],[55.76241,24.02815],[55.64687,24.02502],[55.4568,23.96316],[55.46155,23.93056],[55.53059,23.87467],[55.53835,23.77005],[55.4783,23.67636],[55.44533,23.55226],[55.37526,23.46934],[55.3211,23.27509],[55.22591,23.12125],[55.19129,22.99547],[55.18684,22.70358],[55.12039,22.62343],[52.55848,22.93858],[51.57854,24.10184],[51.56935,24.25617],[51.59067,24.28441],[51.59164,24.3286],[51.57399,24.36445],[51.59376,24.38491],[51.62379,24.33934],[51.63445,24.22687],[51.66293,24.23281],[51.67262,24.27806],[51.70069,24.22191],[51.72364,24.22777],[51.7588,24.29051],[51.77947,24.26203],[51.77345,24.15322],[51.80942,24.00068],[51.89357,23.99038],[51.92872,23.96475],[51.93141,23.98798],[51.95289,23.99091],[52.01694,23.98969],[52.06739,23.96345],[52.15553,23.96654],[52.34107,24.00751],[52.57455,24.15209],[52.58074,24.19937],[52.60027,24.20954],[52.68133,24.14081],[52.82765,24.15217],[52.94711,24.13789],[53.00587,24.16584],[53.06723,24.12189],[53.10719,24.13789],[53.1465,24.12132],[53.16342,24.12482],[53.14243,24.16584],[53.16529,24.17031],[53.25375,24.09878],[53.44581,24.11982],[53.47877,24.0937],[53.5193,24.09687],[53.58961,24.04706],[53.65699,24.04853],[53.70281,24.0705],[53.87892,24.06485],[53.95118,24.10375],[54.12257,24.14472],[54.18702,24.2036],[54.25278,24.2211],[54.32301,24.27066],[54.38258,24.25458],[54.42726,24.29214],[54.48561,24.38833],[54.48316,24.42512],[54.49928,24.43268],[54.48561,24.44697],[54.54029,24.43268],[54.51344,24.47431],[54.57439,24.44697],[54.5713,24.47333],[54.49928,24.48794],[54.41733,24.5351],[54.45191,24.55654],[54.4651,24.5351],[54.48561,24.56989],[54.53745,24.49844],[54.56129,24.50161],[54.54029,24.51585],[54.5818,24.50845],[54.6364,24.59781],[54.6159,24.62116],[54.67058,24.66608],[54.64332,24.74868],[54.70704,24.8039],[54.75416,24.79243],[54.77361,24.81477],[54.76002,24.83055],[55.04998,24.99339],[55.04461,25.0139],[55.08229,25.01683],[55.2824,25.26069],[55.31837,25.22529],[55.30112,25.19367],[55.32887,25.20148],[55.30372,25.28303],[55.36329,25.32404],[55.36549,25.35859],[55.38705,25.35708],[55.43897,25.41279],[55.45533,25.39989],[55.4725,25.41279],[55.55104,25.5786],[55.56813,25.58466],[55.54819,25.52949],[55.62631,25.53632],[55.68344,25.62352],[55.77052,25.68716],[55.84246,25.71381],[55.95973,25.82368],[55.93718,25.77668],[55.95232,25.77212],[55.96599,25.83422],[56.03077,25.90086],[56.04103,25.93354],[56.00758,25.90689],[56.0774,26.06105],[56.1627,26.07355],[56.18348,26.01454],[56.17056,25.87682],[56.13965,25.82297],[56.172,25.76525],[56.1412,25.73269],[56.14513,25.67084],[56.2058,25.61777],[56.27905,25.62745],[56.34002,25.60456],[56.36997,25.5257],[56.35922,25.37641],[56.38364,25.31346],[56.36199,25.05728]],[[56.34437,25.26653],[56.34912,25.29403],[56.26062,25.33107],[56.23363,25.31253],[56.24489,25.27799],[56.20837,25.25537],[56.21996,25.21526],[56.34437,25.26653]]],[[[54.292,24.38451],[54.33611,24.35033],[54.30893,24.31387],[54.27906,24.36445],[54.31137,24.35529],[54.292,24.38451]]],[[[54.47055,24.42504],[54.33481,24.45319],[54.33481,24.46894],[54.39625,24.52269],[54.39666,24.48347],[54.47055,24.42504]]],[[[52.31423,24.47565],[52.28321,24.49702],[52.30974,24.5395],[52.33924,24.50155],[52.31423,24.47565]]],[[[56.28833,25.27193],[56.28298,25.25548],[56.26303,25.24922],[56.26508,25.28118],[56.28833,25.27193]]]]}},{"type":"Feature","id":"QAT-all","properties":{"id":"QAT-all","iso3":"QAT","country_ja":"カタール","un_region_ja":"西アジア","area_ja":"全域（住民の生活圏）","level":"やや高い","source_ids":["PEW2025"],"clothing_evidence":"宗教人口・地域分布からの弱い定性推定／着用率未取得","geometry_kind_ja":"国・地域全体","geometry_method":{"type":"country"},"map_number":106},"geometry":{"type":"Polygon","coordinates":[[[50.85963,24.7956],[50.85108,24.89081],[50.79664,25.00361],[50.8086,25.06916],[50.77573,25.09186],[50.75782,25.18623],[50.76385,25.48241],[50.75099,25.4947],[50.79709,25.5299],[50.82049,25.47183],[50.84718,25.46735],[50.83286,25.57852],[50.785,25.60456],[50.85719,25.65082],[50.87615,25.63178],[50.86866,25.55956],[50.89869,25.53221],[50.90919,25.59772],[50.94955,25.59772],[50.97755,25.64615],[50.90317,25.64012],[50.88754,25.68089],[50.90919,25.7451],[50.9017,25.78954],[50.93287,25.81061],[50.94955,25.77529],[50.97299,25.79751],[50.97071,25.83051],[50.94939,25.83796],[50.98422,25.98135],[51.00473,25.96703],[51.04737,26.05305],[51.14186,26.08779],[51.17612,26.13959],[51.25123,26.1601],[51.34685,26.10488],[51.34718,26.03901],[51.37664,26.02289],[51.38844,25.96703],[51.51197,25.94611],[51.57749,25.88085],[51.59449,25.75825],[51.58351,25.74177],[51.56332,25.76289],[51.54461,25.73737],[51.55502,25.72065],[51.57399,25.73493],[51.5901,25.7119],[51.55681,25.68163],[51.55291,25.70759],[51.50514,25.68716],[51.54713,25.66315],[51.54949,25.63117],[51.49138,25.61823],[51.49138,25.5493],[51.47193,25.52139],[51.51694,25.44017],[51.51881,25.29706],[51.59002,25.28376],[51.6076,25.25511],[51.61101,25.02237],[51.58693,24.95344],[51.50026,24.85537],[51.44361,24.67976],[51.38152,24.63508],[51.34059,24.56989],[51.32895,24.58478],[51.34685,24.63508],[51.28598,24.64501],[51.27809,24.66299],[51.22096,24.64423],[51.14745,24.57628],[51.09546,24.56018],[50.97888,24.56773],[50.9286,24.58721],[50.88101,24.6364],[50.80787,24.74665],[50.85279,24.77001],[50.85963,24.7956]]]}},{"type":"Feature","id":"BHR-all","properties":{"id":"BHR-all","iso3":"BHR","country_ja":"バーレーン","un_region_ja":"西アジア","area_ja":"全域（住民の生活圏）","level":"やや高い","source_ids":["PEW2025"],"clothing_evidence":"宗教人口・地域分布からの弱い定性推定／着用率未取得","geometry_kind_ja":"国・地域全体","geometry_method":{"type":"country"},"map_number":107},"geometry":{"type":"MultiPolygon","coordinates":[[[[50.7933,25.65204],[50.81671,25.64444],[50.81165,25.63178],[50.79076,25.63052],[50.7933,25.65204]]],[[[50.77621,25.63875],[50.75659,25.57989],[50.73761,25.59571],[50.7414,25.67419],[50.80089,25.73114],[50.78317,25.69697],[50.79583,25.68494],[50.76229,25.66786],[50.77621,25.63875]]],[[[50.81988,25.67861],[50.81671,25.66912],[50.80848,25.66406],[50.80469,25.67925],[50.81988,25.67861]]],[[[50.7914,25.74886],[50.78064,25.74506],[50.79013,25.75519],[50.7914,25.74886]]],[[[50.61476,26.11115],[50.60353,25.85456],[50.56528,25.78954],[50.53142,25.88524],[50.46778,25.95759],[50.46046,25.9853],[50.4909,26.048],[50.4489,26.16161],[50.46119,26.22525],[50.48146,26.24258],[50.54542,26.22773],[50.59327,26.23859],[50.60353,26.19766],[50.55161,26.19424],[50.59474,26.16031],[50.6199,26.18547],[50.64566,26.14575],[50.63493,26.11569],[50.61476,26.11115]]],[[[50.41917,26.16614],[50.42347,26.11999],[50.3859,26.12321],[50.3977,26.17473],[50.41917,26.16614]]],[[[50.61238,26.24128],[50.60165,26.27885],[50.65532,26.2767],[50.67894,26.20801],[50.65747,26.21123],[50.64781,26.23914],[50.61238,26.24128]]]]}},{"type":"Feature","id":"KWT-all","properties":{"id":"KWT-all","iso3":"KWT","country_ja":"クウェート","un_region_ja":"西アジア","area_ja":"全域（住民の生活圏）","level":"やや高い","source_ids":["PEW2025"],"clothing_evidence":"宗教人口・地域分布からの弱い定性推定／着用率未取得","geometry_kind_ja":"国・地域全体","geometry_method":{"type":"country"},"map_number":108},"geometry":{"type":"MultiPolygon","coordinates":[[[[48.07887,29.74396],[48.18092,29.56222],[48.17676,29.54192],[48.08595,29.57502],[47.96553,29.5763],[47.80704,29.46762],[47.70472,29.36363],[47.8373,29.38751],[47.85115,29.3802],[47.81643,29.33756],[47.8579,29.32303],[47.98574,29.39376],[48.02524,29.35488],[48.10027,29.34995],[48.09538,29.25775],[48.15846,29.01728],[48.22592,28.91828],[48.27947,28.89444],[48.27687,28.83959],[48.32879,28.75996],[48.39357,28.74339],[48.38673,28.67512],[48.36622,28.68871],[48.37989,28.66767],[48.35271,28.66144],[48.35182,28.64053],[48.38673,28.654],[48.39715,28.58332],[48.43278,28.54048],[47.66813,28.53351],[47.58167,28.63148],[47.54995,28.7706],[47.4945,28.90403],[47.43409,28.99459],[46.53244,29.09575],[46.71186,29.27139],[46.85345,29.44456],[47.1447,30.00334],[47.35822,30.09212],[47.67417,30.09822],[47.94801,29.99404],[47.97527,29.94257],[47.99562,29.8277],[48.05242,29.74299],[48.07887,29.74396]]],[[[48.26924,29.42968],[48.2811,29.4711],[48.33823,29.46279],[48.38901,29.42487],[48.39736,29.3875],[48.31687,29.42701],[48.26924,29.42968]]],[[[48.16163,29.62971],[48.08513,29.76781],[48.04607,29.80048],[48.11329,29.8391],[48.11915,29.8736],[48.08513,29.87987],[48.09506,29.89472],[48.1587,29.87922],[48.16082,29.90156],[48.19744,29.92536],[48.14723,29.93513],[48.12086,29.98139],[48.16212,29.99567],[48.18873,29.98355],[48.34449,29.79059],[48.35271,29.70978],[48.30307,29.64521],[48.22901,29.59992],[48.1858,29.60395],[48.16163,29.62971]]],[[[48.10922,30.02798],[48.0311,29.97102],[48.01075,29.98045],[48.0547,30.02448],[48.10922,30.02798]]]]}},{"type":"Feature","id":"PSE-all","properties":{"id":"PSE-all","iso3":"PSE","country_ja":"パレスチナ","un_region_ja":"西アジア","area_ja":"全域（住民の生活圏）","level":"高い","source_ids":["PEW2025"],"clothing_evidence":"宗教人口・地域分布からの弱い定性推定／着用率未取得","geometry_kind_ja":"国・地域全体","geometry_method":{"type":"country"},"map_number":109},"geometry":{"type":"MultiPolygon","coordinates":[[[[34.34584,31.35772],[34.3509,31.28925],[34.24835,31.21145],[34.20027,31.31427],[34.3484,31.43765],[34.4812,31.58314],[34.55603,31.53983],[34.36734,31.39281],[34.34584,31.35772]]],[[[35.00761,32.24439],[35.00937,32.26764],[34.98994,32.27847],[34.99655,32.32304],[35.02156,32.34459],[35.06435,32.46314],[35.20863,32.54264],[35.27044,32.51047],[35.39291,32.49448],[35.40686,32.41479],[35.56096,32.38472],[35.57254,32.25191],[35.55941,32.23759],[35.57254,32.23759],[35.53523,32.11081],[35.54515,32.08683],[35.52282,32.05784],[35.54587,31.94456],[35.52468,31.91924],[35.55941,31.76535],[35.48014,31.64112],[35.45875,31.49157],[35.39012,31.48707],[35.16491,31.36227],[34.92741,31.34491],[34.87883,31.36284],[34.86715,31.39643],[34.92679,31.49441],[34.93733,31.582],[34.97361,31.63037],[35.12574,31.7331],[35.23797,31.70933],[35.26281,31.74863],[35.26494,31.82627],[35.23335,31.84261],[35.22202,31.87918],[35.20526,31.87725],[35.21576,31.82011],[35.18359,31.82512],[35.18617,31.80874],[35.11247,31.82396],[35.07632,31.85416],[34.97743,31.83337],[35.03432,31.86111],[35.03901,31.90864],[34.98669,31.96723],[35.00724,32.02077],[34.95822,32.18645],[35.00761,32.24439]]]]}},{"type":"Feature","id":"ISR-galilee","properties":{"id":"ISR-galilee","iso3":"ISR","country_ja":"イスラエル","un_region_ja":"西アジア","area_ja":"北部（ガリラヤのアラブ系住民の町）","level":"やや高い","source_ids":["PEW2025","IRF-ISR"],"clothing_evidence":"宗教人口・地域分布からの弱い定性推定／着用率未取得","geometry_kind_ja":"緯度経度で囲った概略","geometry_method":{"type":"bbox","bounds":[34.95,32.2,35.65,33.2]},"map_number":110},"geometry":{"type":"Polygon","coordinates":[[[35.636,32.67914],[35.61176,32.6819],[35.56055,32.6409],[35.57998,32.56039],[35.55197,32.52559],[35.57998,32.49773],[35.54515,32.40957],[35.56096,32.38472],[35.40686,32.41479],[35.39291,32.49448],[35.36314,32.51011],[35.27044,32.51047],[35.19075,32.54171],[35.04471,32.43412],[35.02156,32.34459],[34.99655,32.32304],[34.98994,32.27847],[35.00937,32.26764],[35.00761,32.24439],[34.96141,32.20158],[34.96181,32.2],[34.95,32.2],[34.95,32.81709],[34.97047,32.84138],[35.02768,32.82661],[35.06276,32.85834],[35.09962,33.08759],[35.28366,33.10119],[35.34516,33.05558],[35.48014,33.08739],[35.52047,33.2],[35.65,33.2],[35.65,32.68665],[35.636,32.67914]]]}},{"type":"Feature","id":"ISR-negev","properties":{"id":"ISR-negev","iso3":"ISR","country_ja":"イスラエル","un_region_ja":"西アジア","area_ja":"南部（ベエルシェバ北方のラハト周辺）","level":"やや高い","source_ids":["PEW2025","IRF-ISR"],"clothing_evidence":"宗教人口・地域分布からの弱い定性推定／着用率未取得","geometry_kind_ja":"位置の目印（面積を持たない）","geometry_method":{"type":"point","coordinates":[34.76,31.4]},"map_number":111},"geometry":{"type":"Point","coordinates":[34.76,31.4]}},{"type":"Feature","id":"AZE-baku","properties":{"id":"AZE-baku","iso3":"AZE","country_ja":"アゼルバイジャン","un_region_ja":"西アジア","area_ja":"東部バクー周辺の一部","level":"やや高い","source_ids":["PEW2025"],"clothing_evidence":"宗教人口・地域分布からの弱い定性推定／着用率未取得","geometry_kind_ja":"位置の目印（面積を持たない）","geometry_method":{"type":"point","coordinates":[49.87,40.4]},"map_number":112},"geometry":{"type":"Point","coordinates":[49.87,40.4]}},{"type":"Feature","id":"GEO-batumi","properties":{"id":"GEO-batumi","iso3":"GEO","country_ja":"ジョージア","un_region_ja":"西アジア","area_ja":"南西部（黒海沿岸バトゥミ周辺）","level":"やや高い","source_ids":["PEW2025"],"clothing_evidence":"宗教人口・地域分布からの弱い定性推定／着用率未取得","geometry_kind_ja":"位置の目印（面積を持たない）","geometry_method":{"type":"point","coordinates":[41.64,41.65]},"map_number":113},"geometry":{"type":"Point","coordinates":[41.64,41.65]}},{"type":"Feature","id":"UZB-ferghana","properties":{"id":"UZB-ferghana","iso3":"UZB","country_ja":"ウズベキスタン","un_region_ja":"中央アジア","area_ja":"東端（フェルガナ盆地）","level":"やや高い","source_ids":["PEW2025"],"clothing_evidence":"宗教人口・地域分布からの弱い定性推定／着用率未取得","geometry_kind_ja":"緯度経度で囲った概略","geometry_method":{"type":"bbox","bounds":[70.2,40.0,73.3,41.4]},"map_number":114},"geometry":{"type":"MultiPolygon","coordinates":[[[[71.87161,41.19449],[71.97703,41.19521],[72.03377,41.15661],[72.1085,41.1964],[72.15842,41.18787],[72.1856,41.06065],[72.16514,40.99936],[72.28978,41.02354],[72.33236,41.07284],[72.3952,41.02204],[72.48191,41.00882],[72.48336,40.97057],[72.54558,40.95652],[72.61947,40.88009],[72.65823,40.86717],[72.86866,40.86412],[72.87031,40.81818],[73.00343,40.87017],[73.05356,40.83632],[73.14337,40.83384],[73.14864,40.81369],[73.11805,40.78294],[72.78391,40.66966],[72.76003,40.64176],[72.74836,40.5751],[72.66423,40.57778],[72.62547,40.5105],[72.58578,40.50874],[72.44791,40.56047],[72.38156,40.61215],[72.35189,40.60197],[72.37008,40.55773],[72.36347,40.51231],[72.4262,40.45934],[72.39406,40.38942],[72.21164,40.4256],[72.2596,40.44239],[72.25423,40.45831],[72.16586,40.45443],[72.0993,40.42637],[72.04318,40.34932],[71.95667,40.31568],[71.95822,40.28653],[72.01982,40.25873],[72.01889,40.24003],[71.83647,40.24917],[71.77591,40.17993],[71.70718,40.14427],[71.67307,40.14789],[71.66015,40.22447],[71.62832,40.25889],[71.59297,40.19843],[71.52125,40.20375],[71.44136,40.2609],[71.36513,40.29413],[71.28323,40.29842],[71.25382,40.32441],[71.20101,40.26385],[71.05321,40.27423],[70.99513,40.26659],[70.95896,40.23837],[70.62213,40.19956],[70.58182,40.22173],[70.52405,40.34374],[70.37139,40.36493],[70.38493,40.39971],[70.35382,40.45614],[70.36964,40.47552],[70.4778,40.50549],[70.52549,40.55711],[70.7321,40.67499],[70.76713,40.73762],[70.63742,40.77059],[70.62177,40.78599],[70.62874,40.81586],[70.70316,40.78893],[70.70512,40.80743],[70.44571,41.02592],[70.36354,41.03243],[70.33589,40.92696],[70.28039,40.87771],[70.2,40.84833],[70.2,41.4],[70.72848,41.4],[70.7692,41.3521],[70.75628,41.26963],[70.77044,41.23852],[70.82852,41.24911],[70.9142,41.19304],[71.02469,41.18979],[71.12308,41.15821],[71.18013,41.10814],[71.18571,41.18023],[71.20638,41.18875],[71.24152,41.17516],[71.27614,41.11315],[71.32524,41.15733],[71.39366,41.11274],[71.41608,41.12736],[71.41877,41.3474],[71.52383,41.29665],[71.58553,41.32352],[71.62236,41.4],[71.79365,41.4],[71.84701,41.34182],[71.87161,41.19449]],[[70.54978,41.01522],[70.56146,40.9946],[70.64507,40.93518],[70.61665,40.99352],[70.54978,41.01522]]],[[[70.95405,40.0958],[70.97714,40.14458],[71.00856,40.15776],[71.07884,40.07864],[71.17693,40.042],[71.22374,40.05787],[71.244,40.04676],[71.18259,40.0],[71.0288,40.0],[70.98314,40.02138],[70.95405,40.0958]]]]}},{"type":"Feature","id":"KGZ-osh","properties":{"id":"KGZ-osh","iso3":"KGZ","country_ja":"キルギス","un_region_ja":"中央アジア","area_ja":"南西部（オシ周辺、フェルガナ盆地の縁）","level":"やや高い","source_ids":["PEW2025"],"clothing_evidence":"宗教人口・地域分布からの弱い定性推定／着用率未取得","geometry_kind_ja":"緯度経度で囲った概略","geometry_method":{"type":"bbox","bounds":[71.7,39.3,74.0,41.2]},"map_number":115},"geometry":{"type":"Polygon","coordinates":[[[73.96637,40.03327],[73.94404,39.97007],[73.8932,39.91813],[73.88069,39.86501],[73.82302,39.80568],[73.82953,39.74698],[73.89351,39.71039],[73.92678,39.59288],[73.87046,39.54679],[73.82074,39.46819],[73.63264,39.44834],[73.47689,39.46478],[73.36764,39.4438],[73.32641,39.39088],[73.16786,39.35538],[73.07113,39.37073],[73.00932,39.34861],[72.83527,39.3562],[72.63374,39.3945],[72.57576,39.3593],[72.51901,39.37569],[72.47674,39.34613],[72.39323,39.35083],[72.31634,39.32881],[72.29829,39.3],[72.0828,39.3],[72.04979,39.36886],[71.87567,39.3],[71.72899,39.3],[71.7109,39.32096],[71.74811,39.37956],[71.74025,39.44834],[71.7,39.44744],[71.7,39.91328],[71.7573,39.9031],[71.78552,39.98971],[71.7,39.96117],[71.7,40.14503],[71.70718,40.14427],[71.77591,40.17993],[71.83647,40.24917],[72.01889,40.24003],[72.01982,40.25873],[71.95822,40.28653],[71.95667,40.31568],[72.04318,40.34932],[72.0993,40.42637],[72.16586,40.45443],[72.25423,40.45831],[72.2596,40.44239],[72.21164,40.4256],[72.39406,40.38942],[72.4262,40.45934],[72.36347,40.51231],[72.37008,40.55773],[72.35189,40.60197],[72.38156,40.61215],[72.44791,40.56047],[72.58578,40.50874],[72.62547,40.5105],[72.66423,40.57778],[72.74836,40.5751],[72.76003,40.64176],[72.78391,40.66966],[73.07061,40.76247],[73.14864,40.81369],[73.14337,40.83384],[73.05356,40.83632],[73.00343,40.87017],[72.87031,40.81818],[72.86866,40.86412],[72.65823,40.86717],[72.61947,40.88009],[72.54558,40.95652],[72.48336,40.97057],[72.48191,41.00882],[72.3952,41.02204],[72.33236,41.07284],[72.28978,41.02354],[72.16514,40.99936],[72.1856,41.06065],[72.15842,41.18787],[72.1085,41.1964],[72.03377,41.15661],[71.97703,41.19521],[71.87161,41.19449],[71.87069,41.2],[74.0,41.2],[74.0,40.05789],[73.96637,40.03327]]]}},{"type":"Feature","id":"ALB-tirana","properties":{"id":"ALB-tirana","iso3":"ALB","country_ja":"アルバニア","un_region_ja":"南ヨーロッパ","area_ja":"中西部ティラナの一部","level":"やや高い","source_ids":["PEW2025"],"clothing_evidence":"宗教人口・地域分布からの弱い定性推定／着用率未取得","geometry_kind_ja":"位置の目印（面積を持たない）","geometry_method":{"type":"point","coordinates":[19.82,41.33]},"map_number":116},"geometry":{"type":"Point","coordinates":[19.82,41.33]}},{"type":"Feature","id":"XKX-prizren","properties":{"id":"XKX-prizren","iso3":"XKX","country_ja":"コソボ","un_region_ja":"南ヨーロッパ","area_ja":"南部プリズレン周辺","level":"やや高い","source_ids":["PEW2025"],"clothing_evidence":"宗教人口・地域分布からの弱い定性推定／着用率未取得","geometry_kind_ja":"位置の目印（面積を持たない）","geometry_method":{"type":"point","coordinates":[20.74,42.21]},"map_number":117},"geometry":{"type":"Point","coordinates":[20.74,42.21]}},{"type":"Feature","id":"BIH-sarajevo","properties":{"id":"BIH-sarajevo","iso3":"BIH","country_ja":"ボスニア・ヘルツェゴビナ","un_region_ja":"南ヨーロッパ","area_ja":"中東部サラエボ周辺","level":"やや高い","source_ids":["PEW2025"],"clothing_evidence":"宗教人口・地域分布からの弱い定性推定／着用率未取得","geometry_kind_ja":"位置の目印（面積を持たない）","geometry_method":{"type":"point","coordinates":[18.42,43.86]},"map_number":118},"geometry":{"type":"Point","coordinates":[18.42,43.86]}},{"type":"Feature","id":"MKD-tetovo","properties":{"id":"MKD-tetovo","iso3":"MKD","country_ja":"北マケドニア","un_region_ja":"南ヨーロッパ","area_ja":"北西部（テトヴォ周辺）","level":"やや高い","source_ids":["PEW2025","IRF-MKD"],"clothing_evidence":"宗教人口・地域分布からの弱い定性推定／着用率未取得","geometry_kind_ja":"位置の目印（面積を持たない）","geometry_method":{"type":"point","coordinates":[20.97,42.01]},"map_number":119},"geometry":{"type":"Point","coordinates":[20.97,42.01]}},{"type":"Feature","id":"SRB-novi-pazar","properties":{"id":"SRB-novi-pazar","iso3":"SRB","country_ja":"セルビア","un_region_ja":"南ヨーロッパ","area_ja":"南西部（ノヴィ・パザル周辺）","level":"やや高い","source_ids":["PEW2025"],"clothing_evidence":"宗教人口・地域分布からの弱い定性推定／着用率未取得","geometry_kind_ja":"位置の目印（面積を持たない）","geometry_method":{"type":"point","coordinates":[20.52,43.14]},"map_number":120},"geometry":{"type":"Point","coordinates":[20.52,43.14]}},{"type":"Feature","id":"MNE-ulcinj","properties":{"id":"MNE-ulcinj","iso3":"MNE","country_ja":"モンテネグロ","un_region_ja":"南ヨーロッパ","area_ja":"南東部（アルバニア国境沿いのウルツィニ周辺）","level":"やや高い","source_ids":["PEW2025","IRF-MNE"],"clothing_evidence":"宗教人口・地域分布からの弱い定性推定／着用率未取得","geometry_kind_ja":"位置の目印（面積を持たない）","geometry_method":{"type":"point","coordinates":[19.2,41.93]},"map_number":121},"geometry":{"type":"Point","coordinates":[19.2,41.93]}},{"type":"Feature","id":"BGR-south","properties":{"id":"BGR-south","iso3":"BGR","country_ja":"ブルガリア","un_region_ja":"東ヨーロッパ","area_ja":"南部（ギリシャ国境近くの山地・町）","level":"やや高い","source_ids":["PEW2025","IRF-BGR"],"clothing_evidence":"宗教人口・地域分布からの弱い定性推定／着用率未取得","geometry_kind_ja":"緯度経度で囲った概略","geometry_method":{"type":"bbox","bounds":[23.4,41.35,26.0,42.1]},"map_number":122},"geometry":{"type":"Polygon","coordinates":[[[26.0,41.35],[25.0569,41.35],[24.88637,41.40063],[24.80327,41.39267],[24.7948,41.35],[24.77205,41.35],[24.69919,41.40895],[24.58044,41.44052],[24.51016,41.56165],[24.43885,41.5277],[24.29612,41.51525],[24.25075,41.56346],[24.19628,41.54703],[24.17024,41.51158],[24.0766,41.53602],[24.04735,41.52573],[24.052,41.463],[24.03474,41.45132],[24.00074,41.46414],[23.94989,41.43758],[23.8948,41.46434],[23.77708,41.42905],[23.75445,41.40068],[23.67218,41.40295],[23.61244,41.37102],[23.51301,41.39773],[23.41452,41.3999],[23.4,41.39488],[23.4,42.1],[26.0,42.1],[26.0,41.35]]]}},{"type":"Feature","id":"GRC-thrace","properties":{"id":"GRC-thrace","iso3":"GRC","country_ja":"ギリシャ","un_region_ja":"南ヨーロッパ","area_ja":"北東端（トルコ・ブルガリア国境寄り）","level":"やや高い","source_ids":["PEW2025"],"clothing_evidence":"宗教人口・地域分布からの弱い定性推定／着用率未取得","geometry_kind_ja":"緯度経度で囲った概略","geometry_method":{"type":"bbox","bounds":[24.3,40.8,26.55,41.75]},"map_number":123},"geometry":{"type":"MultiPolygon","coordinates":[[[[26.41211,41.2657],[26.32054,41.24622],[26.33605,41.22891],[26.32106,41.18762],[26.33605,41.15258],[26.31734,41.1223],[26.33946,41.11449],[26.32509,41.07408],[26.37418,41.03114],[26.36809,41.00773],[26.33315,40.99073],[26.35909,40.96468],[26.2944,40.92665],[26.30401,40.90903],[26.26039,40.92045],[26.2392,40.88567],[26.22618,40.89931],[26.21202,40.84743],[26.15673,40.8],[26.01671,40.8],[26.00587,40.80394],[26.05372,40.81623],[26.05397,40.83096],[26.01222,40.82445],[25.99838,40.83877],[25.99838,40.81704],[25.91863,40.85297],[25.53777,40.87043],[25.29965,40.95185],[25.26612,40.92691],[25.18068,40.94269],[25.13404,40.96288],[25.16993,40.9958],[25.13844,41.01008],[25.03907,41.00605],[25.03956,40.98957],[24.99171,40.96845],[24.98976,40.94212],[24.8921,40.92064],[24.80201,40.85346],[24.7658,40.86542],[24.70875,40.85175],[24.66277,40.87971],[24.62867,40.85859],[24.56666,40.95173],[24.50514,40.96162],[24.39177,40.93647],[24.31267,40.87971],[24.33131,40.85505],[24.30568,40.84174],[24.34067,40.83129],[24.3,40.81304],[24.3,41.51559],[24.43885,41.5277],[24.51016,41.56165],[24.58044,41.44052],[24.69919,41.40895],[24.77444,41.34807],[24.79428,41.3474],[24.80327,41.39267],[24.88637,41.40063],[25.10186,41.33665],[25.21968,41.24973],[25.28572,41.2394],[25.50509,41.28058],[25.55149,41.31567],[25.67996,41.29717],[25.81101,41.34104],[25.88202,41.30404],[26.12086,41.35779],[26.17564,41.43189],[26.14588,41.47804],[26.16314,41.52915],[26.1312,41.55266],[26.11528,41.61663],[26.05503,41.64875],[26.0481,41.68908],[26.10836,41.72789],[26.22618,41.74968],[26.27393,41.7149],[26.35961,41.7149],[26.47619,41.67573],[26.46441,41.64852],[26.55,41.60458],[26.55,41.34881],[26.54017,41.35179],[26.41211,41.2657]]],[[[24.65952,40.8],[24.63726,40.8],[24.64226,40.80394],[24.65952,40.8]]]]}},{"type":"Feature","id":"RUS-caucasus","properties":{"id":"RUS-caucasus","iso3":"RUS","country_ja":"ロシア","un_region_ja":"東ヨーロッパ","area_ja":"南西部（カスピ海西岸～北コーカサス東部）","level":"高い","source_ids":["PEW2025","IRF-RUS","PEW_ATTIRE"],"clothing_evidence":"服装の質的資料あり／地域の率は未取得","geometry_kind_ja":"行政区を束ねた概略","geometry_method":{"type":"admin1","names":["Chechnya","Ingush","Dagestan"]},"map_number":124},"geometry":{"type":"MultiPolygon","coordinates":[[[[45.62138,42.22448],[45.73641,42.44754],[45.73962,42.47147],[45.69869,42.50759],[45.53684,42.54136],[45.32269,42.53012],[45.28269,42.58639],[45.21233,42.64544],[45.1842,42.67484],[45.16941,42.68147],[45.15536,42.69326],[45.1437,42.69299],[45.12296,42.70228],[45.03778,42.68992],[44.85936,42.75951],[44.77347,42.60965],[44.73637,42.67755],[44.72901,42.68351],[44.72448,42.69104],[44.70818,42.70038],[44.67942,42.72367],[44.65199,42.73257],[44.63876,42.74015],[44.6156,42.7785],[44.62842,42.88278],[44.76474,42.8387],[44.85218,42.8364],[44.93248,42.91374],[44.94437,42.95412],[44.92401,42.98549],[44.92266,43.06125],[44.84877,43.11194],[44.80856,43.1724],[44.67172,43.25214],[44.64134,43.23679],[44.66015,43.20858],[44.57488,43.24031],[44.5724,43.39249],[44.49778,43.39694],[44.52197,43.56447],[44.54326,43.5968],[44.62129,43.60979],[44.6216,43.54845],[44.69611,43.56163],[44.70573,43.61336],[44.77404,43.61853],[44.79492,43.58137],[44.89462,43.55993],[44.83854,43.58411],[44.83874,43.66106],[44.89259,43.65212],[44.96142,43.67139],[44.99997,43.70457],[45.00442,43.75821],[45.07687,43.78139],[45.08234,43.87649],[45.05547,43.91117],[45.0688,43.94548],[45.19789,43.95029],[45.22104,43.88275],[45.43178,43.87861],[45.45369,43.89451],[45.45317,43.99447],[45.5094,44.01519],[45.52397,44.16867],[45.51157,44.18862],[45.34135,44.2003],[45.30021,44.18325],[45.10498,44.2158],[45.13071,44.26831],[45.40449,44.3175],[45.44687,44.39241],[45.41049,44.4392],[45.22621,44.46597],[45.23934,44.52069],[45.272,44.53886],[45.2658,44.58513],[45.38227,44.62058],[45.43488,44.61748],[45.64634,44.79975],[45.62236,44.90344],[45.70598,44.97578],[45.85367,45.00051],[46.43368,44.93656],[46.77196,44.81065],[46.79294,44.76507],[46.85113,44.78812],[46.88988,44.78073],[46.88814,44.75187],[46.83131,44.69636],[46.79168,44.70604],[46.74627,44.65404],[46.72202,44.65534],[46.70777,44.56973],[46.72315,44.54946],[46.68043,44.52847],[46.70094,44.44619],[46.75896,44.40058],[46.76656,44.39941],[46.7732,44.39468],[46.79265,44.3954],[47.02564,44.35961],[47.12224,44.22272],[47.18002,44.20287],[47.22169,44.23078],[47.24594,44.21198],[47.28989,44.093],[47.35792,44.02058],[47.43263,43.87617],[47.46193,43.8603],[47.44142,43.81928],[47.48276,43.8249],[47.50278,43.78099],[47.44459,43.73847],[47.43393,43.71625],[47.45509,43.68895],[47.39357,43.60639],[47.36573,43.62067],[47.40431,43.51138],[47.4485,43.51813],[47.46534,43.55215],[47.54444,43.86522],[47.59571,43.90119],[47.70151,43.8745],[47.64381,43.8299],[47.60157,43.76569],[47.4909,43.46284],[47.49342,43.29633],[47.57032,43.33373],[47.5857,43.29955],[47.48585,43.21284],[47.48243,43.12727],[47.45509,43.09992],[47.46193,43.02082],[47.53012,42.9621],[47.58985,42.94269],[47.62159,42.9051],[47.69809,42.86713],[47.72731,42.66279],[47.86769,42.58466],[47.99293,42.41966],[48.09596,42.3498],[48.22234,42.17512],[48.30405,42.10273],[48.38673,41.9372],[48.55291,41.87556],[48.57895,41.84528],[48.45542,41.71441],[48.37015,41.58015],[48.20184,41.49349],[48.05353,41.46129],[48.00165,41.36208],[47.95323,41.35577],[47.89215,41.28327],[47.89438,41.22569],[47.8832,41.21727],[47.74373,41.19268],[47.6225,41.22906],[47.54731,41.20565],[47.50095,41.24632],[47.37559,41.25945],[47.2623,41.31083],[47.24946,41.32771],[47.23906,41.41572],[47.15932,41.50351],[47.14139,41.5524],[47.10749,41.56992],[47.02703,41.55695],[47.00393,41.60542],[46.90223,41.71275],[46.83479,41.73024],[46.76911,41.77572],[46.74079,41.85124],[46.56758,41.78668],[46.54432,41.81476],[46.54355,41.87429],[46.52551,41.8823],[46.43089,41.89044],[46.38206,41.92525],[46.29416,41.93863],[46.22434,41.99348],[46.09918,41.98506],[46.05846,42.02033],[45.93413,42.02849],[45.88136,42.10203],[45.8116,42.11549],[45.63141,42.20117],[45.62138,42.22448]],[[45.82907,42.49144],[45.94834,42.57508],[45.82626,42.49079],[45.82907,42.49144]],[[45.96584,42.61401],[45.96198,42.6158],[45.94834,42.57508],[45.96584,42.61401]],[[46.05521,43.82191],[46.05655,43.81994],[46.05845,43.82219],[46.05521,43.82191]],[[46.04838,43.90435],[46.04754,43.91096],[46.04648,43.903],[46.04838,43.90435]],[[46.04466,43.93365],[45.83165,43.9785],[46.04491,43.9317],[46.04466,43.93365]],[[45.11769,43.21039],[45.10332,43.32268],[45.08041,43.39213],[45.11769,43.21039]],[[45.16535,43.13367],[45.1672,43.13781],[45.11769,43.21039],[45.16535,43.13367]],[[45.1758,42.81277],[45.17081,42.82516],[45.1366,42.83514],[45.1758,42.81277]],[[45.07056,42.71357],[45.17929,42.80411],[45.17771,42.80804],[45.07056,42.71357]]],[[[47.6657,43.99628],[47.85108,43.99921],[47.86687,43.98379],[47.76295,43.92841],[47.64283,43.9444],[47.62818,43.96259],[47.6657,43.99628]]]]}},{"type":"Feature","id":"RUS-kazan","properties":{"id":"RUS-kazan","iso3":"RUS","country_ja":"ロシア","un_region_ja":"東ヨーロッパ","area_ja":"西部内陸（カザン周辺、ボルガ川中流）","level":"やや高い","source_ids":["PEW2025","IRF-RUS"],"clothing_evidence":"宗教人口・地域分布からの弱い定性推定／着用率未取得","geometry_kind_ja":"位置の目印（面積を持たない）","geometry_method":{"type":"point","coordinates":[49.11,55.79]},"map_number":125},"geometry":{"type":"Point","coordinates":[49.11,55.79]}},{"type":"Feature","id":"GBR-london","properties":{"id":"GBR-london","iso3":"GBR","country_ja":"イギリス","un_region_ja":"北ヨーロッパ","area_ja":"南東部ロンドン東部（タワーハムレッツなど）","level":"やや高い","source_ids":["PEW2025","ONS2021"],"clothing_evidence":"宗教人口・地域分布からの弱い定性推定／着用率未取得","geometry_kind_ja":"位置の目印（面積を持たない）","geometry_method":{"type":"point","coordinates":[-0.03,51.52]},"map_number":126},"geometry":{"type":"Point","coordinates":[-0.03,51.52]}},{"type":"Feature","id":"GBR-birmingham","properties":{"id":"GBR-birmingham","iso3":"GBR","country_ja":"イギリス","un_region_ja":"北ヨーロッパ","area_ja":"中部バーミンガムの一部","level":"やや高い","source_ids":["PEW2025","ONS2021"],"clothing_evidence":"宗教人口・地域分布からの弱い定性推定／着用率未取得","geometry_kind_ja":"位置の目印（面積を持たない）","geometry_method":{"type":"point","coordinates":[-1.89,52.48]},"map_number":127},"geometry":{"type":"Point","coordinates":[-1.89,52.48]}},{"type":"Feature","id":"GBR-bradford","properties":{"id":"GBR-bradford","iso3":"GBR","country_ja":"イギリス","un_region_ja":"北ヨーロッパ","area_ja":"北部ブラッドフォード周辺","level":"やや高い","source_ids":["PEW2025","ONS2021"],"clothing_evidence":"宗教人口・地域分布からの弱い定性推定／着用率未取得","geometry_kind_ja":"位置の目印（面積を持たない）","geometry_method":{"type":"point","coordinates":[-1.75,53.79]},"map_number":128},"geometry":{"type":"Point","coordinates":[-1.75,53.79]}},{"type":"Feature","id":"GBR-blackburn","properties":{"id":"GBR-blackburn","iso3":"GBR","country_ja":"イギリス","un_region_ja":"北ヨーロッパ","area_ja":"北西部ブラックバーン周辺","level":"やや高い","source_ids":["PEW2025","ONS2021"],"clothing_evidence":"宗教人口・地域分布からの弱い定性推定／着用率未取得","geometry_kind_ja":"位置の目印（面積を持たない）","geometry_method":{"type":"point","coordinates":[-2.48,53.75]},"map_number":129},"geometry":{"type":"Point","coordinates":[-2.48,53.75]}},{"type":"Feature","id":"FRA-paris","properties":{"id":"FRA-paris","iso3":"FRA","country_ja":"フランス","un_region_ja":"西ヨーロッパ","area_ja":"北部パリと周辺の一部","level":"やや高い","source_ids":["PEW2025","INSEE2020"],"clothing_evidence":"服装調査あり（地図の各範囲を直接測定したものではない）","geometry_kind_ja":"位置の目印（面積を持たない）","geometry_method":{"type":"point","coordinates":[2.35,48.88]},"map_number":130},"geometry":{"type":"Point","coordinates":[2.35,48.88]}},{"type":"Feature","id":"FRA-marseille","properties":{"id":"FRA-marseille","iso3":"FRA","country_ja":"フランス","un_region_ja":"西ヨーロッパ","area_ja":"南東岸マルセイユの一部","level":"やや高い","source_ids":["PEW2025","INSEE2020"],"clothing_evidence":"服装調査あり（地図の各範囲を直接測定したものではない）","geometry_kind_ja":"位置の目印（面積を持たない）","geometry_method":{"type":"point","coordinates":[5.38,43.31]},"map_number":131},"geometry":{"type":"Point","coordinates":[5.38,43.31]}},{"type":"Feature","id":"DEU-ruhr","properties":{"id":"DEU-ruhr","iso3":"DEU","country_ja":"ドイツ","un_region_ja":"西ヨーロッパ","area_ja":"西部（ルール地方の都市部の一部）","level":"やや高い","source_ids":["PEW2025","BAMF2020"],"clothing_evidence":"服装調査あり（地図の各範囲を直接測定したものではない）","geometry_kind_ja":"位置の目印（面積を持たない）","geometry_method":{"type":"point","coordinates":[7.01,51.46]},"map_number":132},"geometry":{"type":"Point","coordinates":[7.01,51.46]}},{"type":"Feature","id":"DEU-berlin","properties":{"id":"DEU-berlin","iso3":"DEU","country_ja":"ドイツ","un_region_ja":"西ヨーロッパ","area_ja":"北東部ベルリンの一部","level":"やや高い","source_ids":["PEW2025","BAMF2020"],"clothing_evidence":"服装調査あり（地図の各範囲を直接測定したものではない）","geometry_kind_ja":"位置の目印（面積を持たない）","geometry_method":{"type":"point","coordinates":[13.41,52.49]},"map_number":133},"geometry":{"type":"Point","coordinates":[13.41,52.49]}},{"type":"Feature","id":"NLD-rotterdam","properties":{"id":"NLD-rotterdam","iso3":"NLD","country_ja":"オランダ","un_region_ja":"西ヨーロッパ","area_ja":"西部ロッテルダムの一部","level":"やや高い","source_ids":["PEW2025","FRA2024"],"clothing_evidence":"宗教人口・地域分布からの弱い定性推定／着用率未取得","geometry_kind_ja":"位置の目印（面積を持たない）","geometry_method":{"type":"point","coordinates":[4.48,51.92]},"map_number":134},"geometry":{"type":"Point","coordinates":[4.48,51.92]}},{"type":"Feature","id":"NLD-amsterdam","properties":{"id":"NLD-amsterdam","iso3":"NLD","country_ja":"オランダ","un_region_ja":"西ヨーロッパ","area_ja":"西部アムステルダムの一部","level":"やや高い","source_ids":["PEW2025","FRA2024"],"clothing_evidence":"宗教人口・地域分布からの弱い定性推定／着用率未取得","geometry_kind_ja":"位置の目印（面積を持たない）","geometry_method":{"type":"point","coordinates":[4.9,52.37]},"map_number":135},"geometry":{"type":"Point","coordinates":[4.9,52.37]}},{"type":"Feature","id":"BEL-brussels","properties":{"id":"BEL-brussels","iso3":"BEL","country_ja":"ベルギー","un_region_ja":"西ヨーロッパ","area_ja":"中部ブリュッセルの一部","level":"やや高い","source_ids":["PEW2025","FRA2024"],"clothing_evidence":"宗教人口・地域分布からの弱い定性推定／着用率未取得","geometry_kind_ja":"位置の目印（面積を持たない）","geometry_method":{"type":"point","coordinates":[4.35,50.85]},"map_number":136},"geometry":{"type":"Point","coordinates":[4.35,50.85]}},{"type":"Feature","id":"SWE-malmo","properties":{"id":"SWE-malmo","iso3":"SWE","country_ja":"スウェーデン","un_region_ja":"北ヨーロッパ","area_ja":"最南部マルメの一部","level":"やや高い","source_ids":["PEW2025","FRA2024"],"clothing_evidence":"宗教人口・地域分布からの弱い定性推定／着用率未取得","geometry_kind_ja":"位置の目印（面積を持たない）","geometry_method":{"type":"point","coordinates":[13.0,55.61]},"map_number":137},"geometry":{"type":"Point","coordinates":[13.0,55.61]}},{"type":"Feature","id":"SWE-stockholm","properties":{"id":"SWE-stockholm","iso3":"SWE","country_ja":"スウェーデン","un_region_ja":"北ヨーロッパ","area_ja":"東岸ストックホルムの一部","level":"やや高い","source_ids":["PEW2025","FRA2024"],"clothing_evidence":"宗教人口・地域分布からの弱い定性推定／着用率未取得","geometry_kind_ja":"位置の目印（面積を持たない）","geometry_method":{"type":"point","coordinates":[18.06,59.33]},"map_number":138},"geometry":{"type":"Point","coordinates":[18.06,59.33]}},{"type":"Feature","id":"DNK-copenhagen","properties":{"id":"DNK-copenhagen","iso3":"DNK","country_ja":"デンマーク","un_region_ja":"北ヨーロッパ","area_ja":"東部コペンハーゲンの一部","level":"やや高い","source_ids":["PEW2025","FRA2024"],"clothing_evidence":"宗教人口・地域分布からの弱い定性推定／着用率未取得","geometry_kind_ja":"位置の目印（面積を持たない）","geometry_method":{"type":"point","coordinates":[12.55,55.69]},"map_number":139},"geometry":{"type":"Point","coordinates":[12.55,55.69]}},{"type":"Feature","id":"AUT-vienna","properties":{"id":"AUT-vienna","iso3":"AUT","country_ja":"オーストリア","un_region_ja":"西ヨーロッパ","area_ja":"東部ウィーンの一部","level":"やや高い","source_ids":["PEW2025","FRA2024"],"clothing_evidence":"宗教人口・地域分布からの弱い定性推定／着用率未取得","geometry_kind_ja":"位置の目印（面積を持たない）","geometry_method":{"type":"point","coordinates":[16.37,48.21]},"map_number":140},"geometry":{"type":"Point","coordinates":[16.37,48.21]}},{"type":"Feature","id":"ITA-milan","properties":{"id":"ITA-milan","iso3":"ITA","country_ja":"イタリア","un_region_ja":"南ヨーロッパ","area_ja":"北部ミラノの一部","level":"やや高い","source_ids":["PEW2025","FRA2024"],"clothing_evidence":"宗教人口・地域分布からの弱い定性推定／着用率未取得","geometry_kind_ja":"位置の目印（面積を持たない）","geometry_method":{"type":"point","coordinates":[9.19,45.47]},"map_number":141},"geometry":{"type":"Point","coordinates":[9.19,45.47]}},{"type":"Feature","id":"ESP-barcelona","properties":{"id":"ESP-barcelona","iso3":"ESP","country_ja":"スペイン","un_region_ja":"南ヨーロッパ","area_ja":"北東部バルセロナの一部","level":"やや高い","source_ids":["PEW2025","FRA2024"],"clothing_evidence":"宗教人口・地域分布からの弱い定性推定／着用率未取得","geometry_kind_ja":"位置の目印（面積を持たない）","geometry_method":{"type":"point","coordinates":[2.17,41.39]},"map_number":142},"geometry":{"type":"Point","coordinates":[2.17,41.39]}},{"type":"Feature","id":"ESP-ceuta","properties":{"id":"ESP-ceuta","iso3":"ESP","country_ja":"スペイン","un_region_ja":"南ヨーロッパ","area_ja":"アフリカ側の飛び地セウタ","level":"やや高い","source_ids":["PEW2025"],"clothing_evidence":"宗教人口・地域分布からの弱い定性推定／着用率未取得","geometry_kind_ja":"位置の目印（面積を持たない）","geometry_method":{"type":"point","coordinates":[-5.32,35.89]},"map_number":143},"geometry":{"type":"Point","coordinates":[-5.32,35.89]}},{"type":"Feature","id":"ESP-melilla","properties":{"id":"ESP-melilla","iso3":"ESP","country_ja":"スペイン","un_region_ja":"南ヨーロッパ","area_ja":"アフリカ側の飛び地メリリャ","level":"やや高い","source_ids":["PEW2025"],"clothing_evidence":"宗教人口・地域分布からの弱い定性推定／着用率未取得","geometry_kind_ja":"位置の目印（面積を持たない）","geometry_method":{"type":"point","coordinates":[-2.94,35.29]},"map_number":144},"geometry":{"type":"Point","coordinates":[-2.94,35.29]}},{"type":"Feature","id":"CAN-toronto","properties":{"id":"CAN-toronto","iso3":"CAN","country_ja":"カナダ","un_region_ja":"北アメリカ","area_ja":"南東部トロントの一部","level":"やや高い","source_ids":["STATCAN2021","ENVIRONICS2016","PEW2025"],"clothing_evidence":"服装調査あり（地図の各範囲を直接測定したものではない）","geometry_kind_ja":"位置の目印（面積を持たない）","geometry_method":{"type":"point","coordinates":[-79.38,43.65]},"map_number":145},"geometry":{"type":"Point","coordinates":[-79.38,43.65]}},{"type":"Feature","id":"CAN-montreal","properties":{"id":"CAN-montreal","iso3":"CAN","country_ja":"カナダ","un_region_ja":"北アメリカ","area_ja":"南東部モントリオールの一部","level":"やや高い","source_ids":["PEW2025","STATCAN2021","ENVIRONICS2016"],"clothing_evidence":"服装調査あり（地図の各範囲を直接測定したものではない）","geometry_kind_ja":"位置の目印（面積を持たない）","geometry_method":{"type":"point","coordinates":[-73.57,45.5]},"map_number":146},"geometry":{"type":"Point","coordinates":[-73.57,45.5]}},{"type":"Feature","id":"USA-detroit","properties":{"id":"USA-detroit","iso3":"USA","country_ja":"アメリカ合衆国","un_region_ja":"北アメリカ","area_ja":"北東寄りの五大湖周辺（デトロイト西郊など）","level":"やや高い","source_ids":["PEW2025","PEW_US2017"],"clothing_evidence":"服装調査あり（地図の各範囲を直接測定したものではない）","geometry_kind_ja":"位置の目印（面積を持たない）","geometry_method":{"type":"point","coordinates":[-83.18,42.32]},"map_number":147},"geometry":{"type":"Point","coordinates":[-83.18,42.32]}},{"type":"Feature","id":"USA-minneapolis","properties":{"id":"USA-minneapolis","iso3":"USA","country_ja":"アメリカ合衆国","un_region_ja":"北アメリカ","area_ja":"北部内陸ミネアポリスの一部","level":"やや高い","source_ids":["PEW2025","PEW_US2017"],"clothing_evidence":"服装調査あり（地図の各範囲を直接測定したものではない）","geometry_kind_ja":"位置の目印（面積を持たない）","geometry_method":{"type":"point","coordinates":[-93.24,44.97]},"map_number":148},"geometry":{"type":"Point","coordinates":[-93.24,44.97]}},{"type":"Feature","id":"USA-new-york","properties":{"id":"USA-new-york","iso3":"USA","country_ja":"アメリカ合衆国","un_region_ja":"北アメリカ","area_ja":"北東岸ニューヨークの一部","level":"やや高い","source_ids":["PEW2025","PEW_US2017"],"clothing_evidence":"服装調査あり（地図の各範囲を直接測定したものではない）","geometry_kind_ja":"位置の目印（面積を持たない）","geometry_method":{"type":"point","coordinates":[-73.95,40.72]},"map_number":149},"geometry":{"type":"Point","coordinates":[-73.95,40.72]}},{"type":"Feature","id":"SUR-paramaribo","properties":{"id":"SUR-paramaribo","iso3":"SUR","country_ja":"スリナム","un_region_ja":"南アメリカ","area_ja":"北部海岸（パラマリボ周辺）","level":"やや高い","source_ids":["PEW2025"],"clothing_evidence":"宗教人口・地域分布からの弱い定性推定／着用率未取得","geometry_kind_ja":"位置の目印（面積を持たない）","geometry_method":{"type":"point","coordinates":[-55.2,5.83]},"map_number":150},"geometry":{"type":"Point","coordinates":[-55.2,5.83]}},{"type":"Feature","id":"GUY-georgetown","properties":{"id":"GUY-georgetown","iso3":"GUY","country_ja":"ガイアナ","un_region_ja":"南アメリカ","area_ja":"北東部海岸（ジョージタウン周辺）","level":"やや高い","source_ids":["PEW2025"],"clothing_evidence":"宗教人口・地域分布からの弱い定性推定／着用率未取得","geometry_kind_ja":"位置の目印（面積を持たない）","geometry_method":{"type":"point","coordinates":[-58.16,6.81]},"map_number":151},"geometry":{"type":"Point","coordinates":[-58.16,6.81]}},{"type":"Feature","id":"TTO-chaguanas","properties":{"id":"TTO-chaguanas","iso3":"TTO","country_ja":"トリニダード・トバゴ","un_region_ja":"カリブ海","area_ja":"トリニダード島の中西部（チャグアナス周辺）","level":"やや高い","source_ids":["PEW2025"],"clothing_evidence":"宗教人口・地域分布からの弱い定性推定／着用率未取得","geometry_kind_ja":"位置の目印（面積を持たない）","geometry_method":{"type":"point","coordinates":[-61.41,10.52]},"map_number":152},"geometry":{"type":"Point","coordinates":[-61.41,10.52]}},{"type":"Feature","id":"AUS-sydney","properties":{"id":"AUS-sydney","iso3":"AUS","country_ja":"オーストラリア","un_region_ja":"オーストラリア・ニュージーランド","area_ja":"南東岸シドニーの西部・南西部の一部","level":"やや高い","source_ids":["ABS2021","PEW2025"],"clothing_evidence":"宗教人口・地域分布からの弱い定性推定／着用率未取得","geometry_kind_ja":"位置の目印（面積を持たない）","geometry_method":{"type":"point","coordinates":[150.99,-33.92]},"map_number":153},"geometry":{"type":"Point","coordinates":[150.99,-33.92]}},{"type":"Feature","id":"AUS-melbourne","properties":{"id":"AUS-melbourne","iso3":"AUS","country_ja":"オーストラリア","un_region_ja":"オーストラリア・ニュージーランド","area_ja":"南東部メルボルン北部などの一部","level":"やや高い","source_ids":["PEW2025","ABS2021"],"clothing_evidence":"宗教人口・地域分布からの弱い定性推定／着用率未取得","geometry_kind_ja":"位置の目印（面積を持たない）","geometry_method":{"type":"point","coordinates":[144.96,-37.72]},"map_number":154},"geometry":{"type":"Point","coordinates":[144.96,-37.72]}},{"type":"Feature","id":"NZL-auckland","properties":{"id":"NZL-auckland","iso3":"NZL","country_ja":"ニュージーランド","un_region_ja":"オーストラリア・ニュージーランド","area_ja":"北島北部オークランドの一部","level":"やや高い","source_ids":["PEW2025"],"clothing_evidence":"宗教人口・地域分布からの弱い定性推定／着用率未取得","geometry_kind_ja":"位置の目印（面積を持たない）","geometry_method":{"type":"point","coordinates":[174.76,-36.85]},"map_number":155},"geometry":{"type":"Point","coordinates":[174.76,-36.85]}},{"type":"Feature","id":"FJI-lautoka","properties":{"id":"FJI-lautoka","iso3":"FJI","country_ja":"フィジー","un_region_ja":"メラネシア","area_ja":"ビティレブ島西部（ラウトカ周辺）","level":"やや高い","source_ids":["PEW2025"],"clothing_evidence":"宗教人口・地域分布からの弱い定性推定／着用率未取得","geometry_kind_ja":"位置の目印（面積を持たない）","geometry_method":{"type":"point","coordinates":[177.45,-17.61]},"map_number":156},"geometry":{"type":"Point","coordinates":[177.45,-17.61]}}]}
